file,sha256,bytes
r67hfpx0v_v3.csv,54f22bc87f4f359da9155503b8218b2cf117fecd908f088a0354f204809b453d,33132
r67hft9hc_v3.csv,7c45f283c71207de0f886c7ce271683964e8c44de5a4c4123f8f5aab61968c99,32159
r67hfwvfu_v3.csv,74e0a440d5bd4f74be5d194a208dd96f790b9cecc45cf9345e1b817588f323ef,32431
r67j0uc8j_v3.csv,7ddbbbc5d04374210052f7a4827b08b7077f3b1ce8baded9d6425dbfe2bb3bf1,31962
r67j2dp1n_v3.csv,ae241e4f3acec3a7af48714db11718c5da8a7e0864622e6abbd0e601d568a2e2,31568
r67j33xhr_v3.csv,3d4bee80c338e29ec13d15ff1f6ff58f1d88f298aceab917e33c71c96979a80a,31630
r67j3s4bk_v3.csv,d0df410a54ec0ccc35015b18c838375be8ade83f5243d3a86be7812fa11937bb,31971
r67j79qss_v3.csv,2ec8e5eb19a60fb97a7ad53c361872480bf1d9c8ef282f429b137bc14f39e7c1,32004
r67j79wug_v3.csv,a9d875ae55741e58623333f5cea92a16052a2e431648e62d4c4be8c5b9d76648,32219
r67j7c5wj_v3.csv,7fdf38825c199ccc9091a991d7a5b76b6c30a0dc62dd242edcf4e070bc586449,32008
r67j7yd3y_v3.csv,ce4d1a00cbd98279414aae06854e4420202d449bad32c9e58fb0412fde512054,31374
r67jekjp3_v3.csv,c8d17fc733a0d4f0e8b14168a5e3ce55cf72951d2ffc0c897241849cd6bf1669,31772
r67jev6e2_v3.csv,ce09f370583fd856c7c53edee017c7bb64ba197529509b7a26ecccb0a2569ef7,32447
r67jq17kk_v3.csv,df051b3b8f878b5e20e03964e2f02a1eac75924482a7a879bc75dcdf0fc7eeb7,32635
r67jzxu2k_v3.csv,05092ad4c086a5ada0aa556f8049acbf932e788556dacb5b36bf7ab261c55a02,31592
r67m2u4jw_v3.csv,96022fe5327ce19f1fe484b826fbac04ec5424660039604c31566f531518f9ca,31333
r67mcmhcb_v3.csv,98765ab30515b4912758899572a8c3b43be65cbbb41ea5a55640dfc5a36abd6e,31695
r67mcwmnn_v3.csv,23be35165c34d20b463f3444bb3ab9b027ba562039cd18a6c99e3d20622d4b7f,32435
r67n1ptyd_v3.csv,6577f975d91c14d1b2eb3464ec6238aa85556ab5d3e28f7a6c993b6f00af61e0,32256
r67n3sywq_v3.csv,71299bd4849f605029e21899494ded2cf8ffd073123f0cacc1b980bbaf465fce,32581
r67n7e9wn_v3.csv,3e54e2088af1a7c28aa70fa3f0f73c2322221c944fe3c10fb11ac27a3fb3b7cd,32157
r67n93hrc_v3.csv,32d42a372f940ff7aa863a7cf6eba567855ac4d8fa0a6947c8b1a678c589c917,31432
r67nh9cr0_v3.csv,6cf302b165ebf2aab4e77d945be8e1d4ef115bd184fbfaa8efaf20febc091597,31970
r67nk28v0_v3.csv,8289a8f0de99cd4af62444fcf6ecf223d8f4fa07042aba4e96baf9235e2a2115,31552
r67nk2c71_v3.csv,0b18c97c59587a3b140cee7d3fbaf75e9c4f2a1fe9b3f36598d63ab0edb04444,31492
r67nktuw1_v3.csv,b8568a4d71b6112887c56c679f3ac292705ae968b8fedfcc1283ce166b7db706,32056
r67np5urv_v3.csv,3eab592377e417f0b845d5c5d0dec4f5ae094c79dd750dce7a34b138b8a5ab19,32046
r67np7sg9_v3.csv,375eed194809b5905fec7fb4f961bd7cd832f194f94253dc59bb482d02fbe1fb,32216
r67nrdg57_v3.csv,dad5e8e644f9840812e3cfa53ddefbca3db56f34ba59c6f60597ae1b05d74f0f,32399
r67nrpkqz_v3.csv,e79814e8cbf886f71263233d2e9fcd55287b4a75e5b76e74eef753726ac506da,32186
r67nwcg82_v3.csv,0e070a3aa3710d653698691a5b7d2067db19eed77ba7eb9c77ff88a5d593e72d,32020
r67nwx4xr_v3.csv,afe6485e3be9d8f9e1be07e9fea3d332041b3b2917d6427b89819ded0ce856d1,32875
r67pbb0pr_v3.csv,22164b39e5e2f5f74bda76df38f129ebb17a3f52bb2bdad773ece964a4fac641,34157
r67pcgfbb_v3.csv,37476b18f36b04073359bfee70d2dfa0f6bc7581902936abc9d1042ec868598a,34236
r67pfh1x3_v3.csv,9c6c4ee078cf2316df25fafecb2624b98634e5e239df3d2b1c344e9e02a7ca70,33966
r67pfhbvn_v3.csv,0c1c6825f3f9e88deee996506a043fc9b62bbb966e41aa52e8962a176860a590,33475
r67pft0ut_v3.csv,21d9d737c5dfa37fca763303449df044b1afec135d9ffda4196ec6e05dd7d626,33800
r67pg555y_v3.csv,75ba5decaaff96bd499683f4e72e2d16da65f5914e619aa3675dd747992948b8,34163
r67phkfq6_v3.csv,b0fa2a7c939f6dba972914d6d284bcdc122ff9821bc2c0765c3aaec75a80fbe6,33574
r67phyw0e_v3.csv,34392470475977969a0c0a7250ebc4ec01ba864efdedb81678a9b54d3aea492f,33636
r67pjr66g_v3.csv,c80185c24fdc75b85f0184e6c9c90763c64898d6bf931ec3b5ff8eccf465bf93,34404
r67pnn91r_v3.csv,076dc850d42b02f36def85a39847a24134b9e94362da7acfe67c8abcf960f34b,33727
r67pp80t8_v3.csv,ceee09df16970bda14312cd099d94f1d7e14edeeb5e3e2b8ca5d982833d6593e,32765
r67pqhwuw_v3.csv,71014cb8218b0653275d4817b03db0612c0295b7659f4fab52352459d75b0f49,34544
r67prh2t3_v3.csv,29c0bb7f88460f44f3e7a9214083a639070618273431ae04aec7462c1034851b,34154
r67pss91d_v3.csv,eee6fbafe712cef0b51d8dad4952b73df70c16fee5919a6262691405328fdf98,33735
r67puf5hm_v3.csv,f481a587b65ab90661d981303789fd9aae14e0093c6b0c50e4f930d97e03faa5,34204
r67pugs3v_v3.csv,f2786c564342843ece2d40e4b53ad63f8dc4f4d15403437e4555532b88e04e2d,33990
r67pumd4d_v3.csv,cc84e2b9ed8c8a2d3663abb073bacdf4a77d7f6abb985bf30f9c0ca23b7b7302,33710
r67pumtys_v3.csv,213a493e888fac3f8101a6c5525a024f5385cd70f49cad1d1f825358c4ef0230,34335
r67pus08e_v3.csv,2771a068b6602e738b72547d9935818f2da05bd8da5e26839ef2ea1fab4ae2ae,34455
r67py1m82_v3.csv,061983cee1ab458a008088edf414f1721ed283a8c230ead64eadfb37079d458e,34172
r67pz5kx5_v3.csv,52f57cbb2fdbfc6421f22968995a35e1dba197917b9d7ea21b52569fb6833c92,34646
r67pz5x19_v3.csv,c10f38fc0df7f1677ccb72a62319555907af8e9d92f39417f245ae2ab61f3828,33786
r67pzfu02_v3.csv,3c03dff09c67200b9cde2156675f77b110ad6f5131d91508081247d9e5967ca5,34246
r67q16ngp_v3.csv,ed426d974f2341cb08037b3e9192810e7595ead40d0f3c12af72cb0ad4927e35,32025
r67q3hbxt_v3.csv,8be94aa008a5967991c8079d5d24f036b23981a3e86db8502531ef4ae1150d2e,32179
r67q6hhs6_v3.csv,f13195eadfdd1cd5f94f4ebd1d74e4e44cc3b351eb19457f30db92921b06ec53,32142
r67q81n22_v3.csv,b14a4f8764b3ef673989dab78ba267f10e72fd5a71824724e4524eeba471cf8b,33009
r67qchrk3_v3.csv,8307997d9d1b52454e947caf5d000fc630d1e6652d2e63297ea994698693cdcb,32285
r67qeqush_v3.csv,8c0497ef082c82af77a9828e325515e2a254b649ac6073f23d3e0a974d21fcc7,32320
r67qerruw_v3.csv,1807bdf693a0694233458c3a9fc049c1c46b37ddef85bc82f2cbc777f9577589,32590
r67qf0jfs_v3.csv,a39d69eac0c592fe6fa5c163a1d1f1ba543f21f99afbdf04c7cdb37fdc2fc220,32421
r67qg3mwh_v3.csv,1f4bab1775507fdbdd78487ff9115e0552175cf7f0392160d307d4d9e48ea29b,32379
r67qgeytq_v3.csv,1f51865ffb47657276c5fd8d3d8749640951abaa11deb6861842f25c49cf35db,33265
r67qkbp09_v3.csv,8ac137dde15b791898c309a17106c56870dae570eec7fd5c84df31741b0a8a18,32066
r67qkg7n3_v3.csv,77c00b3c7a0b2c02426bda8a69b9397d5f58c80c4e801f944b96f769f90c820d,31670
r67qkw4xe_v3.csv,69dcdaad0f0ee2206654b7ac48fbc041a132eeb647c1914b0899478df8f830c9,32831
r67qmctnc_v3.csv,377aa2008853c323def5b984607b3dd47aff2eb5e14b07e767dde3181d1eac7e,32445
r67qn6drk_v3.csv,d5ab65d2a72bed19ff05f50c3bb1d3f9d54166caf74eca70d7416ed6b1eefc2c,32118
r67qs07zy_v3.csv,29cf6f20948957a38cfdea77ada899daf19c379aef4d7f450e76d4fde95497f0,32468
r67r1p5fg_v3.csv,b98cd7d15e2744cd15b33a61d3d47a94ea6dfc106cc9fd3027e4b73ed0e76a96,33755
r67r1puj8_v3.csv,9004b0de5353a8f652673058091cd6f8af0c65c57c83f9d062cf0ea4579c8a8b,33970
r67r1pwmm_v3.csv,10d7c2e5e0f5c479d4f04609ceda56f76f8a39ac59bd20b3fdc78f4b328f3e7a,34930
r67r1ud85_v3.csv,f7b5533ab4b0102837ec758e27361821bf66c0ec74d6b7775ab306a42643c81a,33929
r67rkuh8m_v3.csv,4a63029a8cfe8fe4dd49884538cdeac9643b2a91032d6872ff5b03b48df04de7,34444
r67rm9hmj_v3.csv,7d879f68194ae591881d4916a74956c781c6abe1585b1ff0ebee127194bab07a,33524
r67rv656m_v3.csv,3d1f9ba3fe6b3323f5c9de1b3889c06395614cbcfbfd171d8d1f24f7e6010c85,33391
r67sb9fw2_v3.csv,0b991270e86e85423c04bb9d3e496db56b7b4226c45cf1a9f9ab0a526f361e4a,55090
r67sbd1q8_v3.csv,7cbf0b9126347215e2c8fa1f0a03408855e71fa523a1f5da2ed0ebc673bc27e5,54314
r67tcvfp4_v3.csv,957436c254379fccfc27dd305e9a3d2ee81a653a457fef9f4536a82c53d0eec7,55244
r67tcw65c_v3.csv,407d1dac27ef33f5ac0ac3808e46c94dd2eaa4f3bb7f9a5ef3166b408e18ade0,51885
r67tdgcdh_v3.csv,43d17faac95fab66377778acf66f6fb13ad09e91913076e0ea5f6b44a38023f3,60758
r67tdyvnq_v3.csv,293cee3b4aa416708879f13e7e79204a76abe309cbd1cd03d765d61ceb34c862,60663
r67tjf71t_v3.csv,d1cb548fc63701fb16dcbaed2f8c7afcbafcf848525f870b7b83b5b12f53ccc4,61267
r67tq2xvg_v3.csv,240a651583be70fd88f078604682e380d1b9b4166b88c76dd0aa05fc43ad7388,60680
r67tqru94_v3.csv,4620164746560a916e3261d462e2f4e775d97c23e6e55a508e677dadd370181e,61385
r67trkp5n_v3.csv,8c285ae15a22cc197628e71a9592337ae772003e0a6117854ac2272acf9ae150,60042
r67ttwgnv_v3.csv,a67f91b2c8e6d9cb4f8b213dea2b03c2c96e588afb6fa31c8969b9e9a0b3fd58,61213
r67tw2k11_v3.csv,cb0dd669c9842bea4aedda17bb88e58f396d4975dc3c537880e45570fc2a6317,59936
r67v2jt4y_v3.csv,76ac14ea92bc46d20d0bcbb516df4cbaea3e688ae01aab37c02468212c752f6e,59808
r67v2psy5_v3.csv,1044a9c855b1afaad7f7afa8422506dc2602f840d4691e5cc13a9c26e9c8c901,60032
r67v2ycm0_v3.csv,e5489ddd419c8ddf1bb052d08ad00b34b16e356fcfa2d1efc2de75f7f41891f8,60274
r67v3jukk_v3.csv,46da4d89bf23162c78f5b876404e78685112479f26ef795d5d3e550195e6de1c,60622
r67v3p07n_v3.csv,d465090970dde95024cd4a5a4207a52cb0e52b15f312775617eae5c99e4e3c07,60253
r67v9rwn0_v3.csv,0ea3de0c29ee90997c759876ad9a6d945349aff260a99b8fea629a155bec542c,59825
r67vcden5_v3.csv,fbae2887a55107693b2e456bad4ae07916cdd851b720d903dda6bc121c8ea096,60571
r67vcfbuh_v3.csv,18876bd9600f82d54f2566d8ecf3f5d506f65131b854988358034f1eef52d89d,61640
r67vck8k7_v3.csv,b88b709a7459b65de882e1dab97dc012bb65009ed75f3c4ac5dac5dfa0d48d1b,60736
r67vfvqh9_v3.csv,59734e3ceff868f2be43bba43ac17331183dcc09e071b78c6c5d8bac5c4834d4,60078
r67vfzkyg_v3.csv,94355badd7ae4e9913656d9ba38caaa3edf53cf9efeb5c3fd1eb57c9fb4d58bb,60342
r67vg3b8x_v3.csv,281b8a061728c6b3c970ac9eebe573d7f3989e3d1a6d5d4bd3350a32ca47a8f5,60502
r67vgr4u8_v3.csv,75f05cafa4e8a364df18de437e1f2c37381d83e7d93185eee7e4c6dc58a37c33,60498
r67vgzf1g_v3.csv,064a4d7df3fe5ba70d1c5ed781934ec25a96b434a66ef5736ee93e425ea91f50,59893
r67w0n8um_v3.csv,e822cb48a1394dc5ea72d67235234df30f301b0ac6a6090ab2089588dddc89f0,37799
r67wmynsf_v3.csv,052ef325acffd44d07b51333edb04f5f8e52422297ce9ca0dced56459375f89d,61504
r67wr3314_v3.csv,4e1686b7cc68998bcae0a8ffb3a5213886aed8ee955baee7e5d0868e135710b8,61722
r67wrb3gp_v3.csv,f22b1d0b62b0b8b9f89094e27d3e6d7a6ecc9bf75816eb66371eb29160947fd2,61494
r67wt6bsg_v3.csv,57c2485803fff1bf4dca7673031b85bab7f8348103157d3d2d51a7562da3d563,62026
r67wt7ym0_v3.csv,d8bc382d46402e05dcd98d8277cbd55d922a1438621cebb77d744b67d1aeccc0,62365
r67xnz7q9_v3.csv,f3fb374fd59f46257ec4eab043e4a2c0c9e5f85faa759b785f6c7465bc6fa488,62822
r67xpe1cz_v3.csv,e5b12a8ba4a0b718c54c9762f00da86b9c02e2edc922ea27a982b592899be78f,63066
r67xwfvvv_v3.csv,057495db262317bd04abdec1d59ee5b29ea574cb457ef2d9ab0aa5ceb3671d48,61670
r67xxs8hf_v3.csv,e344486e74ecaad1c3b53f860cecdfc039ef304c9f81b92e692cc9dcf4f90c17,62821
r67xyzdr6_v3.csv,a9170236ee6fb53421f4b8089ada0a1f12fb28f46c2cf10f37f65c740d178a13,63364
r67xz4vz4_v3.csv,a97191e4572c3e62f24be3a5f95e6696a176fb55657b001cd9f49779afa344ba,63598
r67y5xbgg_v3.csv,2458f8bc890286a54b5da935f870019cab178d1b3ee1e2711f7781b29605d4b3,60185
r67y6w05r_v3.csv,cb8a3cf4852d06c430601f25e0287868de3c785ac9264854003ba8b2b7314b1a,62752
r67y905p9_v3.csv,83eeac945286424855e9b80411ded1b8811afcd315b99ce01b592f94cf73e010,61563
r67ybmx5p_v3.csv,af79eb920f4cf0dcbd61ba66cb35843051ec30ba011a190eaf9d22012ffa9311,63233
r67ycj3gm_v3.csv,6e7469573ad3bff2e59a9098c6f07a2756953ecd818b2ecbc47d5c69dfb6810b,62159
r67ycmvq6_v3.csv,fb08acc4a5e133ced7b9af53937270a02d0b8b227ac83e80c4347a9250c662b8,62145
r67yeqdcr_v3.csv,14637378b086cd734a4460e141c999d22eb36e20d234b01f09ecbcbf3f2d4815,62613
r67yn7nyd_v3.csv,8fb0e9cfcc6e3cc697a85b38b3d7cf21a47cfee27c77354debda7e278aed206f,40798
r67ys55mb_v3.csv,d8f57f7c2b090216b69c3fb7af4871d6d0901dcdcf2abe1cea59e7c2e1dff6c7,61759
r67yve5ey_v3.csv,7efdae43e21deb44bae82e7f404d344d028a1a3b94b862fa1cf9f5d1892a8113,59672
r67yxzzs1_v3.csv,97040a3c337105df5f4c8c6ae3e493367ac95cf3f8fe2b96a1cf6c199c0e522f,34674
r67yy03b9_v3.csv,da7eab8448bb457d55aa5af260a0db4b98cb6ab0e269b444af2c10865c78da02,56224
r67z71zvq_v3.csv,5eac91e502c45959014a3435992cd243247299e2faa2b98d05e4b854de1a6a63,62231
r67z85ttw_v3.csv,4a300db6c28d4275279a6bf85a06f1377f3596a90d572ebb4bcab9658e538f37,62093
r67z8f07q_v3.csv,bf1b2d176253ce951f482ebb398c11f2c4672924b43a87ec81e595a26ede9535,61196
r67z8nyw4_v3.csv,77b64bd8bdc943a4f14c37d346a0dd19bcf0b8d6d0ad0c73e14d3a75d045db52,61861
r67z9mh2f_v3.csv,2f459a39e41e86828efef4622a2e77e3cd45af453687c8caf28fcbd7ce363656,62869
r67z9zrcd_v3.csv,6af6b5475734753cfcf6e06091f1e8896076c1f49c3854ed0162a7ad9e2f18c1,62031
r67zbxh6n_v3.csv,b5c031bbdf67f8ef33fad70b1a54b098504c8e6bfd78acec3655914b109454f8,63257
r67zmd80c_v3.csv,5e54a30489d891c104b326b11d8db52765543d1edd88824d757f9baf93127cf8,59564
r67zmfz9g_v3.csv,84300dda6467bb325c4077877a220fee41d02a19f305e78fbe6393245ac1044a,60546
r67zu3zhr_v3.csv,2317a82c2604677212c0b117161cc29c24e8f793f81d0e8f1c5df8df85518e6d,62211
r67zvbm1t_v3.csv,858ceaeaad807681c9875677b69595560d3108c081d15a2ad96186d82c273842,61952
r67zwcz34_v3.csv,9a5da0c710ade2408161468ed847dc42b0bd631c1a514cb04ad0c8eaa146d9da,55723
r67zwybnh_v3.csv,87f3bc104f3995c62d0f563012e962d47e99ca8e153b9abb3b4bb8f1426cb0f3,59237
r6e01y5jy_v3.csv,292774f63295fd5f5fd97719608b41c7ac8116a4f8d54d897aaec28d4ed5ccb9,34328
r6e04k7s9_v3.csv,b5a82a0aac9845f5579baa2300daf1264d25c1387f9a4595c508bb6fe26b513e,33414
r6e0gme7j_v3.csv,256f84444d7e17e081b25dc9daed30448f2d3bd257441e44d305fa23b1488cd8,32697
r6e0gw8sn_v3.csv,143dcc8f7e1c8c5c659b011e74c26d10d8bb34c75548bcd1c6c39e8bce1dfd5a,33016
r6e0pjq6f_v3.csv,c2e9436a072101ef9e74c357fae0050e187c6bf9cb7d40684933f21813a293f9,33329
r6e0tk90e_v3.csv,249d50aae2d6907d7c4d1a4959ecf6d67ee2be1efbacbc69b362fbc35ab1fb47,32768
r6e0ukvcx_v3.csv,eef17712e1ed6c41a19562996d0c006ed3e22c18b8230123ca5b4f80e6d38705,32511
r6e11bk8n_v3.csv,8f0c12076cea1a7d84ea43dce5bc577717f8868811c9955ed846465a039ba091,33083
r6e11hyy6_v3.csv,e819df885c6825eaf3b0c3ca484af9dfbf4c2564f561b1f384177153fff5ee37,32991
r6e16rkkm_v3.csv,d763759354b3380568ab70e585f680410dbc4e0393ea756d6a36988bbb91b2a6,32775
r6e1j2zc9_v3.csv,8e33d8d9bf44237e19be7ef25cc8d479a05b8e2237f39d9a1d750cde2013a157,32889
r6e1j8cn5_v3.csv,f745b6de64a5b29801ae3ecf080bbe350ec1320fda6d887ef10fc775a75306b2,32504
r6e1n59j1_v3.csv,c37fe6ff8262776c07dc8abd36fee0035a3b7dd960226b375c55a12c9daca3ab,32938
r6e1n5utt_v3.csv,db6e0e6e5ad023248c19b21e9992fe4432b665c541b653c964903bcab2a942fa,32936
r6e1nhpz4_v3.csv,f101651f30d9a78d98602f0262e569427e828f46344d49de7d81027153b9aae7,32262
r6e1ntcq9_v3.csv,67dde889e346157a72d086253c0da6fc7dc746d27ea8a64c006a91da7d871407,32198
r6e1qb313_v3.csv,7b77a9e3710f11cc87cc340aa874c37619ef00a78d7c84ad0e868b6e05d9f98c,32501
r6e1qbfcb_v3.csv,0ab3d76106a3d9e3d4922d84c409fd3e6992795443728f87f14b861c8f8ca2e0,33201
r6e1qv7rm_v3.csv,9665dbddc1e9b26b3be94cd3a6ded47b6ac9c62130e2a803f50203c2b5521e78,32377
r6e1qvs35_v3.csv,99e835ecf4975eb86496e7e47cfe4a71395775fbda76de2e26380d02688f7cc2,31897
r6e26hdfm_v3.csv,2f47fe59458e14394564f1f91fb52f111b2910d7a4ef2e96d113267a7a612f73,31966
r6e2ek7du_v3.csv,8b53a09eef1919df7a6a4836a9d44352a15f1ebce23f482c7af97bb5928c9dfc,32853
r6e2es5pt_v3.csv,1f89f42ec1d6a2311d6f7c64e0160665c6b8b856e3a6687c3f0c5010b99f54e0,32725
r6e2yv9uz_v3.csv,89742dd32b5c0b9f68716232bdf4ae3c6f0b32dde77f342176bbfd579d5c188e,32112
r6e311me0_v3.csv,deb182a8d67ff85e35e004654941c83b0fda140a52b6c536a519775e27ca5cd1,33605
r6e3czxhv_v3.csv,4a5e5f6813f3304300771045538d7bfdc1d989bd2d2af6abef5deb3f958e3b26,32637
r6e3r56zy_v3.csv,efc6266d6b15d92f517e198c087d150ffaaf1123c7d5990a541e76900d8a07e1,31711
r6e3rp4ze_v3.csv,2df7640d1138e4c533ea319b60c2a05af2772aade9990eb8afc9ce042ed39d17,31849
r6e3s35dr_v3.csv,9b5033c97df19e5dbea0a4dd0a83be4f0b5da6f35625d50784c9eb8d62861bc0,32007
r6e3vyz0w_v3.csv,a3ed31709bcfa2a18617fe0afb880b51f56ce33fdb4638fa6e2c2c0e62b14f95,31835
r6e3y6rqw_v3.csv,0669944f87efbcf0111c434177f346a89d2597d8f19db60155f034e6501e9aa6,32001
r6e4f6ggm_v3.csv,44e5955bf5024f5a60e700d575ffb0b1ca2564a7359228ebd5f49f1317f637f7,33686
r6e4j1umf_v3.csv,22f7548d9f1504438e12fa3304eef355c657dead7094a31e974e36168937e3eb,26706
r6e4ucx6y_v3.csv,e43dcc956837c5a24e3250e95ea1c8ee7209033f314bca0303587768ceab6593,31274
r6e4ufrd6_v3.csv,c60dad339ab02d2610fd9f092e7f2f6ec6fc0827a20b84c2e33447843cba999c,32154
r6e4ypm47_v3.csv,aa55af59fe48586a26ce166a3c9ba60552ee0173043d02a8d26b3a1fe0d53d30,31490
r6e4ypqjz_v3.csv,78ae3624e004d6297f40f2fa23bbaed47909b50d00a424f608c1d07085b3ad7e,32202
r6e52z12e_v3.csv,6f52b45314671e93b5c803d87b85ce24bdbe42eca2f1b0ce1b7e0e7f7497b2fd,42688
r6e57cqj8_v3.csv,1345dc81b27f8b882fd49fd03b01984b04f6712c8081b73562de0a23892435f7,32678
r6e59rvx9_v3.csv,b5e7c9a3f4ba86d6bb3da04ea746c52b31248eec71368d1d71c5579f69d8b931,39787
r6e5bfvs2_v3.csv,d1c242f5874dada01a7962b06032e1b588c079c6bf6838999adb355d778766ab,45470
r6e5d9jy6_v3.csv,2544efc66ec78852844c10e9da3ab7a18c2dbdcd736b52abc319a6ce22673490,34193
r6e5epj0x_v3.csv,7d02c7b2872b395dc19d0511437797d6fd0905f34da83ae97c28482c89390fec,34220
r6e5gy2wp_v3.csv,425c162937b8668778a5374daa5832b6b3616b5bc27b686ceffdc1de58675833,33736
r6e5hys1b_v3.csv,310c21659de990dcf2f57dccafe8abe2def24bcf66ee15aa20ab6290d59ef0c8,32390
r6e5jcmf0_v3.csv,b1404a7b7dec23bd7a74c398db424f3b49c7256accf0f0d871c79a8dd548bbbb,31627
r6e5n0242_v3.csv,5d117b3121776ef37390d86970ae56ec1494dead1feb36870c9c548f23e2b3d4,32574
r6e5n0bu0_v3.csv,dd9d5eb983f6997ebeb6750660f9ff27f0443d5086661a91b0643480bd03fa1c,32997
r6e5n0ngf_v3.csv,a44184bab69a06a36ad9ecb89866085f07b1a710ebc73592e209e774c8ea021e,31777
r6e5n14pv_v3.csv,98891fe5854a68b9b90304bfd8058be2f5dcb8a27a7f722f4d1933dad185bc25,33277
r6e64s18v_v3.csv,2f61b0c83153314f09b6e99dda17c1f8c2baf4be90a210f9da6ea7cd8e51e8be,32172
r6e6cwt6y_v3.csv,e524758f1a10780ee3b29ec6a835b14301a8e7c6a652ad67bf72f0f9d51cb0dd,32003
r6e6g5q1m_v3.csv,07b55ff308e61e141e36d5262dc8ada7e84b1e650682d8dcc2003ca420b46dce,33171
r6e6gh0c9_v3.csv,894d2fab4b9042a7042d1a8d28dc55bc4e18b9622b057cc89298939630a2831c,33325
r6e6mzqtg_v3.csv,c3d288c67e897ec826716610163aec9555bc259873fee1d72e9a4299f2c5d9ce,32733
r6e6pemwk_v3.csv,fac72a02bae5be20f29c9f633b5b35fdde76c5c5581463a4a0bcc5f0db951640,32038
r6e6xgxmf_v3.csv,043cdb638413a2be3e75e5a08579edb60ac5e02baeaaa2ae3f622fc846aaebdb,32297
r6e6xyrgz_v3.csv,e2cd58f0b302e50614892513449b551c89d1c27e59f0f6a681d142e28e90833b,31662
r6e6ytb08_v3.csv,80b1c4a6a095a4bb2067d144dbbb4f735004b824af38ef4b4dbbad81efcbba1f,33011
r6e6z964z_v3.csv,5c090a08a33b7f7800b23bbf90467dc3a52d152d953fa30373a0e51aec20767d,32601
r6e74mbw0_v3.csv,4ec94c335a1856f02ac240f20d7c660ec59b194a14fd7c585e41ef258c36af91,32323
r6e7j0sv1_v3.csv,66e83091260ede2a145e2d76113aeebfe11434c05cc1b808972dee756337dfe1,33157
r6e7nets0_v3.csv,413a26bf45b0ee725a11abeaf4639c90af5085bd21a740ece6db50934859ca07,32530
r6e7nqr75_v3.csv,e2d0c2c9209d167fd7a65d4180a18db5832bf2a6ed1398b6833bc9551d397dfa,32774
r6e7p39fz_v3.csv,18bf91817bc690b7dde2e15b19cf39937695cfac9c58961e14f25f01aa983bb5,32309
r6e7qvg4v_v3.csv,c2c6fce0e11a50e9e82575fe2dc21695c66d3b90cecf15b4f2a24c517654fe89,32447
r6e7rrtmw_v3.csv,95e1eb781950ba3107be5a8e3b82ce43826057ce0a7db88918e5ff545ded98c7,32024
r6e7t897q_v3.csv,2d976ffa4defd3808b335a513528f1a7e11bc8e0c73acdb688d894b1d6155046,32963
r6e7w215z_v3.csv,23efb791f713188abc3cc324df1c63b75585a931a711b53df2f193eebf41a481,33143
r6e7wr7c4_v3.csv,98569b30c8940e147a3899875e2f381afc9454d961d40704c1cd28b0e076cfce,32677
r6e7x1y0b_v3.csv,0f51ee49832bcd89780bcf3bd8eaba536a092e062467d19b7fb1febc326237c9,32139
r6e7x25gv_v3.csv,7a39db3c8711dd85084dbf7fefce9794b226991bc15768167c3c7fdfba0024b0,32607
r6e7xjxpp_v3.csv,bca1ad1656c96905a5ee1b30ea519cea564ddc78238cc54053ee8c67e53ab261,32179
r6e7yk9uu_v3.csv,48790c63b367ff77128007bcbe2a201e668bd93f16babbef04691b5e82a11090,32655
r6e7yz95m_v3.csv,38b3e2c0edc94e2741839e74339b6d7685d12b7bb32b024c9c1b9790bcfabcdf,32626
r6e7z17jm_v3.csv,782a3a3b88f1b79fe33f7f577447a7b0916a97ba41b776a7133b50f37f4bbb20,32165
r6e8ercwd_v3.csv,a5c1a503bdd6604aa9287c245d0e67731c469d866fb5089f2e71a9e5215dfeab,42639
r6e8f1jj9_v3.csv,0f6b10e65517db6170fd39a4ae6d0794da982c359876a76f8eec1498d5b84183,33017
r6e8fh0fs_v3.csv,6a62acda0b8fefd94f2a745ddb9dc7637175f89eda9355dffacf508812b41eb2,32745
r6e8p5qm3_v3.csv,d7f17121aec7bcb58dc07a3c8c1c7460388039c744385d91ecab80a6e99ac7bb,62872
r6e8pd89w_v3.csv,faaf3a26c76d27e136156f4bf600c6f42b119ec47549e6cc1ee452d071ea3d55,63509
r6e8pwrce_v3.csv,80bd04b8894290a19f945800975b395f529b1afff0485a313a5fed538cebfad1,62393
r6e8qm8bw_v3.csv,65dcbd4a5f843d31383c6ca51374aa031d1ee2f671d130391fc6b36a4ca650c6,62452
r6e8scqhu_v3.csv,8dd10134557676ba8bad40e4caf6f8daca375009e951ca14891ebb05858a229e,59224
r6e8tz126_v3.csv,613841ab20d6a54a417fa905085a542c8366901de9eeb58651bbd3963339770e,62443
r6e8uhzkn_v3.csv,8a998e63ba376b256cdec2887af4605b2f66271ccbaa08b2749ab5d1ee7783b4,47102
r6e8vcd23_v3.csv,58d9b7327e19fc072ec1925898245cc728011198ce81e4d4698e1305d95d603c,62602
r6e8vfy7x_v3.csv,7d873ea9a171ab1cc619c5877c40dead4755203eb63c9deb9514ba82cbf740c8,61927
r6e8xp2yb_v3.csv,3d3c1e1592951b03f8dbfa978b17943d725dd0c46be7d6880c5184a44f6b1ea7,63649
r6e8y6pk8_v3.csv,b252e00475fc8e524ecdb2bdb0afecc4c2fa5c2e77823e8e99718e068f55ae4f,61331
r6e8y93s3_v3.csv,f6e1c0bffde4a298ae8f402a1c4c224aa14fc5dd90a9dd224d5247a11f022774,63388
r6e8yb6hn_v3.csv,3d5eb6b5d09c0b09aaeffe17fa9c1ce152f7b081e8f6a1b5a84f44124eb7f866,63151
r6e8yhsdd_v3.csv,87fd4f4e99679b49d9731318e99c07e14e2c14912d6ab82d6cf58e1c95796632,62114
r6e8ymuxb_v3.csv,0c8caaf8a0442171639763bf5394b8e7cf7b2435cde57887cc4892fad29473f4,62030
r6e8zv7fq_v3.csv,e95ba8d71faba377fa3fc403431da1a26c9e534ad96376ca674ac704428a0c89,62664
r6e9hvtd8_v3.csv,c7b3e65315e7551ef2195303a7a173c0354834c37a4cd2b7896268a2b31e2de9,50152
r6e9jbpn4_v3.csv,d3bc01b4974b2d2a795f417771241e375c62ab407fc05b28e19628dec6a9d3ef,60767
r6e9je21c_v3.csv,769d14e61103916f02ecfc2e63f04e29f5296469f3e612afb475427b75db9003,57208
r6e9kg328_v3.csv,8714508aacc54281eae9b334ea2f2b2c71242d31e43a571356c4117e2d4faf39,47407
r6e9n33pd_v3.csv,4fdadc1a1fa829940b94054fd3d14e052f0c017709d319bf16f83400ff9aeee1,61680
r6e9nr6xp_v3.csv,0e47956b348826a80b071c326cb93e7aa5c1bfd16531665e5cd52d92d7858b26,62316
r6e9pwn00_v3.csv,36c83ac455ba79dcbe4aef3e0303d7e818bfe01161ac4acbf86eb1e81f2777d9,60747
r6e9qq4qn_v3.csv,45c5910a54f26478ff5815fed6b7da40057049da3aadfb528c69c3d5625c8ec2,59390
r6e9qqu39_v3.csv,b9ae41e5f440577acab504a3ff386b0bf5ca45fb70914ee1a8066941a2e4ac58,60474
r6e9reuhn_v3.csv,7e71b333c07acc9026568271b80344f233c95c791a8415f789e9e369e9b86f0e,60069
r6e9rnpjh_v3.csv,7cd4682c806219f6ee4cc7819bc3fedfdd1309bdfb3527bed50cb827f2151d25,60456
r6e9us8ym_v3.csv,ce882e6e557174f8f042da7dec9dde0a9b29297ee40d7d9b0f00c5b0efbb2ef6,42160
r6e9w2h4r_v3.csv,0a54afcdf13766c1088b7cf14ea712189ccdc888eb3053cbd9eb2c6e68251ebc,59301
r6e9wcqer_v3.csv,d0be1ebc6d646f556d8b06c2b0d622dffe7e5cba24b78f9893c4b8f662022452,60440
r6e9x0f0m_v3.csv,f60f6182cd05d69275b539f04a2e0d7ff12dd78ad908289fbf9b5d636d43b006,61259
r6e9x11wc_v3.csv,40881519cf97a1c3e501dfaf99e06bb009b8c3831841a3a0101050f092959b84,60992
r6e9x6cyn_v3.csv,b3ab2ca10dd1dace18fa4d244dce2078ffac018e18e3ee93023ec5f8104a250b,61741
r6e9xz6v5_v3.csv,fdf962e447cdaf49df930cd5e0eda5317753472e204ae579117a58b62a2c05c9,61483
r6eb0ktfd_v3.csv,e20821dc3199dfb15f698aeb3ffd5d178f470deea91c080ae038ca4bf8870088,63074
r6eb23ky2_v3.csv,cbbfb0f4eee3a95b63239d3c49415f3538eef26b4bf00d68a32e9944172c91bb,63237
r6eb4d655_v3.csv,97bdebc16832284adfe050b8b14ff43f328a9f8527555d7a1680daf3adaa2a14,62967
r6eb4ksf6_v3.csv,2f0c90e6d67aa28b5d35fae052da6a8ef9a4fb04602566bb073a35410f12066a,62731
r6eb5ej1j_v3.csv,303fa95075f23f0d9723d03d74edefae3428f2c887a46cf20f503b1600d461db,62382
r6eb624c5_v3.csv,49390d0291329095a811191d79d18db055a2e51fc9d8daf90d39381b3fe52e30,62126
r6eb9nety_v3.csv,bc623dcecc3133bf866f331c220cc111030d6350f7ef0c0e8178c1398fa92b7a,61229
r6ebc9yb6_v3.csv,4c6df265223b4b05055d4b4751195be9ef89ebf25f9433510e82b6da7670e395,62229
r6ebdue3z_v3.csv,b4378044cc5bd17919aa0729edeb7173495d4d29dacca2985480e691aaaaeb86,62312
r6ebffgbg_v3.csv,facb25eb5ed6242cca48177b7fb52d82ba41432e6be46a95ee461ba2ef20632b,61100
r6ec441ts_v3.csv,ec9e6d09b2ab9d563ff4f8e61dd3f01bc629afc66c1ad733ae5d3366a3ba2059,60832
r6ec57n0z_v3.csv,966377a37705feb27d2842caaf609f91b424c610c93c649c061142cd6dfb70c9,62205
r6ec5p7w7_v3.csv,0b98c0514f3ea44c046d1a16da5d1e3c3a2d46bf703f81651bf2662045090c04,61386
r6ec89j7b_v3.csv,e7f24ea32f12a5ea8c59c185f14a497dda01438006abcfc6765e66ab701e6d81,61780
r6ec8rj8h_v3.csv,0e83b807580382a27d46cb1e877484b89db3c06a0da04d6d783877998056911e,61253
r6ec8whv4_v3.csv,1f8d2c1116b4fd663cea9c7217619bfb177711bcf096b177da2ea12a112dc017,61285
r6ec8wkuc_v3.csv,78f8929bf2b094ee011eca9c2633c37dc86058375d832cee7f4d85d9021e4ce4,60596
r6ecbsg8v_v3.csv,c0a4532dee13f39ffafa3787e6fea9656d2b336c7c4d4022e39af32d98df5fef,61737
r6eccz2ej_v3.csv,35c8bfc3bf487fb2e9d46b6032102b4d0d9a34c6775b6ec2efc87be3dc7851a5,60473
r6ecgprfy_v3.csv,940dfc715f75721febd6db64d70baa2a38a0e50b3592c23a55875fca4a9e53f0,61714
r6eckb9s7_v3.csv,4bc5fbc0682beb44d5477a4e29a1256f25c6db212a5a6e82c4d002855e940907,60151
r6eckcje6_v3.csv,d458b18e87951f8eae15c12bd4e3fc59a94c7a837efadef75d497e3a00e944c0,60638
r6ecppcxc_v3.csv,16311ee631f62e3ef0b23a3573321cb8eb73d954bba056d74bf91d08016fd696,59377
r6ecpr2m9_v3.csv,0b1b2eec61cdd36e3379cf8cef0784c37222deb25eebcbf642e87e2fb452ffd0,59534
r6ecr3je8_v3.csv,da4cef64ea0c6c076d401b83a7570507fd615e6171324d259383b360810eb3ca,60097
r6ectk2t5_v3.csv,8580b556fa995670adff4913b5fa2dc12f919793b5c291ab88d4d7bdc4740b6d,62081
r6ecuke9y_v3.csv,e81b868e4f48b8c4a8d6c2b2339bffe3d20501071e34cc579470fa765cdef1a2,60970
r6ecwr88p_v3.csv,aa1250a3158e3c3c79146328adb3527487e7533ec575152bb589529a5e94e71d,60375
r6ecypzcu_v3.csv,8faefc73c4c8c8e080bcb71339d4d931bbfbd4c686bcbece0c65a145aa406780,61556
r6ecyq34w_v3.csv,84c0ebf15515d77bcf2643aa82335b8abbf7db27b01693f3740fdb2b3fdcc785,61252
r6ed24tgk_v3.csv,c63a494d86fb472f8ebb2226d878ab5637da1b9285941146565559843974e700,31798
r6ed275ej_v3.csv,2ab0c8bb9b831b5c2a2078898b303cec9c89462ce94beb856fb61e9b3d410086,31814
r6edbwn8u_v3.csv,1805a2aaa833a6917e1385af565051dbdc3da227c348a3a9986b1335ed661855,32042
r6edc89pp_v3.csv,208660eca66d5b4124b806691537a8bce540c5a2dbffabc17105def72f106913,32649
r6edj8mqh_v3.csv,abce390ca7a1a30771afafacfae0033ab04491428293ae78d9c8521432c9d3fa,48619
r6edpb6t3_v3.csv,296b7df94ab2f66134a983e825dcdae32f96a599fa2ccd1042d26b8dd243e617,61181
r6ee06p9w_v3.csv,fa4547c4dd044ad6d158873225a490e78965cfbd38ad2f97304d0b37eaf5c497,32839
r6ee2574d_v3.csv,59384a6c754f1e70e344771c00eda85243de2073048b40f1c28c2b71aab61354,32235
r6ee3x83p_v3.csv,402bb1dd36bd2681cebcb7a8d9b94543ccc84845581ce1ad44ca8fb36be105d1,32366
r6eeqq2fk_v3.csv,f8844a03ebcf453ee94c08ad2a88f278ceb305a08ea5115e14c901fc8cdce9c6,41710
r6eeqtr33_v3.csv,69f3224644ee7a4daa46388dd399b7d68a4bee624c8176f34fa193271431da41,45669
r6eer14j6_v3.csv,9559416bd666c5fe91d06a0755dea3761cd94f2f7d45cab0680786c6e612b602,47631
r6eeu5tnn_v3.csv,cd646e3482a354a70339edc94645a9aa3b8546ffa3d5882289c4d131d30d04f7,32378
r6eexqcfz_v3.csv,b132a105e79125de6ef315acd979342952181c9ebf9472be945a237244bda43f,47073
r6eexqd8u_v3.csv,f2ca943a7db1b734e2d0f478bb969b0fd8b39d80a02b51e2835171eeb06c6755,47059
r6ef06rp2_v3.csv,b71ba15a5a94380dcea3b5f11c4e639114b119c070848abc76a1a19354fda0fa,60851
r6ef0k3v6_v3.csv,5b8bebd5fd96d1e95af4e06afb33f171ce6aa39970b5fdc2495f2d8f052d7bf7,60399
r6ef0rj1y_v3.csv,5e006ad448ba5713a5a094e6eac118c03aed2925d220da373dffce30653a03d7,60488
r6ef0xmgn_v3.csv,3eaf0f326cdee8ada8550da65ed7392edd60c83b4ee9ee37c81e85b311c42bc2,60091
r6ef2grk6_v3.csv,e7b84f8eecb5f26b8eb50109c7e8fd743cd5a05525539e4841f7be8379cfc80a,60249
r6ef2kd1u_v3.csv,4804165bb543dfba6c843963dd31f0922a2ca0678422a233d0d75392185e778d,60941
r6ef2ug9g_v3.csv,e04f9376c8c5c78ef2dd582b75fd70e641690a69bc72dd99cb22bb8f542977f4,60547
r6ef30mbt_v3.csv,aa1ab9aec15009e21afcef441d4d767c0533efa91fa2b34cc7f2484f4e090cb4,60530
r6ef3fh70_v3.csv,8bb72419243b3d023ae4a9874d417e741910ac008f5ca21721cfb2115dfd4bb2,62255
r6ef46qss_v3.csv,f3b33514e4765352bf77de828c11c55e70072597e875c6a1e4c9c3cf8d9c3fba,60497
r6ef5b2xr_v3.csv,b98bb984a94279810708b8da6cb8615a7ddaa835174e5b34ebc77fb532626f6c,61528
r6ef5w2nk_v3.csv,6877b0c6f16d459b9bec8cc03c20dbf916b7dce0c413cee36e449ae3d66b4c14,61822
r6ef6tx68_v3.csv,ea1d16a43275c31865e1cc3dcc18d61cabda93a68af542026dbd7379bdf67618,61500
r6ef6u8fq_v3.csv,c03cf65c77636d74b6a9e9241b8ba2a232bde90ccbfb40270b457632f5f98614,59758
r6ef7758t_v3.csv,fb24f9308a021982bc70622bdeb04fad0804cec51e1a751a31e72d4a57fd8e2e,60270
r6ef7u0gf_v3.csv,6d7b3e015a1b6e3c670dd0da3230bcc63604103c1b2d94e75ef7f9866621f45b,61643
r6ef8j7sf_v3.csv,1394fe56defd6dde696552c4aa42ba8795489a15590e199a38d9e79b7d806b5a,60637
r6ef8rgmv_v3.csv,a3acf64f2168460dfab7b9d15d2a48224bc46bd7a50ff9b90e307e2238b3e875,62200
r6efb8bzk_v3.csv,e8a139beb6c282903729e156f9e0eeba70cdf6cca9e88f71cf4b1793ff2deceb,61244
r6efcsxhe_v3.csv,97b0022aab15dda0b500b2a510911eda01b08da428b6e0c68be27798a255a452,61177
r6efd1j3u_v3.csv,377b3d57c517b2e7e29f1a675ba1e33556d192e7b0a408554a26fcf5bd17b5f0,60910
r6efd39sr_v3.csv,bd51ea75cf71eae3cb5a96f484c485e78e29f8c216b9d61edfa4cc65911ad508,62356
r6efd9446_v3.csv,317478063800880a123710fd1e1fc11f85cf3b577e20e9c56f2142ef1a3a2060,61200
r6efej0yb_v3.csv,9c392457142fe54d81c6d37d10d321e83d3c3794ac7f1df47e9a32bebe1ac444,60842
r6eff8sur_v3.csv,475c65448e6f5218a438b10c78f5fe53022e564a3687047a7b81f18c6401e50e,62136
r6effcgqs_v3.csv,d47f8d65fa0ff835c62f0ca7abb74cc8bd0ca5f4e08ce0c61123106431903dcc,61084
r6efgek29_v3.csv,9141f075bb584c9eebfdc7a265adc343f2bbffbfea4bd3a742e7ef00a9d4ddd4,61974
r6efh08z1_v3.csv,d5ad8c64c23ee385ae2344bb6ce072ea1c9a006b1995cf851ca10ccce4ff7572,61007
r6efj3qx2_v3.csv,37fbb2a05ff7fde7aa0036a31c40690154eb8f7172a2ac4f10cc2f215f02d201,60952
r6efj47k1_v3.csv,d0bd28294ad1e927fb01c2551c262622d46bcff32c97ac2303630caaa52eb631,60354
r6efjyrf8_v3.csv,01b15128f42b843171e9e379c3f45e282f020a6c543160654a884445adce7ec8,60246
r6efkm5bq_v3.csv,8560e5a50a5d93f4435c25cc509e9030ebad9f151bfb74426a72dd3e41efd030,61464
r6efm4smj_v3.csv,d1cb4b30cbf3cc8f652214cb87d33320a58fb6761d100fec4c78850b6e58954f,61600
r6efmfjkg_v3.csv,5ff23c06c66098b21bd00ea415c41b55b2b2213511083acc61d58527e10dcb1c,60820
r6efmv25z_v3.csv,5c082a3ae9528792d83a330e2405525c403e90d3ffc9145482d725300a85382d,61256
r6efp8q78_v3.csv,6706b384f655192f1af02426aa2ff46e3a7f207a0b5181f9f2ba8672772e614e,60847
r6efq1p17_v3.csv,9de4e4aa637884fae836e17a26cea1748c3e7f7dd6cc50e0320b26d390d7dfc6,60189
r6efq1rks_v3.csv,5efb24c5808fc9666af3ee93550a67c25bce0833eff73e708ac208da71a1bb9c,59654
r6efq84w0_v3.csv,98ccb4b174801e5e1d60d391956babb16ab128478f082f514cc2e99c8f09479e,61030
r6efr4d9x_v3.csv,90cfd2c3f0f3d1ee71371f27a2b81d577b0505372418daf93ff25fcf1bdd47aa,60819
r6efrqzft_v3.csv,62eb3a10bf8bd8544e1b48dddc442c880d9ada5dc562a0671311694342795eb4,61238
r6efrtwfp_v3.csv,0677aac5a435b2d00f67ecb2edadf5c492264c1fd8211b37c57a705c2a75da63,60493
r6efrw6qz_v3.csv,ab6a9d4979a425a97f09cb062978a8bb5b146b8925095195cdb70a9437dd46c1,60697
r6efstcsn_v3.csv,89fb7441998a5cec8c9dd6deb99ba8e7b6b1789ce2668e60546ce60947dfc597,61097
r6eft6u4k_v3.csv,09d52b3e37e917e6dbdb55f25d00f866626b53c0c4b9054aac33fb96ea813ae1,61514
r6efvz6t4_v3.csv,08902efb6e7e0dd9e73b63d922b2d0fe6af3bd8117b446aba2409d57a9df636b,61692
r6efwxxnt_v3.csv,3ac76a441848f0ef85d5af5f1d4ce9e973fd1ec2b15efcf99128f8d1d8a41795,61264
r6efxwd01_v3.csv,f3cda341d86ef4be6a5a36792d157639d9ccab82dcdf329589ccd8fec0e4ba24,61221
r6efy8wsk_v3.csv,8c060f61e45243e166bb5f70f9c034eddfa554a3f221b7200304cc37186f6d3b,60685
r6efz8te8_v3.csv,5cdf8b997ba24a191321d6ff7b0db74210c5939472b049ed813bdffacd57a235,60985
r6eg1f02c_v3.csv,71896b8ecc4d861e236bf02e900bd59b5ba9ca7515bf1ba7929780e71f84e100,61531
r6eg9pcnu_v3.csv,fbb85fd9ba8cfc426ddf64f62253f66ed3e38c0c5d295d4e3771dde44d2b87d0,61492
r6ege09yp_v3.csv,bc0d4997e512dff02e0c7168dfd056176c68cc741ac8b883029f053c3facaa8f,61202
r6egeqjr5_v3.csv,98b76f3e9d385b78395e5d23ee8e7059e0f6805c37fb4da1070b5ed1a8cb167c,60209
r6egfzmjp_v3.csv,1e7c7eff540df10453c53b818ed6bf7b0c0547305c0cc24b5eef295f2fdf86e4,59867
r6egggtbb_v3.csv,55bb1a924f344bbc3a8d32cec8ca79ff7666102170556dff05675424533db4d5,61463
r6egk8erq_v3.csv,ee8fb1fd9dafa22529a6c331e6316ae0ac54bc6ef6da7de08389d3d51cd9cc00,61574
r6egkyjju_v3.csv,5b68e13be61ec725e098ebfbc6821333473f5e0fbcd98afbdffcac58237d76dc,61600
r6egp8xye_v3.csv,6d9d8c79320e7cbf1b3b692df6db6327eb9602afc38a5ab13f7aa1c701abb3f4,61433
r6egwx7ff_v3.csv,dbd362ca459a6bf198317cfd3a28801df55cb057519e94cff809843cd154034e,61224
r6egwxhkp_v3.csv,0350213b76b1f3ad434ba0250f78387c94d571c78549f6cc34f21d5c42c6c9fc,60862
r6egz6n63_v3.csv,bd5fbf84c703bdbb0d647495a7e6e1d1eec5d5b9c8d4ca59be0695f198906ada,61374
r6egzsvj3_v3.csv,1345e5ae6c2ba3d366e0ceb23f8e4e9022cea8d9f1313c49481784d03576f7fc,61358
r6eh7q218_v3.csv,177ba067ef67c82f32a1e25bc744ddf16bf442a41fd8c076092b3b69017ba730,34849
r6ehdvt48_v3.csv,2fc7c4eea992b69ceecd884af85659a95ee3d3c31e91d27c023f9b732c93f560,36434
r6ehk78ht_v3.csv,534d4305b0f46bf8d314cdc189c48eaa9ce79df9ecb3ecdd7ea471703f94b3da,33641
r6ehug7ce_v3.csv,b54cd28d599c05af1b5993d0266328878db273d857a7b411c20f6b3b0cdd69ca,33575
r6ejb9wz4_v3.csv,c4ce60818141f185a795840cee80ab4212b2edac77d6bf53057bfd4d37d2da42,62939
r6ejc35zj_v3.csv,e783ea3d62d3a073b33ca696763e6a906271b405df9ad64ac883c7e8e2b72fd4,63482
r6ejgfdfh_v3.csv,0e0734a2b570dde7a74ae72fc172a70ad035fba805db3032173bb7b22407cb9d,38074
r6ejgfzvn_v3.csv,b6c443adee15fdb9887afbac625b55d2f01721a330fe1473c5526fce495eaef9,37141
r6ejgpyfp_v3.csv,6a674c44f02cd4a276657c8818941ac7eae37ff1d2b4ca6ab9a833c390510dfa,44269
r6ejgqgc4_v3.csv,f374a21f4c29d96ffdb6f442c677075950187bffeb4e9aadcd81d141450498ac,43603
r6ejgqwtv_v3.csv,28a45b3dea67731e61ac6623787e876efa64837d5ba5915d20658df90b2e4189,40942
r6ejgtgy7_v3.csv,d7ac5ee578e07114d9c40f782dee77b2193a4a54baed67f78d74d75595cba7da,39677
r6ejgtmmh_v3.csv,a98d88cbaa460b4a772058a9fb8fd11217c35f35b949fcd6957c6d91d1d852c9,39613
r6ejgu088_v3.csv,21018e0654e7ef6504fae84b405373bcb157c544d480295cc821df3561465faf,38045
r6ejgw2sk_v3.csv,6e6e118b4e616abec3f53b3548b1369d8d9f392e9003a07a1f39dd3c6d631452,41573
r6ejh75ct_v3.csv,b98ffbb247746f8b215e6b169a4f86438d21633687e05ded9c6a5bfd92aed405,34247
r6ejhs606_v3.csv,f7f8c7c9c002d278e00fc893fd65fe68311af21d26038c492356f476c425d41d,33879
r6ejqwxqz_v3.csv,961660d96d1e855ee53e13449bfa7f84d7b5eb4975e589d22af7b8bf3609f514,32585
r6ejqxkx6_v3.csv,dd1af6d1af38afd5f627bd5c1ab1ffe5588091f56509312878348d6d516c9352,31807
r6ejrmn65_v3.csv,bbfe9d9b5d7d63f148022da51f34aeeb356619e637a488d7abe05594a7fbb1e5,32935
r6ejrtshy_v3.csv,6c3cef9793f73fed1bce855023cf59e7ac392748a22e736a73288fe4e77728a2,32563
r6ejrw3wg_v3.csv,f0b5785e40e95e001e53efb641010ca77c28212af0cbe9a3aad49d7ba70a4c08,33228
r6ejrxcgd_v3.csv,b2f0768d7f013f5faa7fdc20c9791b3a6c9ee679b8c3321aa425b5f7c6e4967c,32140
r6ejtftdv_v3.csv,c77d37ef3760b0f21447ac32e0419633d159e5ed3ee2678adce6feb480e16bbf,32982
r6ejtqs0r_v3.csv,669730aeb0cdf27c892e79de7b11d9bb2b17ec1478263c2a7fe87836640e3084,33548
r6eju5xqy_v3.csv,bbfb6e15afe9307996209932377123a1ae53e3883f182b806ce2e62cdc87d404,35664
r6eju7fvv_v3.csv,699a3e150cd0f513126a5b37eefc1feecb906680aea18d90feb012fdbb4afa4e,36073
r6ejuee49_v3.csv,88fbd5eb57da7fa3c062637305e4cf6b0a133a4ef6f02e429b7b1ec7ba859b8d,35544
r6ejuene6_v3.csv,30a3a7f6ca5f760443862209bf5c3c28968558f034800b0e296cf2df96a19d36,34899
r6ejv4jkp_v3.csv,338dd94f4818e1bcf965b13983d7f10b85d25cf0084955b04896998da64d0827,33457
r6ejw1gf2_v3.csv,ffbce6f901c81aecc948534bef38d84bbbe037436382962bce74b12f07f77e6a,33777
r6ejw2q60_v3.csv,b284ebbc1bdcad08a8f8f776f6dba92a9759b5b6c56577c85832b091eed21b7c,33057
r6ejw309c_v3.csv,b5de4f17183ce3c45111139b7529399acad469f1eccc80cd893a25e5c70a26e0,33415
r6ejx3pbt_v3.csv,1f4d22db350949658eef1032b60fb4e89e4974eccfa3f1db0ff42de89eb98151,32800
r6ejxe0q5_v3.csv,db17a9bdf225c20d33674e23e9bf00472eb8a9c708199d153e8889caacdbf823,32289
r6ejzfcec_v3.csv,ca0e2aa8bc9cc7a5b724be6ca3a45e4a62fd071bd27494690c137177be765a0a,32833
r6ejzg5yz_v3.csv,7feeb9bb104da7b5ba0e40832d562efe2f8e2c7090db8a70860c8a836206185f,32755
r6ek5twnu_v3.csv,ace14f16d979188b2fe128f4da931fd3861db70bec4a3e24db88290506906122,32407
r6ekggjv3_v3.csv,58f540a6edad3387871a67981e8ae8d3837f95e9d57bd1b98393a23baac58618,32551
r6ekgur91_v3.csv,a6718720199d9fb32eac559ef023293e2733a45acedd386cd92c650ce7ee6b7b,32832
r6ekgzy2k_v3.csv,6bcd7976fe187bd4189b303a379d5c87506df0b3abeaba13cc54f46fb4e9a82a,32967
r6ekjgws5_v3.csv,2695e6a313b4d338fed36ada290498d312ff66446e2188457099d865efefe597,32336
r6ekjkz3h_v3.csv,e61f4683e8eb5b77c6489232dae6abd472258676665f9c88f9a57f16f056d0cd,32291
r6ekjt63u_v3.csv,6141addbfa3d13574c7d795883e0de57058dd1afdc1cb730e836d2ea27012303,32319
r6ekjzks0_v3.csv,26cafed16b0c748f8f56d99dfe12a003dbe5dba3afab72b255b42d9efcc9b79c,32333
r6ekm7vsd_v3.csv,e0f7310647d62adbb6ade661dac8c1a0b9477f1f6da8d1b834d585b112dbd719,32311
r6ekme3kn_v3.csv,1a3af0ab314133612ce724e5164ddc9f343c7bfe014803ea8d651e83550361d1,32811
r6ekmmduw_v3.csv,746d42a6a28e9529f592fff58f0c49c7269e196eb466e32870426d6f06b8037e,32323
r6ekn8t1w_v3.csv,aae02c7058d751c2c7f458dfd840de5c6ebb2519bb1d8bd4e2362abea0b1d34a,32571
r6ekne4gf_v3.csv,0598a6d2c59d6273ff73306ce6c09f86636a1db395489903ec7773b68400a36c,32841
r6ekpfy3c_v3.csv,469650d65dc5a92ac2b8425ae045cc84b37a06bec7b204ebb46a34455e2935c5,32517
r6ekq0219_v3.csv,46b1f449848474039f97a15c5e067676c98f5ab6df801b750efa29afb207ef78,32435
r6ekq3qke_v3.csv,d859452ab50fb3f8ec55c8594f4a9dbd412c3718a61374e23b000173d6bee7a4,32635
r6ekq4pjm_v3.csv,f317665c932e1d56dad339d228193102a6bc15fe6173de1c097cb37bc6bd10c2,33450
r6eksctsz_v3.csv,0d64781eb8bf370e57ff18ec5ad8e1a9fe025ab31aadf1d6bf33dfc26a298778,32784
r6eksf2m2_v3.csv,2c840ee026a5c9aac46f912bca7265739e78a24ede01d8b2fefd263a9d9ffbd1,33596
r6eksf49k_v3.csv,f25a0fa8910d6db2386c8cbd31d696739c731dc49e15d0b5514e4a17d4c6f51d,32314
r6eksqfgc_v3.csv,22a02f52377039927a5d61fa970b43ff78f4181c52e4ae5f2bf9a9c88b421ae8,33317
r6ekst9hk_v3.csv,37ba1ca7ad19ba65f58e23e31efb6817ceab4a274c473c8cb0a168bab889a5fe,33065
r6eksvfrf_v3.csv,e33bd2f801232e5010a04462898d07328fcd837ee353d20bdda8e53e086cd1f0,33719
r6ekswhg4_v3.csv,b730e763d4e1bc0584defded3bc08950d73f8399916ac14666b01bfc2470b02c,32154
r6ekt3mhg_v3.csv,ddd513def7f598e5cfbb6c6b7f8abdedb63ea6ab2ecb89802c2ff92514edeaba,32487
r6ekt3yhb_v3.csv,594b69e18bb333fd6bf51159d2852d8ddded5803f75f1594a3d1cc601d9f3e2c,32415
r6ekt4hhd_v3.csv,2ed0234f9ff0e8387e20049d8360e172501c56751a4b35308889189332e35a8d,32563
r6ekt70b3_v3.csv,50c9849d93b6fc9dad324bf0991a5d1f5b6d0d14683e81fdec587de75f1271b0,33037
r6ektv4cm_v3.csv,6cc551d70bb44f03c1f410511c7277525ed61a4037198c1d71801d7bbb1678f1,32805
r6eku2g3s_v3.csv,fd1c0a76ea3b8b2e3eeb09be0c08ae2580e0a49446564db3cef76c718b1d48f8,32644
r6eku3w1q_v3.csv,3c66af95dc14b4190148b766bb8d35199ff4d598b2ae637876bb9e1feaafca44,33544
r6eku4byw_v3.csv,6eb2093b904b88a28ebd7d2b9137521faac281029024ce6ff4e443856a1d612d,32554
r6eku6vh6_v3.csv,b92a06b79228ff29f789feb0f3e7c980d668e0fb2dc7231f2232007d8c192a4f,33315
r6ekuhcbw_v3.csv,5fbad447c4937eba5dbf42292df887e895d350bb739ba1bd6be6996edb68d4fa,32514
r6ekujdg6_v3.csv,28003752c413f08c64b2ccda0aa4981cf15019dbb7339e01f2d38e5682fe77ca,32693
r6ekun24s_v3.csv,26b4bd8ca5e230f1d337cb7457f1a6a8a27862b7dbaa594633e9e03db50b891a,32180
r6ekux2sz_v3.csv,487b79b648d80f747e7b1886c4e64484f73b9dcb0907094e3ee88fdf9cb6f700,32756
r6ekv4t5b_v3.csv,e92d29e09fc4f436efe8e1f1160bead86b0157f535715336411ae50bf645561e,33060
r6em3fv8b_v3.csv,eff91bc9858b3743ff7750a3349602c32d865f51f9f8dab3ab4c245f9223669e,32339
r6em5bqxe_v3.csv,d78ad6ed2cc0e89039d6bb8f0e7ad7d30d7399c3705a2d3bcd3c7fc09259d0ef,32569
r6em5vqu0_v3.csv,6ed383f1cdbc4d60fa6949fd7ef392f253303ba6303ad75fd9ea3c460d1d2997,32655
r6em5vxjb_v3.csv,3253339f9f3aca8fa26b22fbd7b9c6175b9660f0a6c086287175bedc3efad034,32319
r6em5vzqs_v3.csv,e8ae7570c7091f89dbffc4eb8bd60d3aeb5272fee84b87257caaa46a791ca63d,32189
r6em7b2sz_v3.csv,d2f07f2a4ad7302d11108411554411065769b838fc191c53585fcb6643b957ec,33273
r6em7cj92_v3.csv,d70161904cbe5750daf04bc5fbccc18dceff8d876a481a2f1b31271ec4a3c74d,32442
r6em8hf3t_v3.csv,16cf50fbfbed5736c6f494b2fbda9e1256af15e9b278288c49ad52f207a0fa32,32289
r6embhk9e_v3.csv,cbe30fbed490fc80b2d2723e28a5858221676ab8ad76d6b213162da14b4e0148,32304
r6embkpqc_v3.csv,7c9971dea97d5b0cfec8a01928beee96147e7194f55901f28e6e9413483ef78f,32187
r6embs12d_v3.csv,e4ea59257190e281cc8873e43a466a17822f579c41b838e1d905dcd87bad5daf,31466
r6emcxb0k_v3.csv,1770f215f3153f3dbd579175483fe67e9a09588d3c4bbce3c9c535301506e34b,33428
r6emcxbwy_v3.csv,e2bd44daeca171276c4d316e81b37db01d01333eedd5e5c34ce71eb0e177847d,33250
r6emcxe11_v3.csv,3044cfa926b44bdad10a84a2df5cc2ade9fdb59643994f03286894d81ebc9c0c,32480
r6emf5pcn_v3.csv,531af50b319927e4ba4522bf7902a0be8160900f59dd47f7b11ba56fc1a90e2d,33237
r6emh09z9_v3.csv,ce4b3713f230312cec46cf1e02b666d1ef9152a77ed1e949888fd51c82dec5c9,31797
r6emn4wh3_v3.csv,a310b3b79f0a99f7bf63212a550f55697886938fc1c3a061676482efad5cbc3a,32407
r6emn67kq_v3.csv,bb267b3893e5833ca02018abaaa6ddd2cffa49daba00ad5c2883cf4ad4bb532e,33044
r6emrzqn1_v3.csv,dc7185b196556584deec0bcbdea8c58430530f2ae8e031afe4827d295d2ae3a8,32687
r6emugmj3_v3.csv,5bc7d906c5f59033a4e5d595a12a2f1487edf8aa28016166f07e02f75e731457,32841
r6emuut7g_v3.csv,be94d69b8d25c30a6979d2c76f90266a6801286f757a46cbc73827108fb7a200,32936
r6emxbpym_v3.csv,3bc43ef10dde081b30731c6dc0beadc67846c59c46c8951585ed86b4f9e54c17,32578
r6emxch8r_v3.csv,d2653743b48c344421b31aca3cc13bf4ebc5cfaa3304adb2e5b93dd470d5bb05,32761
r6emxurp7_v3.csv,e77950fadc182b6a88d53e260dedc691d6ade6138ab5bf02a6017cc1fd63e4e4,33701
r6emz0w5s_v3.csv,eba99bdadcb988023174ef8f143ae41e688952d169e34b222fb10d59f5c85dde,32765
r6emz3mqf_v3.csv,06e40f6644b746a45e682081e716477b6f7806b30f099eb13331b285298a5bad,33351
r6emz3wwh_v3.csv,d13ce2b3dc5ddec68e28d77e255635e0cbcd1ed4762ffd4158ba5d55bdf5d7c7,33121
r6emzxvug_v3.csv,2fe0e281218f2f72aabd0a8fd4791ab7428e76bf9586084d4224b4a9db9db971,32173
r6en1wfwh_v3.csv,c1a59f6e687a7a4d166f8cf8055edd0b7bc7a7f08a435bf82fce21a6248180e6,62906
r6en1wg84_v3.csv,ee7371c00384f994fe08a77258d26d3bbf7dc6956c275d1db34531efa3a7f22f,62275
r6en1x309_v3.csv,478502e0069f7731f00c4a9a1b610ef359bb4dac3ebdd4103bdf439f53fb8ca1,63850
r6en1zrhk_v3.csv,3b35d84189af44a30155f3558510a227802dd3317f123970b8c205be6c53b0d4,62213
r6en2bd4h_v3.csv,ba1e755d20eea2a95decbdbbbd4c179c7df0663526bf93bba49d5795021625ed,64424
r6en2ustq_v3.csv,cc71ec832c9e7d8823b7073bd7f9703a48ec9a4efb813eca32e845d06e32cbaa,64453
r6en45rzt_v3.csv,96c2fbe118c8b44943ed7c3a612854bceec25566b436e1ced4ae67997967862b,58801
r6en47ww3_v3.csv,72a706fad5c918d33be3f94595923d8f03e58c7d596c516396abfd068c328734,57769
r6en4gn3k_v3.csv,e816a8724667d9c1530e25584eb2242ce3f9bce9950c7898a2b265df222628c5,43480
r6en4gqvc_v3.csv,f0bd1a7a3772edb33a0c92b6837af49117565749b37ef673b00bb494c9ed5a70,48686
r6en4s6k6_v3.csv,ef236264b2b9c0c96f3ad3392ad044471f21f16614bffe1e7c72bddbe674ff7b,55814
r6en4u96w_v3.csv,68d2782973fab26462fcf7c5446dffdb77b2d5c06518f0d60c682226901386f5,55126
r6en4un97_v3.csv,429054ee394a0d54dc022489c7544ca904abe983e7fa3f0cf481fd9f1c107286,49697
r6en51fkk_v3.csv,4ddfe9fdc8cd208e45602149469a7089736c7dbb60625e1e1b86d3cda0bfed0a,47134
r6en98rsq_v3.csv,22f0bea8427c016cf8cfca61c1cf7167da79df13f646df64fdf5655fd6396d4c,64679
r6enhv1pk_v3.csv,84dd63032c68ff70d2c3f5d91a638150e7a880ade450572b8cfcd3646c14ebe1,34957
r6envj56m_v3.csv,678b54dae687b072598eda30e2b465517262ce02bd6f47e0753064c716164be0,37483
r6ep1j526_v3.csv,6dcb476eff8da6cc538e1e52d337a4795b7dcccff3ae418fc9a92b6cd872365e,65122
r6epc3jms_v3.csv,0ff0e35e5c79555beab19a3886675f2ae8aa0d103dc09900d23a4b4f46aaaea5,66167
r6epcf1hg_v3.csv,b234e501bd77e4529baf7b32edf72cb48617317a6747074e8ab5e9b79cd34d09,66113
r6epfjv6n_v3.csv,e2e5eab325e541beac98928da8553be2a2da8881ee4fabce731b3a11354aaf56,66278
r6epnsgdu_v3.csv,37d95ae8c76265facd894ac13297ee60d39ea747519555979c4f5c5c91897542,34974
r6eq1279f_v3.csv,281fb00f130f22bb142fb71d6baa9f671a927fbf5d9f02f39009a793bd0c5abf,32385
r6eq12hzd_v3.csv,2d8f923708b69acc78573a1b0d2e03e255c820a001336e2503fdb333b28ef839,32813
r6eq65phy_v3.csv,3938c00c1ab55c8525e50f3ff3e310ddbb5852d96f2b55484129a135f0f5eb18,33308
r6eq68j52_v3.csv,c43907aed4fceaf6c7b1818bf1693f97c4ca9210a14b001d646809dea11eda75,32776
r6eq6u105_v3.csv,84ac85990bb570fe65a13b2e2409c73c33891322a102e4184a1280ca807c2730,32701
r6eq6wquj_v3.csv,d5712a6e01988a1125e3a7faaaf5c97bb4313b42645c8c091330ad2c0543f9ec,33152
r6eq71fz6_v3.csv,8c3a6198cf4f5085824fc09ca8bdc650db25c598bf32d70e45a5871153852e46,32900
r6eq7gv2r_v3.csv,106b9bf10f3e0e5635e0103e20298e5ccab7e04f1ee9fc2b55ab31e773e152d5,33197
r6eq940bq_v3.csv,43664042ac746a78de813ffbc0afcc319bbc0ebccdfea7641f78776b931abc4c,32696
r6eqd8wc7_v3.csv,472fbc74b7ced8adcd3e133c1baf494dfe3b38808fc1b3238182985208299c8b,33201
r6eqe43cr_v3.csv,a39b0b8507ad58ce3082c5860556b50983f1d58721643559420942b3dfe7b04d,32857
r6eqegf6c_v3.csv,e59ff3a4e0634177865e71ee6eee7b620b715f07bae252c4d0194ff7d20d87fb,32588
r6eqf8euw_v3.csv,90f6d65c1af6ecaa20b36e1bcbe0d2b3517fd0b12e9fbe9fa4fbb36bfb13fd3a,33318
r6eqfwkgp_v3.csv,a22ef8f5c3a9ad6c7906302061451bebe7f9ccbd736ac8d8ff9c1f9f2aae11fc,32539
r6eqg2psd_v3.csv,7506b0f7c47371d9e1bcbaa46e3b8fc7ad1589633d3385747e5fac9003bcf73e,33016
r6eqk6efm_v3.csv,8246091dc7bf4515638c1af94b1637d486834ec37391dc599afdf74f8c022b8d,33121
r6eqkr9he_v3.csv,f9196991617b70b8fd364a4808b42b39b9393b07c1595a2d1a44c4751377e48d,33040
r6eqn4kwc_v3.csv,ed42b4d77b7039949bc60ac182a1e020f6622c4fda39244ae7a8d3745a67227e,32278
r6eqnfrdt_v3.csv,deafd0f290f8b45e15af28257b9b395731f66c1441ec6e41beca51f92dc674b6,33345
r6eqpgyn5_v3.csv,79241c2bceb5108d19f8104f3f5d66bef9748426583fbaf6ed74f5829d37daf6,32375
r6eqrpf34_v3.csv,51fdc7c5a4fe1f8d09e1e127e08b3b6bf4d670b33129f75237fc575c1bc14257,32373
r6eqrpngt_v3.csv,c14a00c2195f65d16933b0bfa14cc09596884c01d844350bb7370a17c2701998,32243
r6eqryrjk_v3.csv,3002eb20267304594a33fe9703fc5a48113cdfd98789965575bbe8296af10f5a,32533
r6eqt6yg7_v3.csv,21ab926f3dd2bfa89197ad86ffd97cc5dd38fe49c62f78103f3f99f372646aa1,32351
r6eqtkuwh_v3.csv,fceda4a165fe4434457109e31fa357d34942a4273c7df9b590396fea657c8fee,33355
r6eqwf6ys_v3.csv,ad925a79cd7f3d84984e82e0aa75da6c90e8566fba4ec54a2ea7eae645699960,32723
r6eqwfmbr_v3.csv,7543ff1f596691a880f92733294252d1abfa70b86ed222cda2c7bafaeab634e3,32424
r6eqwxpvt_v3.csv,e62704105f3979fe4cedbc015d447cfd7bae326b23646fef25e35af02f6914ff,33673
r6eqx8hx2_v3.csv,b4516d69a51fe8d0505afa1708407f7086a5fe30ff8e1abe8fdc344143bf1e0e,32947
r6eqx8nk3_v3.csv,577778526e06d1070760c94841cf46e2592278484d747ac97299c598953ecf67,32324
r6er1rb9r_v3.csv,fdb6751d3a097bda8d29491c440b7dd85a4f8be8ab83024e6723bf141fd0d24b,33067
r6er1rds3_v3.csv,410ddb3fe1cc9bb741142e24b359ade9d5b7854692f23b9b2e3daa6e98f453df,33095
r6er5qm18_v3.csv,588f0433e6222e6bae0d955925fb091a78bb36c53163700379daec44b5bafd0f,33414
r6er7cmn1_v3.csv,7fbeacf087aa1a55ad3185d386fbccc76e6906735470ab080dcecdb543cdacbe,32778
r6er7ejw6_v3.csv,b52e5403c614d112a1ceb7d907139bbf08cac024e958c7fb9a02857b6488715c,33588
r6er83jue_v3.csv,27181191b27d6bebf89740f9aa98fc02ba6678956a07d41d743ec343305d13f7,34147
r6er863dt_v3.csv,ff88cdee50ca990ad8ae5d78140f889affaf0d9d238db0d85ba4bb9c4474bfe0,34873
r6er8f31t_v3.csv,e8413f2334e9f70100a8e5f5f4869999038f2cd1fccd99c09383041480b03aa3,34004
r6er8f6ms_v3.csv,8cdc3ae3e4fa22e7c97fe92da5628658c98dd1967c11842e61ad799a0fc3e552,34034
r6er9174v_v3.csv,351237f80b80f06c9463a269eb1105ea621617e2a9595d3d4bcb1dcc100ea557,34859
r6er9rwpr_v3.csv,537710d3668ccd337bc1d7fd9938a032cd6cf8cd287f9eb2e82d2e4d24ac308f,34061
r6erhcfv1_v3.csv,aab013e6c785c216ca4c10149bdf96b457a7a87f7ac4fe17f9de4bcd4d932409,33454
r6erk1cyj_v3.csv,96577149bff12464aa790e56a4ecdaa8531635d319a85482dfd47c94ecc065d8,33448
r6erkh63r_v3.csv,8a5a6a18d8b8bc2dc106d0ed8c57daf01d98e52744418df7ab6659789d6d142b,34154
r6ern9yne_v3.csv,a5eff387c1a71e66776a60a3f19c8be46b21e58e75f91cfe7041b5a3942045e8,34117
r6erq5n6w_v3.csv,8010c2597f6637ecb50570f8d526b927d91a7a077d5489c0eda6060724462e70,34587
r6erq5pce_v3.csv,3438d880e1da84d7acdfc23b9097522cabb4b5597b6bce39a2204b8a9db5a2e9,34017
r6ersdb90_v3.csv,bf41df52f91c1f5de6f852cbf0be25ca79b76761a26913f146877bf9ee57bc6e,34352
r6es0qjh9_v3.csv,9758e69684656dbe569dd3773c3f46772ea10df815a8e1a713efdcf030693c69,32837
r6es2yp97_v3.csv,c01f9bbf9b7060748caade97c836ce2dc763ab30845a5f5f8d6a1a7c2c704ce9,32396
r6es83qq5_v3.csv,6feb19cbd374548b193bbb950041b7014ae31a5da7302b513968cd767662f6a1,32441
r6eseun02_v3.csv,631886eaa476bf658f6c9cf4e07989d90d89e31b372e7300a348856aca6bfb37,32625
r6esjdsfk_v3.csv,7d46aa961f26d1bd3da012534fbb28fbf842c7d21aef4e46c473ce175b50e16b,32740
r6esssgdx_v3.csv,9aadd169f5f6147b0786b29124703c9cb1e8b4c8935201d4a9ec614fe35eeba6,32617
r6esvruww_v3.csv,284cac5d8efa137e47d4e9dab54603db85acf1aa1b38fac14d91179576558327,32648
r6eswjush_v3.csv,2dc755eec2e50da588537a42ea7db8dd1e114f8b58fdc0ad57ee9055e644fc81,32891
r6eswrb8h_v3.csv,7cbac987c102404f7978f3c68d48dd9056c481cdb09bcf6a2061ea8cbeaa4232,32570
r6esxgwp0_v3.csv,9373073bc732517c38d9563276a81255c8e1f682807da3962af77a5997e3876e,44444
r6esxr2wn_v3.csv,0640d092ade1b9a6ad577fd493218b6c457ad7bebbe6c7d29029ce3f8f060730,38281
r6esy7y8r_v3.csv,595631187f989f5603c89243050014dadd2d45869a87fff510be3f74cbaa01b6,33119
r6esy8qvj_v3.csv,ce5ac02f3317fdf6b5788a037cfeeb5c891e5913fbf0a92befc2390b55e25325,33153
r6eszn8jy_v3.csv,d4d01759ad33ad2e3a9193d68eebc9d4d483a0002f2f4c648408f6f2069ec5ac,34388
r6eszpz1r_v3.csv,1794caecf383aca46541117daa4bc8e7e36f68050480bec024d13277b2e20d8d,34957
r6eszt2n6_v3.csv,8cd90d08b16ed2036c5099e8e14b1c31363d91dad98a3def4b2464cff3709e89,39162
r6et80b42_v3.csv,0a04e211099df72ec30206d27625523ddc1b55e097fe5c369654e766e861db2e,32322
r6et812rd_v3.csv,525bb07aa78a3cb3c48d6c80f67d6c884dfe2426c86658ff02eddb4bf561b254,32864
r6et813mw_v3.csv,a5795b4c2b2b638bc076a577bbdaeaa7f5af5cffc90931182f710a3c24204237,32086
r6et853w6_v3.csv,10fa4b0c4d4b6f404e91af9188e4a5175599b6632f6dbb80639421220e12fb67,32660
r6et8d1zp_v3.csv,33c3b95b28cfef13ee5f36897bcd274905a78686d9956ab6811a213f2aafa581,33161
r6et8fchc_v3.csv,a83f4d981bd0c68b634647bd8c981b4ee13b622e06e299023534a33ee5d8600c,33349
r6et8tzn6_v3.csv,50f77bc0b86d1e722b07e101f2a91babc99215832f5f32f69df02ad714bc8357,32251
r6et8usb2_v3.csv,9bb15e3c48b01cf5d9aad8242529eb4d43b78a497bf7d763522d879658f9d0c6,33063
r6et8uxqk_v3.csv,91a81871d41f8919e9f4fc5fa69f3efe6159698bf009aa7970aea180fde8a5ab,33199
r6et8w76s_v3.csv,03361883c753fb36d22626121eab6e686009fb043902c15e559b872a833bdc41,33299
r6et8wj0j_v3.csv,7daa11b0c6db4d57e5b9e88e4d6a404c5d16527dc49ffa665867143ca0a504d8,33358
r6et8wscg_v3.csv,fe09ad984ab9622beb7aeba80a458380e3a2f4a28225ced462f0b13a179aafd0,33577
r6et8ygb2_v3.csv,2254f92cc286f39dd567e506fff1070a1435f3cb59680aff046a09ccd9e4595a,33880
r6et8yqys_v3.csv,fe8c913d5dbee183728ace0c1347540e90468fac260423f5e41de38084d7a710,32057
r6et8ytku_v3.csv,0e804bb2e12a8308a3dde593c9c8713025753171724ad04120a1ae40942db2ed,32337
r6et9gw79_v3.csv,9b8dc0f5864824350a37fc19514a93502de03ff0a582dfa0b08e447cfaafc42d,32552
r6et9j34u_v3.csv,34efc4d9df5fb2071a37f1f97314883975377dc260faa780026c27cf6fc8df1d,32965
r6et9jnv8_v3.csv,30e4978e16898895a8c55acac402527ad42bffc629363eab5b22959e9c5b3a3d,32820
r6et9n7bc_v3.csv,e949efcc41a4e7928d3c735d6d365814899801dd082e110c4e33ae9c2150b129,32134
r6et9pqb9_v3.csv,1d4c082db2a69baea9a9dec73f0228b8ed0cdae7aad225966110f85b6d228da0,32922
r6etb0r9v_v3.csv,454423530577dc9dc4cff2b23f7551c95162e24d62ac651c37088707bab728cb,33027
r6etb6v0j_v3.csv,e6f6975454a9f1a23525482c2713a8f512cebc05a7a5e6bcf8672750bb4700e6,32086
r6etb77jh_v3.csv,a309c9091087ce3dd05a1e3317963cdd16a15ac98f9868e9c96a2e232b8720cb,32578
r6etb85p8_v3.csv,3a9764f7e56ec8525982dc0e9a162fa25de4671539c4ed14210549c9e35632d0,32301
r6etb8spw_v3.csv,fe2330fa85b6432a7142fbd084cb8ff3287abbb4774f94590bcf4fc9b59e2e83,32175
r6etbb4r8_v3.csv,7703cd831b329e2eaed10c7176647f81bc1092d325988de3af2ebe2bb66e889d,33568
r6etbbh3q_v3.csv,459c399a01cc7239fc9850b5ae936aa53d55cd23f02a34f28869a4c49f2dfbfa,32919
r6etbbn6k_v3.csv,1a795404a06fc69c413fa2c25b114d71fbd5d93cd4c71aab6c6b7922e2e42d30,32867
r6etbftky_v3.csv,b2965f11fe2946a3b8c40d782a2f4688fb7b1d0d6681dff68ea401328fd58094,32111
r6etbhr74_v3.csv,42fa688f97c238dc30da5835a323327a0995c65d9c8e297fedab974c029618b5,32553
r6etbk353_v3.csv,f881ee06b4a4d22873fbd6ccff9f1260e832e509c776030fdffb597a5e0d4ba9,33431
r6etbk89f_v3.csv,4f258471c2cf151d12de107d9b3ac76e0b3408636aaea28233c90d70c79660e5,32299
r6etbkbwx_v3.csv,aa88fc4b423a8789e99f14069ca4fc641f439dfd987108fb8e0deb639748086f,32804
r6etbnn8c_v3.csv,f2a718726e1adefc5c64e048e1eb234a26a75eebdc1aae8420d561af1f11ae10,32210
r6etbpruj_v3.csv,7024070b7ef53c762063b72864bd32d78c50d50e0d7c9075e1e16aac02e2fd5e,32987
r6etbr1v7_v3.csv,c5bd3c3b99690deae69fb2bf7223fd8d960f19bed5205096d49dd1d1ff2b8b52,32923
r6etbtgzn_v3.csv,4e1dad9b56638012851cb6dac6f894e74f72c72d4ca616667c217039e3c9b79f,32649
r6etbu1gg_v3.csv,e7ce0b04c78ff779659b05ed3605ced995b3bf86fc8f2577e2234ba86c7a0e92,33227
r6etby9mk_v3.csv,fdef6a4130d46c1e857621fc6a8ff3ce8c498a3c1723ac159ff8efdc7d3c0d4b,33143
r6etc27dw_v3.csv,711722831a95b3dcf8838ea3c3921966b7c5202385c01f3a3c0f528fb659bf37,32214
r6etc4hqv_v3.csv,7b21fef33af36477385aa3ad332b3f077ff4d4bcf0f2fd0d323d20148123e792,33215
r6etc4wf9_v3.csv,f7cf9051dfcd14ba54c5b7cb857e7234682149dd078f21609a7da7585136ec7a,33414
r6etc6fjg_v3.csv,5e68dbe00581d158efe35599adbe8ed58cd1843a664550d5f78d524debf51913,32633
r6etc7jje_v3.csv,2f3cca66f45de8c35a47b975711e7eef0817216c98082f5c4c35f06e190d5b8b,32790
r6etcehvx_v3.csv,fe118915926bba1b3388d9c2c15cae2a749126e119ebc0713e494c72ca3c9a39,32163
r6etcek55_v3.csv,7bb4eb5f5b8e50b59a9d8adac14e0e78d459b9496a96a93b3787900a7a13de40,32514
r6etcemsz_v3.csv,f05d627285edd22d05101624462fc7d63f20ad6b88e0253494e6327bdaa398ee,33012
r6etcj0h9_v3.csv,4d709267fe25e087eb50f9a47bd2c31e39933cf09bf548f94328a5d9dbc2bccc,32903
r6etcpum0_v3.csv,543c4cf8a3d5f6b9b60333e323571904285fc4a1325c1b30c44db10f9bff85a3,33713
r6etcxjwm_v3.csv,3858d3a6c8a151e279da04f9fdc2cd315559bf233ac8b8846f80ee58cf32608a,33149
r6etf3x44_v3.csv,167c12293a6e3908c338d523527caa9d94ab074f85ba736ba4daae855a7d143f,32376
r6etf3yme_v3.csv,6c0dec0a14899908e3d3f918f381842f5b16eba455a54390e9d01f8e2833f7bc,31870
r6etfhe5r_v3.csv,31e84aaf45f4c94fc31585527bd36dab1e19a43c7ee9843e2e517d651d920e40,32942
r6etfp5rd_v3.csv,6d8530537d0f7a66b7dc40d327692feb4f8beb0b50794ada51c96e137b9399b7,33165
r6etfux9r_v3.csv,7edfcf796c0a194a380b4c3efe9ad54bb05998d214e9badbb62657f38f91ded5,33338
r6etg58hm_v3.csv,05e05e45f93f1d0e9e53b3f880fc8a07c877e6793b2c179e334aaa2829be30eb,32908
r6etgsj8g_v3.csv,a8ab828d3db94969c41c9f1005132095db694a9574e2465dce5dd9fb3999dc05,32238
r6etpfg5x_v3.csv,97b1c31f86d626deda1594ac373df15fc151d7f860c341354ca068f228fe8192,40176
r6etpq4rj_v3.csv,b71171bd8e8e33d901a4ece972aa701001dd9c4aadbf8e0e2bf4447f5eb4a07b,34548
r6etq391g_v3.csv,bae404a3588bd43645b2c590ee6d63a378c6a39e0f2ef4578b2497aeb3e77ed7,32719
r6etrhyv6_v3.csv,3214431e94ba54ca00d56e53274cd11e8c677169a1ff6f7770ccd8657787a15f,32848
r6etsuuf8_v3.csv,359af492715d49d643807d5b3459c91cab523047553ff197a5720da5b5e2d52b,32641
r6ettqrxv_v3.csv,95d1b91657478dce659f1787d209c9f1ee8b222ac06737f624f9434d794ea0b8,32217
r6etumps0_v3.csv,59a9c33ff704d62376cfa7aed8d21a9927d66b6463bdca0d5065387530d8f67c,32589
r6eu1m68h_v3.csv,dde5c068cf6ebb6ae43ba951b25efe2614b88c5f0a9c64c63c715a1b8b60dd17,60699
r6eu25bt4_v3.csv,ded914d5868a28a8486081d931486d412d03cc5f0d674a84ab421c3b2bc88148,46486
r6eu4g11g_v3.csv,10c72558a0e47b20b05b033b5cfaeb35380b9e23a9aade693b62932994a5073b,61590
r6eu4ghxm_v3.csv,1a00e355292c719c7b3d2a11e92b74ab192853e237aefd4400b0496859b1d1cf,61392
r6eu516xr_v3.csv,ad1e5e7aaa63f279526741fbf5055e05d48369d82fe5b7b63fe8a5437d92862e,59285
r6eu6mm87_v3.csv,a6d790b547ce54d1a650ed7df616a4b1974cf24e1b1a97ff6cd202bef95b308d,61799
r6eu7gyh1_v3.csv,f1683870c2ece46ca19498cbb8b787726a2d91773c13dbd3edfeefc05a28d526,60343
r6eu93xne_v3.csv,1a686745ef51594a732fd13c6268cf3bbc6c2a66749b5a5031e1673c1a4e420a,57467
r6eubsw7k_v3.csv,2fc6f3840c627089eddd77bf8fe6cc0969edb5b038a9fb0cb0637ab893e7b277,47676
r6euh12jm_v3.csv,6d41133dbf9789f73f62cdc6b4295cded77ca205dd8224d1e32050447ef82acc,61150
r6euj4csd_v3.csv,45bfc082b40cf9573f7c4f756b5c127ab2c28304ce3a3365c24cb6dd3ddbc52d,60778
r6euknxby_v3.csv,a200222dd3be6903c9e9f828cdabec07e951caaa501778a085066ee58491c4a3,60112
r6euvdm8d_v3.csv,0c966b77e5f36b9013fe4aa6978637179885488b81945f5a57fda582c4523c6a,59922
r6ev06pxp_v3.csv,81a6811f5b3e1811102f14c1831adb774f2473e52ba3861b931234a4907ef0ee,46191
r6ev0efds_v3.csv,590a1137284b5c4cc66ec1f1697ed7d4713bdc9b3e47a3f3ac9d8403edfdf8f7,46360
r6ev0t2dk_v3.csv,196068215b44b6017013990795325b460a68d98dbddc7b0f340b7b10c23df854,45653
r6ev0u2gv_v3.csv,4bc393552cc97ec7f64e79cb86aa120a3ac5e8aeb05d1de723c0875cd0ed1779,46134
r6ev0ysyk_v3.csv,342b618ddaf3b51f1be900428ee74dfeec4f718656f3ac1c4adfcc0b7fa289f6,47960
r6ev20k5y_v3.csv,be47df51a242c817e4254f46c1371fe5c89b39e370571feb1dc287a7843d216c,40381
r6evbzx98_v3.csv,f545773398320cac3129b4a74b53bd2c4dfd0de6c94f85924ff8ebfc558b9113,41853
r6evh9b1k_v3.csv,c7b972882f3d96e285ae43b499f24c8ce9c070cd11912b2002a7e7cf00272521,60566
r6evje4qj_v3.csv,4e3520f5cd0450592bbe7e43c203e7e3a370888b3ab3f1cfc934b541f4b9a6dd,60908
r6evjtjhq_v3.csv,e8a3aa2e6e7e3a9a2fe1d5552b3e3dcb4b798fa5c3311e25828402b09b04c07b,60712
r6evuer18_v3.csv,7bf5a78c9ffde764c03e890b5e9ba65ef6ef011692bce050ebfd28174a7e11e8,60098
r6evuhyhj_v3.csv,ab51b596fca05ebba3c56c4364a01a6da088aa3d08006ea1c9b54cdadc4905a5,61048
r6evwupz1_v3.csv,940aa7896c16a9225fbb0fad8ef494360156c83a7219751e1c32162ecd5f0671,61482
r6evxhgtd_v3.csv,64600e9fba959250c61b76af3f5477825d7dc799c6473108cb0e4b168cbf685b,60854
r6ew00p4y_v3.csv,6e7f52bec6b81bee0c3b580d5b43f18bae44b390579e3d5ccc3a3c73d20b210b,33428
r6ew00ych_v3.csv,1986c2b02835b4236f532ef3c0f9b65372e648115279c71fdc5f8f66ddbd8ffc,33350
r6ew0229u_v3.csv,b61cbfc8fbb0da1f5a4f11863885429ac742d303bf0fc33158731f22c572607f,32927
r6ew08g58_v3.csv,78425be92fe608228b303cda5956b39233f8aa8f8d5e5fed480790499fe762a2,32899
r6ew08hc0_v3.csv,02f0fda5614e0a2f7cf81c246b1fea7ddd2f30733a4240e3b04dd01577cdcf71,33835
r6ew08m73_v3.csv,4b5df6d91414f15e950b859bd2b7c6d66578e93542aa7c40aaf9b1b68cb73ccb,33178
r6ew08st0_v3.csv,7a57da0fa98c288f01e250ef8b72d0763fdd82b5396ca066f7e8b0089f96d84b,33080
r6ew09hpy_v3.csv,02156ae1f68712c1c204c4fb4356cb2d1e88a2a228d7ae6ef020d8de78dbf667,33434
r6ew10n0y_v3.csv,c89a83e9632b00e2d12a603dd1b3dc3036200959e612c9aa11235ca577383e04,33107
r6ew10pmc_v3.csv,9d9585fb18246a7ff3524aa557eb7e8d05ca5142cdee1cd82bafd8a5e7de80b6,32784
r6ew18m2h_v3.csv,3271fb653abfaa596c3a0e61d00adb32ef392910ed4a0eb5cf9ff1cd61a4453c,32990
r6ew195zk_v3.csv,4c48d54e179bd479858c98e44eb48bf2737a26900603885d27f313b651ed189e,32615
r6ew1funj_v3.csv,02aa577e5edf91ef477993efd4c854d9324bd5bb4c03e4e8ba7b0c196109dfde,33011
r6ew3kv8t_v3.csv,f99ad0eea17c58330cafce719a6b5f8ea5d65f047173e2e62a4f8e00965a6956,33206
r6ew5wfs8_v3.csv,bd14c26c222749ee2454ee1a61088a5b0b517f8d109f316007c36d3c14aac60c,32688
r6ew5y69d_v3.csv,6d96f7165b075adaa469d468939ec9a6a9bc760260752fe61a5abdc3679d9cd2,32831
r6ew6mtvm_v3.csv,106f971c111f866abc213cc37c6c68d7c96a6fbeceab6ee01b8aed0ceb82a37d,33205
r6ew6yd7x_v3.csv,9f97de0b796d3de0eb2d9f09228bf19c1faa956e07331f29fd994a3acb0dc67a,32982
r6ew7rerd_v3.csv,adedaf5217b41650a58b6c47ed4752d72b095e2abbb3f9ff55b7089feb1e3a70,32403
r6ewkr7ec_v3.csv,9871ddb7c9fd352502a3beb7aa0337ec5e7fbb6f8af98e2ba2c6ea169686cd58,32314
r6ewnbeyu_v3.csv,41314a6032825cd9c9bbea5818a8adf175c9d7c86fc78874b48b77b953c98c8c,32095
r6ewps5st_v3.csv,68044688b808303a5d5a7b061c3e92e6945bafed65595ed6b82048e2773b136e,32502
r6ewshhku_v3.csv,39c89f5092d4ec89ce2770ef877f9a37d889102654d46e92f7f4d7c894510608,32837
r6ewyn600_v3.csv,a494b27a4adc91a7a0265175b2df524d36f71ec60e6ac2cde3d6d1f5466f68ad,32257
r6ewyn8cp_v3.csv,764b9f1f6d2816ad69f255e11ea442e7dd0253b9761eb4caa30736321525226a,32520
r6ex3r9jd_v3.csv,63b163fc65eb1e84fe16cc6c1cdd9b3907ee77f670e2ecc67596d4366c2ff03b,34157
r6ex3zb22_v3.csv,8c6e88be33a0ec883bb8c561f4e7f333c2010061d0db46fa1150f23a2b497fef,34421
r6ex3zz63_v3.csv,4717d41690d4486b0ccf06662935193277adbd3d2adb0fcf02731261c02482ea,34376
r6ex48r35_v3.csv,990f2d4d9c2c941d3d721ed66912337546f8c86781d5fcb50e102c14e45f52b7,33049
r6ex595z0_v3.csv,3de75956289f2931df4edc734cdc08f592787206920abd57b2ebe023acd13131,33087
r6ex5burb_v3.csv,9d53db9276dc4b50ab3dbadf2d8503bb449b5e6f64d7a5f51db56107c39f8e3f,33510
r6ex5dgrw_v3.csv,ea84f0faa0204f6383e6032ae19048476c05684eec86fd10fc6cbe819f606c93,33182
r6ex5sr1n_v3.csv,0e410e64efb945169e368fb2719d7577b185efb0dcb44803178459489ce8b93d,33609
r6ex5v3wj_v3.csv,9cc8c0c68a559ebfe42eef0de63ca0c8be3fdb7be6c14144ae64039ecb7ad44f,34289
r6ex8q3gn_v3.csv,e934a8f40771f2df8b3e96f2131ed8d3d42f550eedae512bc5e05474f7dddf43,34069
r6ex8wc71_v3.csv,7efbbb8346fef8fd24ac8fd67130893a0fd10b3464b38a6c8e92bcf64777de46,35203
r6ex92kdg_v3.csv,36edf9355148e8fb74a8e0bbf52780b3f27d5238a1a4b2f52f073f2baa8d1cd2,33863
r6exh0te7_v3.csv,a506715d20116adb1635dc60d3cd9bb6198b5111d0b2f0c45ccb5db86b6e70cf,33375
r6exh1163_v3.csv,00418e260e321090d29f733367a50346abd7f4f3d20f586084d01a15966119a6,33949
r6exh458s_v3.csv,5f9baf5866b22b32f6da3b4661068dcc2d6f1d30524959b9fd2a5e95a2da5204,33900
r6exh4bgj_v3.csv,dd65f5ea943f2019808c036d989f5152af0b734c5796205f06b589f4e08e1e96,33694
r6exh65mf_v3.csv,53479ffd9e7347e282ee42eff9c3bf40653dce2490de708bbb7f44a383225b7b,34405
r6exky20s_v3.csv,cf4d51db2941c7e2b64b1229538c66ebaae60ba4458812fc830c88b84f973798,34541
r6exn4q0u_v3.csv,7e79cd168e518b7ec8ed1656a39d2fb19d5d2b4150cb610410b7fae22d3bc34b,34008
r6exn5c9j_v3.csv,1741af4ec68cd13e218ec28dd8bd73884b34185d362ee097c125f1cee5c733ae,33835
r6exnjt7g_v3.csv,e3e2cbd61672229253b39aa996e15c94300e061a7e91523c7e2b4a3ee1142a76,33167
r6exnn0mk_v3.csv,ac808efcb93c7f66e3bbf8110ded6d18c964a15b115e67040a9df19e2de1aaa8,33723
r6exq2qpq_v3.csv,908d21dacd8f7d6c4f62d69c8f0c47bc734a54c5effda26771a12a7910ff83b2,34001
r6exq3qf4_v3.csv,b0713ac734afc23f7f8df8dcfbfa29807ed16938c31b7f7bd1f2d1e33039984a,34077
r6exq82s2_v3.csv,0317a6c0773cad60e800accbd45e2f2b7a8f3d47c19b6408c3b109433b1da5e9,33200
r6exqnfmc_v3.csv,ffa1cff317df53bbc4c54b9b096e6a09d9646a2ddc8e4e133f123fc59dbd7f83,33348
r6exr16kz_v3.csv,42aaac75fbb85cf99c8c16e09f5e9cc1fe1e514bf591bdd88e519a113e7360d9,33173
r6exrszpy_v3.csv,3a35beb71809494da3b6192e24be45d0c1bba0afb93eae5b232bb1aaa4d048fd,34600
r6eyf1gf9_v3.csv,b399c0005ae2fd0b733e899ce081c1da8f8756bfd4d34503eaacdc6c038ea9b2,44175
r6eyfwr69_v3.csv,d54f5e5b53215c7a9a5760b3ce1a8b605921cabc9a8d5ff4db3bd356f7fcca44,46982
r6eyhcbuh_v3.csv,9d045fea2bd8ebba4508384a2663f362e4d34a632ee2faefa2258b8fee0a6cc1,60899
r6eyhs3ck_v3.csv,4e2fee6e9c2366a1d6f19d6a44def1d0e64fd2c4b0dd05b545291027d0fbc94c,61881
r6eyju35e_v3.csv,c891ddf2ac4cb121e818af29395f8ec81196012ade3a80b5125ec75b1804aea7,60162
r6eym7g1f_v3.csv,fa73d9735573bb75afe54be37494b424c4f3ca7b22e4818eaa1c21536b248c85,61948
r6eymcy1t_v3.csv,448060ee45347f86ddf83e4f6f220e3b7c6c5a3fa5d95086aa88f731a2aa26a8,60879
r6eymd1g0_v3.csv,8511ca8dd4119deebc169ebd61356853c6b6d970d0ac42f21e66925a731330a6,62342
r6eyn9u4e_v3.csv,f3c618693656b348e8cb9e1f306c2dbc84565013c08f97a295b557a7c7809c3d,62459
r6eysrnpn_v3.csv,d56cef7d4849076f5a34c789fbbf77ca423824e6c84ebc76597968228742bf20,61576
r6eyuzg26_v3.csv,52e03c05a584178c99c9e673851116bad385d88cc90583be9c8b468a155c7e4d,63538
r6eyv6sz4_v3.csv,d8579365336653a644aa11be57c9c42cbe5185ce1c9e0022ae6cd2747334b6b8,63084
r6eyv7jkh_v3.csv,e79843b2c1bf68d3503d55b5dde2d54f8f295e45aee3fd21e2cb89f4f2be7c9e,62448
r6eyxm0fp_v3.csv,eda1d7ad08affdcf3a752f6c57f2b7c9cddcc8b42035dd5ee97ce0db8607d933,62653
r6eyy9kqb_v3.csv,1d4a34de75737343da6dc20b0220e8d1c0e2079fa271ded495f44a7fb7dbac92,62205
r6eyydju2_v3.csv,3c796906fa71e65ece6dd04bd8ee70c942ffd3f0879e590273417eaa19ef84c9,62814
r6ez4v0t7_v3.csv,91aadd1438f05c32809bdf31ddaa9d54ba29da367f66cccb88824354a29b047d,46479
r6ez5ndvv_v3.csv,d9b02eae67e8fb36b2cf52d93e0d140f635dd22c1dcd3f3a5019307adb2d30ed,48423
r6ez740q9_v3.csv,0064de186427956430945ac171b41a67ed128ed2f59ff179c2ee078fc857a26a,47097
r6ez7en0r_v3.csv,e02e08f48e64a57ec87da438a4266ec7e620653f67ab7fbc794d754ac3d79f72,50998
r6ez87buk_v3.csv,f9b8d6d6c167c19a80dbfbb46e588263f556c34283c643e171c13be8228d154e,33979
r6ez98f6w_v3.csv,89f39c88aff4fbf9c5e7c490dd15f6df69eed0f5e4be5c2cb4e82776259411d4,35297
r6ezepd8h_v3.csv,6d7f3394f729a0dfae378d4e8e034cfea8e767052c36c64e6967a8649a83156d,44821
r6ezepf5k_v3.csv,804e8c62ad50b01221c7987be5a787ca0f05ae4349e0155ac75b572b274e80e4,44430
r6ezeyym3_v3.csv,8ba85224f34791afb4bbfa29c0acf4d7e46ebaf841008dbb3104237b5e3e3da1,50370
r6ezknkdj_v3.csv,ada454ca5e377ef84b092e676b4bd3d50669d1979e245c59acd8ce8163fbc9b2,54964
r6ezn1hkn_v3.csv,a47541e5c7fda134a693fbe316154b334fc2ccb308ec0d9b1727c9c66c76fda5,63164
r6ezngxjd_v3.csv,9f8512958f8ca6f6f5bb24fb219bbac057219fc5f548b38d3f8e6f35517b8285,62225
r6ezpm32y_v3.csv,dd4162ef4692d5029895e96c4c082401c04fe863e3fdf103cc99303094c87538,62746
r6ezsp29m_v3.csv,00c5da712e334b4b4eab44b4b3f0930f4c2d9a46f98427518545f86274c784ed,50805
r6ezsq1fq_v3.csv,59995742a1d84d1902208984b91cfdc1ab561f35e5cc93f66f58abb9c1719302,53989
r6ezu1d08_v3.csv,55ec635d42446a8bbe40aadb966187335b4f9d4df2b4e9ed5499992a184ac4d8,49804
r6ezurvcz_v3.csv,db13ccbd7a2d0247ee4667ed1853141c82fcd1e1eb9a2ef0d0f6aaa26ddd01a9,50572
r6ezuz7dh_v3.csv,499a5fc016f1ee07a536114a435985c8447f970e03faf8f5fd9ab4a40f2b0aa2,54503
r6ezyqjzk_v3.csv,b7cfac06f4e043bda15bb1e14c856352c5a581c502602fe697960f1f78f4a974,63202
r6ezyte76_v3.csv,0839c22983cde39719a38bc8cfff88df05aa60eaec188c2960a72b7afceaaefc,63106
r6ezyyczj_v3.csv,d83bd072195b320c72025435c98df837626b03b01367a5e817ac8277919bd803,62417
r6g0fju6c_v3.csv,12e0e90c324ffb949fcba70f15cda4b7c7df3c30cdb03e299e0ee2bb72f59662,64081
r6g0g9bwc_v3.csv,df66521088254156298ea477daa53dc31e14cf6d34a9a4b857336f339ca63b5b,63484
r6g0kcp6z_v3.csv,faadd4c3fe535b73a6b29547dd10ee7a34d59172261782cce2befcc6698c6432,52941
r6g10vrhu_v3.csv,fca16bacfd1564fdc4cfa2060fc9704fe1a47fddd4baaf75452935f5b6ac6a16,64524
r6g13217f_v3.csv,b8635b376ebce2950ce29be604f3a6fef67600aa04ad24fb3305f85fc67d0c41,63880
r6g13s08w_v3.csv,83bd1147df1da10700a0c26bd72fb45a893ac1f8098233393af4a2cd661921cc,64026
r6g13tdj7_v3.csv,fdf4bf6937dad561392316f536c433741d2d999ceb0a02ec097ac56ca64acc5e,63324
r6g14pcke_v3.csv,12642f426dea4a63ba3172c1b81b3da0879563c1072ad41d6141acadd89caafb,64346
r6g15bykm_v3.csv,6398549b542b70236f6c6b1c369996ab3a992612cd84ec295fe49eb5fa089052,64284
r6g164wc9_v3.csv,b0110300ac1640147418fa0b6079c46c95f946b030d6756a377e93bf9d989719,63802
r6g18dqvx_v3.csv,67f30eb37d1aa5a8848f13ae6cfbad69268d591415b61438a3d4282bf2f4fce0,64405
r6g1hrmpj_v3.csv,3b6c6c8c58a0d3ec1583f19fc2f49171dbe298ad90984290b6dfbea371082024,63278
r6g1kv7ts_v3.csv,63d5851c114ac3afee2160fadf5d25589f15243330150dfe31e60205e6f4b2fb,62489
r6g1qu030_v3.csv,f43d803b1a7353d9a6683c33a59a6f31d0451c79c9cb07ba9d431d4894359216,42525
r6g1qu1pw_v3.csv,4a2640c821a982bfa86cda16ad51fa733ff7278bfa9142b0552cc54006e285ef,41895
r6g20pf5n_v3.csv,c8e4b1d0c27514193c81f28e92e741af9b1720a7a997c8a6d9aec2693e102acd,36003
r6g20r2td_v3.csv,7bda5ebf82c3e52c814f5561fede662bc33b7cfa06372257c9802ca01ea1f322,34480
r6g218mtk_v3.csv,bbfeca31a46b28bf9ca67242d614abe45d300282645cbf601d527e0afec3c797,34072
r6g21c2up_v3.csv,d69e2964aef5dd0c7d8e2ff6f22265db7a0176f3e58ac19af236ac7a4ea56ca8,33654
r6g21uqnp_v3.csv,11a68badf3d3a63eb371b672bea362fae5f51d814194b1fce6fbd2331f2ec803,34653
r6g21y8ud_v3.csv,036ea610625ecdca58660399272096ca96e970889e32a2cc4f27fc9c012b621d,33738
r6g21ywr8_v3.csv,20d5f6bdc4b95e08731e8503858df894c537beab04121d92922aa67982572701,33756
r6g26ryp7_v3.csv,695aa7b1952be7d3ea6b93aa252304dfd5c9b81d18c30f173c288575bfe71e8c,33156
r6g2gg65c_v3.csv,e052c1cb68e39e121d360f01630d3eefce9d9f32957234dace60a7f1e892cef5,32758
r6g2pyces_v3.csv,e81b15080aafe4c754b46a335f98328def4680ff3dddee51ef319c0053cee20d,33761
r6g2q7teh_v3.csv,2ff262cef684c5ab31123d4c34a648e58810871a02ea471508a9a64f98c42f51,33989
r6g2u931z_v3.csv,d10fe5937effa6e2f317eb0bd4c9ef1efaf7fffb5073ed23f5e90fcceb7ba766,32887
r6g2zmepd_v3.csv,99b1e06d00799f516c16a26c48091aceaa14fcc5f4cc8399f11a828b09cbe767,32694
r6g2zqhtc_v3.csv,b082963bbb68b0560b94f34ec0dad9c76634616ae3de36f26bc5e380c3bd0b21,32878
r6g2zqj84_v3.csv,22b3167312476d087b1332906fb461b4942180a7a82464e5b7754f0b7d62d2af,32872
r6g2zqs5s_v3.csv,a9b546cbc307c3145392bb728f3cfada7b0d0e5e12942638d890cb22f2eb4ded,32757
r6g33prd4_v3.csv,10b28bb7a732dc7cb529111251205021b7bd20389aab61643e7c937986a06f11,33986
r6g38q28q_v3.csv,6bc51bb61a58bcc95b19ec04ecad93d43be21d76d3c1f103b0c483903f4fcfcd,36142
r6g38u7tm_v3.csv,112f1cce43e1cfc02da55dad8256a00e4e98e64c191d30c774efbeb022e4ce7f,33924
r6g39ujz6_v3.csv,3235e6f7790c5f4792f1d79e5a1b6d975a15c9b45ee50544147a78e991c21c2d,32890
r6g3bzk26_v3.csv,7eed393a54b95ee8127a6958e1d4ef9333d5505f7fcabdb8172c0000822f226e,34195
r6g3p8bpv_v3.csv,63f7f4adf5b9df62d94250abc084a940fdd7bfdbf52fe36e7fadcfd7908c2598,32800
r6g3pq3hx_v3.csv,0a28e37d0b2097c5d4bf439595b35f2d5f3c051deacfc257071bed12f63983c7,32658
r6g3prb74_v3.csv,35774d6f8a1620aac52368f1bd93412c65269b118aecb8b8d236de1499f0ef09,32179
r6g3qy8fd_v3.csv,ab9e16478d853a865ede6b777a059f4645751845a159d7a9bdb6387367513ecc,32757
r6g3r392b_v3.csv,31b038205b2c001af05b8dd1dba78f8fa5d7d18fee4ff00f3c60c0d641e1d82d,33148
r6g3wtx2t_v3.csv,de77f7840fc187f96421661de0b0cb81a801475d2716d1ea409f45b27a24f002,32190
r6g3x4kew_v3.csv,a89ca4fd8f73e39a9c266a635aa672faf506c26ce2a253b3defe7d6b1e2f1c6b,32519
r6g3x5cth_v3.csv,3081460de96546a0b6a0f918f24e626ccff51bcfaf7871d3f047b5f5ed60c694,32353
r6g3y8jrf_v3.csv,b13a018dd8fd58d223d16309a046e685d39ad42e7b90c2c1f1c73b5ddf5d766e,33454
r6g3yc82v_v3.csv,592705deae34bab8b7d1835ac4660c9d58e96b483129c977aac86b754fcdc381,33077
r6g3ycguv_v3.csv,5402b0346690863f60fddfb0e102677c1d12a0632c8b13c643eda5e917b6bc2f,32650
r6g3yfe4k_v3.csv,2b248d8a940f8250f33f81c67910167e91ae0ab309b5e1a794c8061dfe0940ca,32558
r6g3ygmze_v3.csv,966e56e7c1f9995dd65d04dc568fe7b74f94a7ffc213838df448baf3146b4ac7,33181
r6g3yuppk_v3.csv,01ab2ec8251298051079f416df4f440da972074097dd4eb9242479f6cd25ec59,32301
r6g3z0u69_v3.csv,d74845933dfbef8555bacc349f935fcb3ddd4e934d8d79bab2a3d49a47af3f20,32537
r6g3z31kp_v3.csv,96b749b79d8560b670622138239338a5aebb06c59818dafa5a405cb0098a77df,32390
r6g3z36bk_v3.csv,b30073b6cdbe3f4997a51cba327fe21e35e53d7a49f20cf61485cec0dd0e7007,32879
r6g3z5jm3_v3.csv,db318cc9026e65169664b9926fa8e45fd4dfe18a65207a2d6a126391a089bad7,32250
r6g42dxvv_v3.csv,d492de3f00488025a5903a556aafe7545ac51ede80ef869bb5af776a8d79a095,64456
r6g495vvr_v3.csv,d35a8120c95d09e518477d838447f83e1621b758cba52ad0d663960863319bcf,63836
r6g4cq501_v3.csv,3afce6b8e76405cc4296da38d02efa3c4c6a3655421ebf641599cb2878bb2a57,65600
r6g4cqm2d_v3.csv,dbcf625bc1af6ce3cc3bb3f42e486bc6785d429d54a43b7fcd403c52632068cc,64440
r6g4jn4w0_v3.csv,d9b7ecd87a1ea39b5f307a6dda34a25b6410716ee818c2f3b81c1729bfadf85c,62684
r6g4mrbf6_v3.csv,37c78e4a27b170e7408823f9d2f643487805ad6b205bf3e7f22e97838fdd81ec,63555
r6g4n358q_v3.csv,a01a6f6898ad67fb71e7630cfc72ed3eec6e1b3eb4d0255d3f6ff9c6657f5b51,56409
r6g4s6uvf_v3.csv,0a466307b5b8be24f538adabe1e1bb9f9bf2a25d96aba658812e9dcd06fdab34,63824
r6g4tbn3u_v3.csv,59c8998ea624c8acef401853aaf6a2c5851c1b67fd3a98703bd34457ccdba555,62765
r6g4tgwkq_v3.csv,8ecddac74d941593b9132a1579b8e387277efcad0a4e0ada3d0b6dd87497a6a4,62488
r6g4w7n1b_v3.csv,0dc3970a61fda0346ff77cd1ee3399cd7eec3fa2e7cc375070e5993ef7268dab,61103
r6g4wk8rh_v3.csv,65cbd53844f412f6440edfccbdda6372df4b9545009301dfc98c8a601872d187,61963
r6g4ynpe2_v3.csv,6ba033ace310ea96dcd9b36eb620da500b29a8ada89263cc1c68a6de204b1aa7,63940
r6g50bqdj_v3.csv,827059665e59b53877687ed97ccdbca51a2298ab31895167f46664c34a78b2f1,66016
r6g52zfv2_v3.csv,34a3fc24bbdea0e2bd9adff4ce70ae9c1c736f5439b195fc298e1e7ffd6d5195,64225
r6g534vzh_v3.csv,7dacc08f458e1ac38b22880aa13339acebb86308852b82dfbea73e0f9f14c083,66268
r6g5365vt_v3.csv,662c00703c71236489eae37bb99e0085f5d022576fcc0a546b62240ef9b43661,64901
r6g55y958_v3.csv,d374ad3407949f5368780d729de70ee33abb81f9daa15dfddae448e87e7803b1,65010
r6g56nwg2_v3.csv,66d0212404238a202b5b835e9b37bc724d4619bef12861edce76ed224c72befa,65278
r6g57vu14_v3.csv,f6e7a0b603b6a3d5cfbdaf8c7f115a21b724179d02eefcf0838276f2e0c41d53,63617
r6g596ddr_v3.csv,e4a5af5d1d44482f986d37dc0f9230b7106ca32e7af83c34431c90d487a3305c,64838
r6g5c3ksp_v3.csv,d0f2327cb73bf7f2fa753cab5a3c05cef298daa1cdc97c44d722ae5801f80fc1,63720
r6g5fkcme_v3.csv,88023828dd556bf6905faed775b7c404b4d11f11fd4e7d75b6e0dca9054416f8,65306
r6g5m5svt_v3.csv,cf6a9d41aa1212a5159cc90bf819b1db2b5d38eec035165f298a3749bfa3b5a2,64703
r6g5pydp1_v3.csv,ebb4e7a2f596284d228dc3e2405d39ff6eb52d671ba6ca126630cbd59424cbf9,54342
r6g5rc0eh_v3.csv,0aa3323350ce655f524a9ed40de40c395cb07af73c2beab3cea5cf5668946bbf,54817
r6g5rf4yv_v3.csv,9afbf6d34bb8ee66463e657839598122fab690c03a6a5b7012ca7a65a88d7738,53975
r6g5rg9nv_v3.csv,232795c8bf38e770fab72b3458b498d324eaa09a8959123f32e1399d68bb1138,55493
r6g5rmtkm_v3.csv,4d9e976fa934f11581bcbe7398186afd1d31bd699a234bf695bcc23c617a4e4c,59754
r6g5rsy9m_v3.csv,188b4032c484fe07a7b6c3f983590e31d3f3d50552a28d0ffbeebcb6ef80052b,57017
r6g5rx1qc_v3.csv,b88a45693f5d39bf58e67f5a36e62ffcb01006ab36e084c6cb3093f02e7719b0,60021
r6g5s4ts8_v3.csv,a7d49dad375cfd01428e842ae76016a1c5380d4b7cb91114f8f132c85e9cafa9,63163
r6g5s5v1j_v3.csv,01fcd80bcd3207cf923572aebe0bd3b7904bd8784e9483a9932f1d3dd45a3667,63408
r6g5smyqt_v3.csv,b88f7c2785a1b0256b10c5cd9c92f66701b3fe47382dbeb7ebfbfaabaef5ba1e,64112
r6g5w9txb_v3.csv,e952a787e9c2db241e0d00aa3f5815a58c59f0eccf1af3ea8571afdb29e7b1e7,63169
r6g5wb086_v3.csv,b93f2be890b15b52255b7cefac04a6df3d411cea1f46a30617e9a8c14d555263,63329
r6g5wfy45_v3.csv,1bca5ec769d07e6d8ce6289bd213e1b285f134d812e2dd04a7366c8a2ca8d335,62466
r6g5x3wp4_v3.csv,69cdd9be36032ea28ff460636bb307a3eff6f38c6323ba0b7b07fbbfa0dbf826,61087
r6g5y8sqt_v3.csv,44c734292bf825982fe77150e6596c9ba09209771c929209f17caa5b50bec5d4,64664
r6g5y9eme_v3.csv,11d8abed7976932fe14e6d0e76ac3771312d24eb9625cdd0855f05a4e8e1809f,63957
r6g5ydhq5_v3.csv,eceb33ee707c29fc34eccc5e9c849b65959154884fc086a23ca12bb8404a187f,63751
r6g5ye8kf_v3.csv,f7d391ca536025eb1edfe5b2ae452e6d2a3030b17141f6c27aafa071f80354e8,64853
r6g5ykxzy_v3.csv,ea02229671b643c1ded136de7da96f104dcdb2157cdfcdb292d055425dc92546,64105
r6g5yr3z2_v3.csv,19b21611c7e36c9b69b8b837a789e28792566ef520c43f7e0d131d4d565ef147,63295
r6g5ywwrt_v3.csv,413d1bc1810d890e7a1eb268dbbdf0d703ff3295670fd40412665c66dfdc9b2b,64619
r6g6566jb_v3.csv,8519bdf2373e8c7c954c84cdd1eb56067aa4f3eea9ed476ed52ab3e1db36eb0e,32980
r6g65yeux_v3.csv,55da4e48a1f31210e27eea705bcd532f9b0f2cade28c9063c7676730d709de1f,32340
r6g65z71u_v3.csv,aa5af7b8a842a6bc52b00abcaaa81a146a1fbf1d3bff3f358f910d0eaeec67b9,32478
r6g673e3g_v3.csv,c39751a5e717f2a2cd778ed7f7232157f2dc40536a6e052d8d65bd25f6ade91d,33517
r6g67hhbk_v3.csv,d8ac0e7273b2a81ccb6944e9ec27c731fd008cd5399773dd42b7e8b0db958d76,32610
r6g67hu49_v3.csv,b61f0410f3416b3a041127e1e7078442bef64b844cf086bd77ead73aa1e92afe,32847
r6g69wz86_v3.csv,9497db09a032ad0bb83f76a10fbb238262066773394dee459958b4be1c9a2e2b,34996
r6g6bfxs2_v3.csv,2b61a4daafcc7682e1667d7fd38aa51891aad052d4c093e460b745bb864e971c,36908
r6g6bsmbz_v3.csv,865498b70a0bc93f75064555687719fa07f66e0e044462ac921fd9c59f791825,40751
r6g6c9ktj_v3.csv,6eb12d40fa3a9f1770b65978ca19109c6b7ef25331bf575108682d1c72c56dc2,35048
r6g6cbnyz_v3.csv,26d1c139f6e77ba2395db32e01af6e41f747ad83d88108e4d6b926f8f8744ba9,33964
r6g6cdhdk_v3.csv,247f9cdf844c1e9483ba7ddd87758a32467676521f2094d4fc9c214d8c65d493,34901
r6g6dcc7k_v3.csv,680d1ad71c5d02238ab553f3c6af27d198ab75ef30cbefd0e1bb7b82af46e55a,32999
r6g6dg1cs_v3.csv,0874d16302f4db753b16944177e42a0663a5641ab0067d1c7a3baaf9e8ad64cc,33505
r6g6dq548_v3.csv,0fb85e1b51cda8a48d1e534ff5f54d0934890a0050881704228000f83c408a78,33681
r6g6dsqee_v3.csv,6f8783f3fe895fd45672e61d5b2ccd73ab74d6f972f6ea88d5ae9711784facb9,32805
r6g6hg2y3_v3.csv,f4dc0915d5968f35643da9a4c8aa2d86d46f8c64d22dc68881ce08dd9c6a8490,32845
r6g6hh0uf_v3.csv,0fb0e6cc1e994b4fb7ead59c31888296ebfa34d367e972455b8b26a65d4bc8c9,32327
r6g6hhuh8_v3.csv,777ab16ca8421e3eade10cfeb707854dc3de812e22a7a3a632f17af3618c9d95,32370
r6g6j1ue0_v3.csv,4bcf049cd006be523cf7b07821ae5d3824eb3f5da893a7a5162c88cc727ec0d7,32951
r6g6j85mb_v3.csv,46b008c8690b2db85f076368c750e8872401c8b1d4bca5b9e2902c8bfef6bca5,33014
r6g6j9cv7_v3.csv,fed53f72ff4293df6392c37b1170f8778ad123c2f1dacd3900cd26820fd3b0c8,32423
r6g6n2392_v3.csv,7bf252a28ab2bd461ff33ca9ba0c3e7daa765d844ada02ce9a9c71b38521cbc3,32985
r6g6nbbh9_v3.csv,09e3518d1c37bd7157c466d721d4ff74d1cccf22b274b78d12febb3d931f33f6,33450
r6g6u1b70_v3.csv,a5e85fdb184dfa48e0e37bc469e88ab4a960e5681ce385b5e89aeeafaf015535,33461
r6g6vcuxb_v3.csv,5b198eeeac356f6c4c6c534896e75389540ed3ac41265fb8c7f8b7425e27c77f,33162
r6g6ven7f_v3.csv,8bec288840e04f68655cdb930829749ae31eddfa3cf03e15c6bdf9be01b3ca1c,33459
r6g705fsg_v3.csv,f1789e4f9a6f5c7079a038bc2d4f605d6e666c4f2eaff3cb1800304f10de5f82,49092
r6g705vwg_v3.csv,7032ceedb63d40d16324300f0cec4dc7dfe54db5ea3bc7d1a5e6ae8f6dee5093,46165
r6g705zu7_v3.csv,31a27a5bdaf04a2d182bbfca3b0e2f431739d2f19594e548191a4cc7bc26fcbe,45593
r6g707dnx_v3.csv,7bbcda27feff3200340fe9e041781597e40423de4c1c7d6797d20ca0871e99fa,44547
r6g70j0kd_v3.csv,a2a0285bd1d33e6ec297c40b8753272687f7f5477a3f5309c2a81e56a43721aa,48310
r6g7vjdxz_v3.csv,305ca0b87b3ab985400252ac73bee811796860b9e6d71748e702eb62f3ea2b26,32425
r6g7vkxp2_v3.csv,68079dae7da8e26dc36481467b7df1d58a1fc24f699d922d0b815e07f41ca274,32698
r6g7vsc2u_v3.csv,ef1cad28f3bff58af877d4166553781be8aebf987f08ca28c7e93cd6771cadd6,32938
r6g7vvcjs_v3.csv,4a4d82400e9cd52d2db842b49ebacbb36bfefe29be96db59c766982a77da7ae8,32259
r6g7vy5tf_v3.csv,87803ac6afb9551bf64c93dcfff5b855fbb3d444d5cd30385f703a061f87b5b4,32773
r6g7xg8j2_v3.csv,40e70cb46c27f61400be6758a540e18f67d36bdc1f772befd7667b750f090b43,33461
r6g7xzp5m_v3.csv,e7e45e876ffe4553cdd82a31f38d41c187f6564c0d9eb1fb247eaff2bab1e3c5,32862
r6g7ygb5q_v3.csv,5ca920c4750b8d68c80f23b95d646c85138ec2f73385047fadf887ebfbf855e9,33018
r6g7ygf5b_v3.csv,544ff537ef37c0d092a960327e95880e9a6b46892a4fc6cce882e0fa125b9063,33233
r6g7ygvtc_v3.csv,54721aa8816990e765d5e1954da66f8757970a11906497e09aea6537d27f2173,32402
r6g7ysgnp_v3.csv,8e19c30153eb5b6422a0cee76ef3d2489665a35f0b129584cab03c7a349c1302,32471
r6g7ysnpy_v3.csv,62559f32e9fa7ee75140adf65bd2a62ec2734f3f70de4491e566fdfdf986ea8b,33020
r6g7yt014_v3.csv,1030bd7bef869e25d30080a8a8e773b829e72720e4b6ebe81f30b89379dce909,32764
r6g7yt34g_v3.csv,70f5fbd2d579583bdace059783c182e28316be74f35c8a5249c72b5badcfe03f,32887
r6g7z39xk_v3.csv,82f131945519a74b0ba117e2e485b35db58d762ccf99f2518c6d4d2d05f13c71,32642
r6g7z3ve2_v3.csv,0bb22a6c89aebad9f8605f1121a342881945efa8a7d9ac7d1b8c5b1e14bb15c4,32726
r6g7z3wg7_v3.csv,4ed67655eee9cc50d35fddf8325f4733625c02a1562a7264573518ac6e19770b,32886
r6g7z464q_v3.csv,52c373131728497f0b3bbf1ac3117dc44364e4dc3f3c0576345bc772ad38bd3d,32400
r6g7z4bpv_v3.csv,7e0ce735f07d2c7090a56fe21462b954e1fe779c6fa97e545076faf02ae76cd2,32544
r6g7z4hd4_v3.csv,a263ff8a1ca4644d87ef216e1a79f748b21f4abd879b58895342877c935480f3,32657
r6g7z6h80_v3.csv,a5012ff1e73d140380032de53f222aa2c202cdae6add5fceaaa842827a057737,32575
r6g7z94q6_v3.csv,ad20c00d7e16bf1ae576868f495ff8c7d3aafdd465b9407b88acb1d527ca1fed,32887
r6g80w196_v3.csv,b1d7e4325c8aac575f8c98c3f37a2ca4265b9501e923950fe0eda25ce2c0df15,34305
r6g8ewtrb_v3.csv,c73a84b17677c7dcde752d29e8fce2dd85829991f9498ba652d074371e15f43b,26676
r6g8fx1pt_v3.csv,e6362a33cdecc86b2a830551a18a976041f78debbd9b08c5874a816539b4f9b4,32752
r6g8ksxnd_v3.csv,1d262470759862c91ba971104117266dfbc8d15485ba46df8a3593fb79cb073d,31957
r6g8kuh4y_v3.csv,7f40f528eee915c4bc941576ebe9d14953848791d8ca4facf0e6a21cdfa7c0be,32714
r6g8m8zf5_v3.csv,a2b23128d9150ed20f84500e1d767259a9a3b5579a07175c591999d939f5c41a,32732
r6g8m9d2u_v3.csv,6bf282801f6d8da83863607dd60d9725e8e5817820a494f36210ffdf7402e789,31934
r6g8mhee5_v3.csv,33ed41d416dce3fef226e6f097b8e5ce42be856e69a3a51bfa3df683739068de,32062
r6g8pmze3_v3.csv,2dba0c7b57ddb5e64e58b745d13f2990872fded4a24bb1e944d62344af076254,31891
r6g8ps7s6_v3.csv,b2e2b9d5e35a4de6425821de058cf0fe45bc820674b7921f5449382a1cc3185c,32603
r6g8pywws_v3.csv,592a23cc13a836867953def8900874f17cebc7fcc6a4a1b9b123eb29af402a3b,31960
r6g8qtsgn_v3.csv,0668e86da547990fef037ad78868c37ab6826c97e1dd58ab91594d8de66586fe,32347
r6g8qux1b_v3.csv,52ca2fc81781005d442836561af92a1551a858f48770b53a0425a8b981cf6671,31755
r6g8qykgw_v3.csv,aa972c381f1093d5c0c3f0f1a202800926e16cef75236b61c6ee28ac8fb37de4,32498
r6g8r4k8b_v3.csv,1bb3c23c61d16c33b3de46cfd3c9d45edcdc505a169190a1341693278c9e64a7,31811
r6g8sk20q_v3.csv,9a8f41ace0ec7a32d33f11789ce8608792f18f180f8ef6e849a51b82dad3e433,32099
r6g8uy5ve_v3.csv,f395cb84781f6edbe64ca8f589be461197cc794164f8fadd4bfc959152689455,32481
r6g8yzg49_v3.csv,f8e265f455d5b40de98ce4f79cdfaeb131decf0dfc52eac943e6a7b715f847b6,33418
r6g977m05_v3.csv,38af7a6868ce2e58a956e51eca808735c21d2f4fb00c8ef4c8265744f5c7b49f,32451
r6g9rjqp0_v3.csv,b4a26a89f0b51d0c39f42849d1fe067406f3f0f82c2fb1c65a38af9de9302e56,33245
r6g9w3duj_v3.csv,c09168d825102753efb995c9fd8aa99659ae21804327ff2c43cd1fbb14bcd47a,32516
r6gb0qvz9_v3.csv,a8038ae6b85889c1ee750492eb191ef25d9cc42a09601d8fb3f52c4f3a40f31c,32300
r6gb0vxjc_v3.csv,1d85ff43aa033d71ebc72af04bac22388286b965e1f215f4b92d342d886c43a4,32525
r6gb0yhb1_v3.csv,c19897bfe03b24bedb79ffe46e4a99754f7ba83529a96187c5a4365ba97ee8c2,32681
r6gb2zcnf_v3.csv,08b637f6cffc5319502b0e2d0f250a1289c00f8a3ce7ff01437b2c0a8728b6ba,32412
r6gb2zuy5_v3.csv,b4389c162183e32adcb90d43d2bd181051acded829e922362c94d9f1ca385c22,32049
r6gb3gfrv_v3.csv,aac72bb172af99e33ec88173462ee73f0381ee75e41b48733cf672f5a1f449b3,31805
r6gb3hdb9_v3.csv,99a0c94130df6e3fb394ec3ffb7ba3d0bc64923bbd12c098f7fd8acec620dd25,32678
r6gb3hq68_v3.csv,8477fbed49b463e6ba672feca0986a067a8bfca1384eb6c084442b11aebcbb9b,31886
r6gb3pb23_v3.csv,f8be7b05d8c4e3b24b937c84f81594430f7e8fa12e7c7355d557208dcc89ab59,26814
r6gb3pqtc_v3.csv,144179d1bf0b3d1fe4ba042d3a99b1a6c77a926eeb52e218de26aa31eb353d15,33064
r6gb3rgqd_v3.csv,d38de893cb81470953e8b9c1aef5cd952a2268ab053edb38b14d0df294d0749b,32565
r6gb3uq3s_v3.csv,88c9d5893adb1ec64324853a6b707ebcc7b9331dd0377b67371d34bfd0a75c32,31703
r6gb3uvb5_v3.csv,3bdfc1bc63a4a6e30b1ee4c5070740887bf1f3db9a5208e48c441faa71f839a4,33008
r6gb3zc1r_v3.csv,f9498e40c19eec0d7ddfa886f9a0f0b96c119c181337028f5e34bbc9c46474f4,32015
r6gb3zd4d_v3.csv,45b0919c2590b6ece4279a70450696c3102f16f02ec337f70bd3447f025a3c4b,33111
r6gb3zwvx_v3.csv,c2e3330ef70f0f9c44c03db4b7f40cbf025762ced38df97695cf6e83a4100538,32888
r6gb4pz7d_v3.csv,73ac69b876c70eb4361979e0bd0910f83715f5f31e206cad37d8309281592789,33401
r6gb4xcx7_v3.csv,55f4d56e69d18ad650bc25f271ced48d0c3a4563b149156f6441c19429194810,34399
r6gb5w4nt_v3.csv,19a819093bfca2091f0353d12a32bc07bee45129b74aaad9728976a88a3ae8db,44378
r6gb679rk_v3.csv,b9214880a30b3dfd5c0dafc5aba3906e3b1097eb04f247460dc3d4b9da72abaf,32718
r6gb67fpx_v3.csv,52853ab3b37868f0b889147b23d990fa06fc2a2d40ddfb5eee55594394e3fd13,32512
r6gb6hgwm_v3.csv,aa25e808288b9c8f101c118e5d2969305828efe22c4a56473e58385b4aabfe6f,33597
r6gb6hks2_v3.csv,a8adcaca3592b7f3d6877e644574ce46ddaf50e2fc6785ef523c27d7eb12062f,32375
r6gb6hw26_v3.csv,c3130d13fb4745496586224051bf66d8c6a91dcbd3f63b303be0924b898b2cdd,33545
r6gb6k3yw_v3.csv,91734cd32ee2a02c8c03ed39ea75cf6a787ef32a0d8b3c1c41da09b73bff8c2e,33204
r6gb6ktgj_v3.csv,b4fd12244dc9ec23ccae697c76f7871362485f0f0d48f2757b29483165ba2ba1,32886
r6gb6p86r_v3.csv,b5ac3a69a722ea3c9513c42e2e5f6c74fb522e4afecea1288323bfa6aed3245d,32782
r6gb6pfk3_v3.csv,99d175d516d3678c6656c4eceb411efac46b641910b1cd1ab1f1984cdc789a9b,33400
r6gb6pvd1_v3.csv,141498b8a0abe3bea654e68ed586b833ed1a6617a8e6256c2678442573c3a834,33255
r6gb6pvr0_v3.csv,0218948397a4580a51c4f493a37e64234769369f75f7932d6e5a2a148d98d38b,32349
r6gb8b7x9_v3.csv,000a67071c131b1c2ae56c6c213fb81d77c03a2f7a357e4c62b2ab658f74e197,32605
r6gb8bf4y_v3.csv,f6426406bff9d6a89cefb133f23744742be26fed9f5c5109f5baf9d8d3b8a2e0,32814
r6gb8nebe_v3.csv,fc6ba25f16644b0f3c1966186bc08020d8c12ce180d402483634e4b31b6ab09b,33348
r6gb8rzrs_v3.csv,b84763f1680df821a82ae1485a313cdb306836fe28f565c206846d3ef10025d6,32694
r6gb92st0_v3.csv,5e1a387d841f2d3d74c29dc4faed3778eee6645d9cf25e731af3249506299c28,33173
r6gb969cb_v3.csv,57b35b0873be19ffa874fdf80d62da5376ab7865261a6c4942f89bc0011473bc,32958
r6gb98huj_v3.csv,a88cc9c77ea7e87bed07ce2e830d16b8b71ab485c0d4f33344595cb1dc6ba006,32834
r6gb9b6sg_v3.csv,a526acf8bea15e0009209fd4a3054e7aff256889dfb6fbc396d5beabeb1c5ad2,33648
r6gb9bmc0_v3.csv,0800806c3cba428ed28b1901a9538d4ba92cd780f1d22e4f9300bf84f9e73f4d,32212
r6gb9bsnj_v3.csv,2a3f840adf0bea23c86448362c1fa04747ab962cb8c11add8a04c989bc106c8d,32760
r6gb9btw4_v3.csv,1c928ee478967f8d17274e4b3a08dce5b2c0c8842f468cf57cbe3ca6be4bc53a,32269
r6gb9cm8s_v3.csv,eea2aece39d4f660e47ab028f074d786690631e1d207d0908644ded9d78e9d5c,32982
r6gb9u7ky_v3.csv,943dd3eb4b85db5f372ab59b4c700f8d78edf256cf38638b7e08966f509b6785,32075
r6gb9u941_v3.csv,2f00bfadaee5b33ba7fc4491501bd16399002a941510c36ce55ea2c6d0c98ed8,31987
r6gb9uuqw_v3.csv,b979233b20afa50228907221170bcab00b14d5e843aeb3dc05b71b5cd5db5e99,33295
r6gbb2v6p_v3.csv,b140bba6945b5a9f1298c6583e77acee904fee59896fa7686c7252a7d2894896,32779
r6gbd0cdn_v3.csv,e46473fe5bdd647e24edc7d69b3a9da9d4066cd73bafc66af5b38fcde52b95a0,33360
r6gbd0qbj_v3.csv,92166d839a85d1f2ebeabac21a3dacbd8f5d9a14f03e2fd8774a96a718f89c92,33755
r6gbd1h7b_v3.csv,9da6936a40dc48731dc7bdb170fb7ec9ac6c40f0334c228b55e7fff72e8b01c5,32895
r6gbd3h56_v3.csv,153d01db439fbd0715404ab2b6daf53dac419f0d64e84df6a42c48a5a2988bd7,33168
r6gbd5rsm_v3.csv,aab6dd4f20b2d1772b378a17d6a4349eda8a77b5eb84b817e654cc9fc69fc379,32632
r6gbh33v9_v3.csv,4cea8b5a42c2f909714e4c3e0e7001b09cbe5ac3892662c357b8c0daca432ff5,48633
r6gbh3s1r_v3.csv,fcba389a2c11000cd08f4a85a236965e275a6be23c2923cda9581cfeed17551c,50000
r6gbh4tw6_v3.csv,103be5810e4163145e3b8a7a517a11582f16b18cb32436d3dbee64e9ea06f466,48826
r6gbh566d_v3.csv,877f8971d49422e16872c043a99e9448bdb135360b4bc2d69aee7053db701153,47859
r6gbhd9qs_v3.csv,3b240aee860b813f9a4ab1b5692157caed95ddca5220eff3c4741c632dcc884f,51729
r6gbhgvd6_v3.csv,3a4a54eb4aff9a7e08b924a100cc3e848795444b18760776c7a5fe5b6fc963c7,55427
r6gbhgztv_v3.csv,1890b179f0c9b1bedacaf543d921e9af98b707a4d3a29a0fd2ece41952fde653,56901
r6gbhhqgd_v3.csv,2a324c97d26dab10488445c8c5745c52f8a064d8fcfbb8d3d8693aa6d2240858,49704
r6gbhk8cm_v3.csv,81e4edc75fb45aa6fc2f01da8853a9e5d100e512e9e01c30b7e96015967fe9da,48688
r6gbhskbg_v3.csv,d1ee47e39e809cfad5d25df07e7a7bac975904a5978bcde913acd03645660163,51906
r6gbhst9w_v3.csv,f6941dcce1216da6bb533c9b30070174bd0fe881a964b7d1dea9ed2ccbf6e8a0,52483
r6gbhsyqr_v3.csv,46019e8af80fd22e8d02be37416a70f78fb8482e6af25d5383acc319f93b7faa,52446
r6gbhszqz_v3.csv,8e8f24cc00c7c66e0f2a271bb4ac892043f53b60b2b57bf23cf57b3ad490b715,52654
r6gbhuxw4_v3.csv,0047a3fdcaa65589fdd9bef3b9b8763086e92769bf916a5f8b46cc5e4c746bb0,56118
r6gbj4u8s_v3.csv,9b1ba500d1dabf12ed18148bcbd80866654560f7bfdd6d95e3f652653dbfb4b7,59106
r6gbj7bun_v3.csv,650cf5a8771d629f698cf9180e890188ff11cdb7f954d581af2ee99e90a2abd6,58779
r6gbjj88h_v3.csv,f40ee51c21136eb2470a3d5ab260462504fe67e3b3ab952bfc7d0fcc48cc1a49,57131
r6gbjjb4n_v3.csv,8fd8e99451e42a5c616ad0212051365ff28f8444dcc8a381054d5dc6241de863,55600
r6gbjn0q4_v3.csv,a45240160e59268a5823bc3b49e717fee57d21a60eb8aea2ec1f3457bf13f504,55611
r6gbkvsp6_v3.csv,96cc67e65644078318ac9547506c3553e51afee6f891e8a5b1795fd2fc08d363,51474
r6gbkzh0n_v3.csv,cd0ca445330c594a515386968aee581d8dcf2172681f27b47af5a9b40729352a,50774
r6gbkzutn_v3.csv,2f40fb8752cb7ad970b8e5a73bd70ad27a981a24ace6a088a7b50083c333be32,51501
r6gbmn2bw_v3.csv,77e8b696cc00bb00f7c1fed9b363fea8661d44974acf480f3558b27b993a5254,52251
r6gbn8x7k_v3.csv,ba2161545a4b4c5b5e82a95f6790166f8d3b002497436dcf08ea204df57be883,64081
r6gbn966n_v3.csv,ad8d0b2b730eca604e062409c31405eb3c04f09f9d7409c88ceb6c40133169af,64367
r6gbnbjx5_v3.csv,980dc702d64a6c1f3585c0f9aa5642007b38a3a314b947b1124fa1cf4d65b1c6,63919
r6gbnex2z_v3.csv,eb0cb871f4446d16347db847758935aca3930fff3de40519b03d29465cdd224b,64213
r6gbnsjcg_v3.csv,2dd0b458d7759f859340ea7cbd5cf9bfa308ad9d3f2bfafe342ec4e5d4238d76,64260
r6gbr642r_v3.csv,38efa0d7a475e62b1b155b30abd8da047e83f86ede9a83f3b4ef0c912e323476,64528
r6gbsgvkg_v3.csv,49f5c7dded2a5f8accf815578369e165f29ec75503fbf990ca489aa5a504f2cd,50724
r6gbsvc25_v3.csv,2657e27302d3ab55791abce5837323569612444666e699a6788ae5ca5d099639,48827
r6gbt5c48_v3.csv,e4c6162fe6fbd65ea6c3f4048d2113d0f5f9887d9e1334cb2eb959755fe33472,51202
r6gby5mdr_v3.csv,9e44cbbc19d2e2fd757b559b9f7aacc5af21decf4f1fdc5d9c919a9ea3f12eb2,61529
r6gc6qycy_v3.csv,250736c6cb81a8c17af169b4f575075801d1a1ac26a703e3a79b560d63ea6616,32031
r6gc7whh2_v3.csv,380bbfbf9abe8690ff7e93ae9098077efd85088d9a3db0ae2953b4a2a2d76c86,32566
r6gcbdxwg_v3.csv,305f22f8d5b335447e7002b05fe7d4ed6386329c2d9aa8addd0b4b2767a6fc35,32335
r6gcjyu7t_v3.csv,bb74a90cc212c199363156cf702772d5b86bc342c2146d131b27bf11543e26df,52568
r6gcn0tqz_v3.csv,65e22d504a14a259cdf6ba16d67278cfccc20017a03a4a28a61509a68a5f0e57,58109
r6gcn1ng1_v3.csv,7aa9e5265b2a1eda105153666196a0041cce665f9aff6270ca2bf092a5a8313f,59407
r6gcn4v8v_v3.csv,8d2d43b956ceeb7f1457d20d9efe5e03e71df772d081e7bd9bcebd9fb48d41f6,57158
r6gcnjzjb_v3.csv,32c754ca83c0a521843729a480cfc5d4a46d53ad8dbdb6595389be7d410f8d39,57660
r6gcnnrgx_v3.csv,b7aced4341e2b6dd97132c8e780c6127c279077891dc785d02949bc64c47a6c5,57110
r6gcnp8fe_v3.csv,749c1e3b7bcaecc26e0d82bbe201e7eef8b381333c6279cdc84d30e970e934cc,53851
r6gcpf5nz_v3.csv,cd4eeac79328601a301a25de13452c524dff5b386f25ac06d94ab4b8712fdf30,62424
r6gcunyv7_v3.csv,787582a160e94fb1323a8dec15dfbbe6044f2b7fdf4e5d01ca576f72b0a3df7e,33097
r6gcuq1yk_v3.csv,b2fd661387b51c5de6687ff849e650d0769f44e00b074ee9fe2b0fb7beb1a31d,33637
r6gcuq899_v3.csv,f5b419d062186f20a1aa521339292c29b4b3dcaa374e25a76f1104c450a2c8fa,33962
r6gcuv0gc_v3.csv,b61ccd7bb2807126bc31474abe32a837684caa64096d8563ad9d67aeebb76b26,37035
r6gd55wng_v3.csv,51bbb4fa4199366798e85ff66ea01d1168ca442cb06da69a0285e3b4dda50d68,34230
r6gd597mg_v3.csv,b4394dada55cf00c7734b7b3799bc2ab0a86bcc3d9446e3ac20c1d18f398dbfb,34213
r6gd5bk0c_v3.csv,02a5fb1d1674d592a4a8d96c1d03219f055a9036c62b5af9f24b7802e652410f,32979
r6gd5bm7n_v3.csv,c4fb3aa4cb60701c4f3f93d137b56c4a059cf7f293701f939f500c550a98803d,32873
r6gd5jsmv_v3.csv,4f72760649d6b28ab0bd95f1625fb33e171ca780a8e7a1e0f47eb3950c11aca4,32617
r6gd5mh7j_v3.csv,6300b0b005adb9baf96a8091852f8d75c6eebe9407296c00550bdadf3fe473dc,32774
r6gd5ppgy_v3.csv,ee5117892758d471bdc6be44783a791b6f185118b7590be1240ac3558aba2341,33691
r6gd6qwkb_v3.csv,dc2698b4ccd0ed5224d3ef85d0723978f9222605aca14ad4d80e8d8a4c103ce4,34141
r6gd6rv2x_v3.csv,9ed584e0da730987ebf6b9c07d1f8e34588d75d1f1d95c6308df1bdce9894aa4,33835
r6gd6t5f0_v3.csv,029a9f32687c61754503dde70c71eecd289a5b99db696a984da2b1f38c77f7e2,33583
r6gd6t92v_v3.csv,3631b8f7c403792e4361a8237f66a56e6356ffe63be7e6d1ff093fdd801441d3,32965
r6gd6u3ep_v3.csv,32998ca13fdec58bb8682ebc67abab574a2359e03f4882abfb9affca860b29f9,33398
r6gd6xu7y_v3.csv,4f02b479eb177aab6d7401ce53f1a3547ce1ae0b524116d791a86671b47c759c,33071
r6gd70xmt_v3.csv,7f6e536f4a195e35670d9fcc8f939fbaab9be6adf1301e848465e3525d975b91,33590
r6gd7436y_v3.csv,dd1d81a515c68d17934c5df113a82c12d0c506cf21ff4c7b5c6a069ced73bad0,33656
r6gd752sk_v3.csv,29d34ded2c75d94455b315113a1ece6f10af6847dee69c1ae9b0e7fdcdab1644,32679
r6gdd3jys_v3.csv,3535ba0cac1de19e8c0ca226d086ffc7c59044d754b3b8da2432656310975662,33007
r6gdd3t9k_v3.csv,c964e6600fcedd787e251aa56fc7c399e8450d7fcb9fda51c1c71ce88cc31ccd,32363
r6gdd3vke_v3.csv,bc381521c63f95afd5e1d7134077db68a82c0ca1d4335a1afc17c07f92d5aca4,32879
r6gdd7wsy_v3.csv,671e87f812d0a422eae00a36cc83d885efca85a04dab01f799441195baf499ae,34175
r6gddsdnc_v3.csv,d8c2720c615c6348b0ac09bf59d3fcb368385fc78a8d7e80c407a410058da6b2,32875
r6gddtdd8_v3.csv,d02a41f47e1382b0c163b2f353e108426ffa0b44b5a3e0b0ac7d6e60be486778,34089
r6gddw4sz_v3.csv,457d413885133adbf00a83bfad2c202495f13f734ec50f9b9ec622e2c5ff7d51,32290
r6gddxjce_v3.csv,eca35b5e6c68bb0804c49ebd1de1531e49cde1b744c9cc6cf273b4feadab2cd0,33692
r6gdeq0yw_v3.csv,2e8683fb856b68b80d09df67448680bed426a441a86a3e6e94c13c40caf11a46,33677
r6gdf3zbv_v3.csv,f4fb0ef8fc806cee6b120feea6f71f95fdd2ced3c1890799bc691df634b4304b,33323
r6gdf6dcj_v3.csv,be0d22bcab4195755263e03969d4b078397da0047f4d0510b304a781842b77fe,32567
r6gdf8fs0_v3.csv,b1c2ba3beaef7a024e7939e37193b133a39f447bea911fdcd0fc74403bf1e351,33751
r6gdfkyye_v3.csv,e4da6e7aab857aef0ef54f11c327e538440643ff3fa6d68f3ef5cb91b2ce098b,33747
r6gdh08ge_v3.csv,34664cc16772b1432a9667d1e68896b8adcd68a4ed67cc6b87f51a2bbf684749,32643
r6gdh334e_v3.csv,681e84734426bf0ae21c6800d18ec47dd234e0e7d356abdf4f989413cd1af2e5,33210
r6gdh85qm_v3.csv,2d5db2e1fcca31c8656a9ca559ade343e1c8c0c9f2e85a8e13f951bc56660013,32773
r6gdh8bfh_v3.csv,c344aaeb6bf45aa4e77fa283b2f53e990261e77ec6d6feafc7a75c2a9c6ff540,33449
r6gdh8tbq_v3.csv,ae8ca5037ec83f953f5e698ab95d245523c75155cda21b2be23bdc70321d0d8b,32829
r6gdj0e1z_v3.csv,d19baaeb2e51988981a8f3a18185741cff7a1036675ecf51c98272bad43f6a49,33357
r6gdj76yv_v3.csv,8d13d253614592395c1e462f47f79f3a0053d830b58d962f3491d536c64ace9b,33556
r6gdjkhh5_v3.csv,c544ef8f03845ce27e9267a4bd444cd0c58902f7ecb387e85fa1556465bf5e2c,31976
r6gdjtdfs_v3.csv,16c0de817286de4f27ed97dfca84133b34ce3649fc4698d82e8b688036353203,32475
r6gdjv9nt_v3.csv,6d142abe467889fbcc5f8baa397939e4d6853be86bb6f0dab782226b86006448,32718
r6gdjykhk_v3.csv,125b12b028e19cd334bb08e39b8034fef368bdf1aef4e2a0501b7e116d899e35,32725
r6gdjyusy_v3.csv,6ae7dda87405895d13489504c0a802c7eed2a5bde4f6e6be30d79e80d79a1a93,33082
r6gdnp8u8_v3.csv,6b689a5082782f63c5d4484efdd5455ea29b4c6a85c3f2cf198a5142c1266e70,33229
r6gdnrjpc_v3.csv,5ddc16f8c162518b7d83bf1ed2e07637730d1971b19c0ac449a4febba33c62c7,32269
r6gdq362t_v3.csv,f769f77b5d08989803a2d428e203a02eb371a1ff63d6eeae56efa9d3bb6bd1a7,32459
r6gdq3efk_v3.csv,071ca81458ae067c69b4fbfd1adae048fae78621f51f40c76498cac11eb58b9e,33157
r6gdq3vj3_v3.csv,c7b0169e8a158a0a71b1d141650ce74d5a3fd8e738139e8731c770165adae420,32352
r6gdq6qry_v3.csv,ce8d76acb71e4affacfbbe6506edf04212fc2a60e2edd600bb588cd6ded10501,32850
r6gdqe8xt_v3.csv,6c496cb518e737b51269f78d458ccb05a021dee7d5ec6c9d59af002ca8aa5d9b,33053
r6gdqer2m_v3.csv,32f099f2e928f4fe1a1f0d61102a358fb38599c879e967a5c0a3d88ff284ef0a,32148
r6gdqxne5_v3.csv,9607cbef6fac577323a9fbe813c77dd90aa291be6909a7965739b4c1ad75726b,32863
r6gdqz27y_v3.csv,6f938cd37075381b1192df79b96d1c8b7aa19ab51afaffaebaaea9f47fe4700b,32797
r6gdqzukv_v3.csv,b53f36c83543e82ff152a3edbea279d8cdc29ef8fffeb52c9e2880a3859b63ac,33020
r6gdr51h5_v3.csv,e6890a460f80a2e5f6f124cc6202ba178de681c582422bb8ffa64ed06093a20d,32510
r6gdwbpy2_v3.csv,a796adbcd7c249204f22393378348b320f15b6afe3a8f6ec21c536bd55fc1d8c,33151
r6gdx065m_v3.csv,40ff39245cf8666bb1e82eae2c1a2be65a3ae02c327a583d250e34c772af675b,32800
r6gdx1n02_v3.csv,0f88752d92387af59b0618a50e4ccfeb8173014b2a8650904e38ddddc788c642,33144
r6gdx1x1f_v3.csv,730c4900ddcb79be16bf43e2684d94b07511ddd85bcdb146a95edb60e562da1e,32636
r6gdxeby3_v3.csv,22e5f6447798e057aaa24d6346ab64d463a5654d5095c22508a9a3f5e5808f79,32329
r6gdxmn93_v3.csv,1d9f621708ab41c2271d9ce3691660139db2093b64f2dcaef818bf91f6346e1b,33150
r6gdz67qn_v3.csv,52b89cffc1c35ee62a701efece9d4d835b7604a6cf95dfcf35ad8241ab3f599a,32083
r6gdz7s1z_v3.csv,7a2afd8b182ff42cda38e00c5e08ce2c91432f4a0315af7dbcea6d4187ff6a8a,32867
r6ge3veus_v3.csv,fe024df5d84d14f7805141d5c68712520fe1e6f362c87f0f92cfb6d0406723d1,32885
r6ge3vmd1_v3.csv,44bd97d123a83dfb2173d7f1e729363d4bc5401a41833a90bc974209e350320b,32776
r6ge3wfsq_v3.csv,aa61779a46f713a192de5c46a17f8b59eec4882cbfb7a16745f32ef5f9507ec0,32153
r6ge4dvw2_v3.csv,8b7cf2740a94ac6521a316cfb5e1b377bbb4857c27d752a8c80739f607811085,32202
r6ge4m7bf_v3.csv,8c910645f31fc3b25d106c67c7624a20b60d5d7e536411bd671bfb20ae45e81e,32846
r6ge4m96c_v3.csv,5996f15cbe4d0f77890c66d85c3f7aa9816bd674ef7b893110e2fd8399f5dc15,33071
r6ge4q37r_v3.csv,34d0f741c90bbd3edb8671a2854bbd7e7f9c95647f7d794b84a529157214abe9,33568
r6ge4qufg_v3.csv,30409f7e9de888d47ab69f935ee9c6ed518d22f03a31a838747b556e0a337cd7,32523
r6ge4rr5h_v3.csv,927a1ff684e0104bfba684c32eebd366fec270e72e4cacce4db9d130d19f1b4b,32328
r6ge62xt6_v3.csv,99753b3cedf211caa8fda8f38abd9a97c91231b2cca22d8889f1caa8a1be86f2,32226
r6ge62zy1_v3.csv,89e2a6aa22f96b8ecc69905d43e4f946ff2240bd50a80b9f880e2cb984ff4fcb,32609
r6ge63zgj_v3.csv,75acd4cc34e49f49f69dc18f978e186bdb3654b6b5983403e3365cd24b31457c,32195
r6ge67hd5_v3.csv,8636cd0a2f9bd95cdd73be3077e311c42b6b352127463b87166b30b1f7cb524f,33731
r6ge6981b_v3.csv,02fc93ea8bfebee05373f066b9c9f79a6da154a11ca254585e28a5968140f19f,32724
r6ge6hqbm_v3.csv,c7a0fbad73d12734d4f0769be8af50f48835503941d23d6c7481ea7e223a3319,32936
r6ge8fujj_v3.csv,dc5923f1631afcb0ee6ec6427344cf99be77299dfb8ecdd717f0219913e4d74a,32989
r6ge8qkr8_v3.csv,8eb12a238ea34057a206bd6649706a799062537e0d0bf15c4b8a6cae9ad2a8c9,33516
r6ge8tg5s_v3.csv,77154ad206733ea874c750f37e1632b1397536594b4cf12ae4f77dfaa773cadd,32596
r6ge8u19e_v3.csv,f25552eac5d9470a3810e7e28e49838c2912aa476b2a8d5262ef1c660b4d6b16,33006
r6ge8w102_v3.csv,88499b63552be127fd3902105bda38702549b4a9b30902443fbbd6fe4eb8a2ea,32627
r6ge91byz_v3.csv,3ca0ed38833041057e6c4251537bd832b7a33d4f814c6a26f6b60959871c1a18,33433
r6ge95tb3_v3.csv,4262630777cbfbef764d2d4e38ee0d390335c26304bff11341ffe35c802bf2e4,32859
r6ge9607m_v3.csv,16164d8489b7e15c755d462f3c6bed5fbd54b7618155a701ec7780069e7d0137,32759
r6ge965vs_v3.csv,e94faea95173e1f8e815b8f67d199302db94c7ffe36cbf6a259e330b5b758209,33488
r6ge990p0_v3.csv,1a7a68dd918ca8424e9e909200493e2996eb884c82da10622efcf2e0884206d1,33588
r6gee8vyg_v3.csv,8caf1544aa89fff8aaf03ee8ec4379c77ea5691bcf44e2aae41a65abe812ea9d,32804
r6gef2kdt_v3.csv,bd23cafd83ba90fe650121b0d975a4b4405d7e48da9fbde06f21165f1bef6ba4,32405
r6gefjc9y_v3.csv,7a6b0be444e667579a04f36abfe562a1c41c4c4c87af331e791a9a78c29bcd75,32387
r6gefn0md_v3.csv,2f445ca4217f5473a84add96daab810f580554b99cb22c5422d68a578ca774f7,32590
r6gehg7cd_v3.csv,77469cac589691f6d0994893f630f4a5e2bbacb91ea2406a7cc5bf572bafc0d4,32498
r6gej2gq4_v3.csv,e3f8e44c5dcefabd299594f7c07fd475c022ec6a42ee71b19382fdfb8936b287,32099
r6geupfsk_v3.csv,f8df748a4ae0f128fb508021607ee133787f4b519aebdbcda8a847d5f8626d1c,32282
r6gf7j1r4_v3.csv,2b27d34840df8ad89cbd5766ceb3ec4462d32afbf21c1d6d549a87baadf4cc2b,32802
r6gf7j2e7_v3.csv,e275be5cb7128453ff746c9201827ef01584298cdbce8d526c141400ea9fac97,33077
r6gfbvvzx_v3.csv,a1e5ea0ea87e408a200467d047d3236f270215a74f57cfde71ab0d1851f477e1,32917
r6gfcvjxs_v3.csv,39b2b021cbffa98da5c951f3f150ed896a6c84a411dce9f1f69635ae0248a75b,31968
r6gfdt9ep_v3.csv,99abfdb49a395aba2c0a1b9636ee28a62a8be85b989dd238fd491e025e040c29,32366
r6gfexr9w_v3.csv,596448235846d57a80a64e34c4b90711a5e95a7cff52c14a4c2f665e6972863a,32588
r6gfh1h4w_v3.csv,4fb36d39a95ab0c59e23907a4492aaea6c324a3e2275510bd723837cff873863,33314
r6gfmn7kp_v3.csv,9f433098708d8892af6089fc6958e0bb2db4eac2f665321288cb1be387de3a21,35619
r6gg04c47_v3.csv,67dc843eaa4f32e1b321839fa24a5683296b54c069c270dc6e587b7b7e3453da,32733
r6gg2eb75_v3.csv,fe528efcb5e1d4309bf8a20700358995eece95f5898d6587f3fc077a186c3855,31812
r6gg3rs3w_v3.csv,f0954ed44d20ee22b4d8f475e9e88d52eb76ffeee3b49482dbc893669d4a2c9a,31989
r6ggvb0j5_v3.csv,d5f325df3713e81fa2a741201fb917134e5cd966b9524342f3bc4ec93344be9b,32909
r6ggz1d6e_v3.csv,f74defe5f19a9087fb6ba9bf1078dddf538c339bac29e6c834dc6943287a600a,40960
r6ggzccg2_v3.csv,e99d367fa5473cf6dd72a0af6bc858651f998ede54b25fd29188c00c4ae43707,45924
r6ggzk980_v3.csv,4e2055986771e5049528b36670d5470314723dff22a8d09348ac5d83f9e90c9a,40677
r6ggzku9t_v3.csv,931c35eed62d6d1aca5aa60a4ed470906b08b024d01fa1d1c08e17c6f2b28839,42770
r6gh3hbpj_v3.csv,bf24394c222616d5ffabd5f14329a0d4df434105c5a0d25ffbeb97338380951d,63430
r6gh3jh3r_v3.csv,fbdcd7491a787ab5e1080f099878e1598e7b57435effd5bca2b5331880e40057,63165
r6gh4hk8d_v3.csv,49ced309a16f9d53ac05276148345e3431c0aba72958aa4b5ce83d938788ded4,64303
r6gh4j9ch_v3.csv,e8401b99324d2a2393e40ea685f2d9483d1b91e4307fb4683edc5a332a1393d5,63359
r6gh4v641_v3.csv,b852e74618abb33359398e0774f2ab83fbff1c63afe18abdf5d1afa81dedf08a,65052
r6gh68cq6_v3.csv,6d106e2c15624a72e468bd49d83ae33a53649d5fe2c4189369c540e108fa7736,63768
r6gh6h704_v3.csv,39f812f6b1a9b3d8f91b28740f83e7a706bb23a0077934207f8f553434f1ff17,63416
r6gh6yef0_v3.csv,d2c8d0280f0e125b38f6ab5c15772c6ba55ad22759e35c422f4d3a233c5ffbfe,63873
r6gh6ygnk_v3.csv,18ca7e50700207baf4bcc55df3e5d5e741b31612ef9de89da87f314086c9b4f7,63731
r6gh73vgq_v3.csv,69e3fc03fad1271d2ebb05c32c05ecc11ef03cbc048fd206858db6337912e26d,63926
r6gh7cr74_v3.csv,db5d2bac8ec1ebce7b8aa1d7c9f85b1b2fe788c4c61d68b6813c5baf80973d4c,64230
r6gh7cw5w_v3.csv,660b39b0d2d0c23ab9bc026aacfea458325b7d3cf8868ff71029f71935031c4a,64522
r6ghbf2xg_v3.csv,37d016083c984e6d65101e9b6a1ffe892c8191e1925377544b4ad164e72b4e3a,64558
r6ghbfkm3_v3.csv,95e0c742fe8779076d1072340df5e179412b3f84766022ba4a5a6e88df4dd3c5,64056
r6ghbv2hn_v3.csv,9b00b0e4d9adc590e36c413d62b386ad450643611948244348cba94783376155,63602
r6ghc4vfk_v3.csv,d46e833f29e3458a8a98c0059725dfeb1a077e94c28e45c77f450dc5db17c35c,64518
r6ghc8rvs_v3.csv,2257d2f17f021e09044c1b8cb3b1c4928fe72025dd4ae5adc7fe3a1785d01123,65754
r6ghcgvd0_v3.csv,f7370163ed1bf24e500968f76fe04bef6c721f4258f3cb5855ed58194ea32e5e,64040
r6ghcpx8e_v3.csv,b1d69d8a2f2c135f036c61ed7dcf7449dbf13b863171b56bd6165559b3824444,65439
r6ghcs2uq_v3.csv,82f4c7f8190e9ac18f873a83190000b0fc9eff347c141000a4a4c4247e14449c,63724
r6ghcsmzu_v3.csv,c037066a9eb7d778384f487344abecbb8f63bd4d0d712ec22007065902cf5e2c,64843
r6ghcue6x_v3.csv,10f422f8aac2b93894df94f3ce3b2c964097a5f8f7356557e07fd839f48d00d1,64386
r6ghcw1v8_v3.csv,fc2f3a25a16f087f801e501be91f497977b4d06e38561dbf139d356cde8baecc,65231
r6ghcyhw0_v3.csv,da4731b42b137629e61f0afaf4f3ad7e8fb101163fe3ed6e6fb77c25e5b1f31d,65360
r6ghduf2x_v3.csv,39fb1524e1ace8d76bfcb44b21e3ff6ce808fd1a26cbb3e789ae364c64b2e110,65415
r6ghdumwj_v3.csv,8fa9ff9eccd919d5528f46b60b3b0c2966b36d8846537fa923da8d6155d88727,65383
r6ghdup7g_v3.csv,0bf06dda98843ae46dfb779834082376994a7fa8b0e6c1f06ddc8e888d206b4b,64280
r6ghe3uuw_v3.csv,04020357f2a7dba5a9fbdda270ee8f50d00c571bda1ce31e7ec597e86ccc865a,64551
r6ghe4ubg_v3.csv,6151711ee83704f5c3602b791dae9d81215add1ba547fdcf5d5b3960755953f6,64810
r6ghe4xfd_v3.csv,03791c45a1fbf1e69bbfc8488e4b3db43808b02a5fb67ae5ae25efe11f86bbb9,63953
r6ghe9c6g_v3.csv,14d24eb9c00d3698760e9b91793df4d4b318b853b1916eeabe204dd71de79feb,64528
r6ghe9uv7_v3.csv,2fd18bb6d6d87dbe3d2cb5fa2139243d4c546be3b71de728052f7abf6aef77cd,63860
r6ghebev4_v3.csv,8d8139098aa1d65be2a666f9790ac428a82c755ad7f1a4058b5424ff9c9623ff,65078
r6gheby34_v3.csv,6c5a22a99a4c26c10f1237fc93158fbd46f62356b5c191c7bb479183f39e04ea,65204
r6ghec4t2_v3.csv,2fe9b7aba2d4adaf991b2380eb294f38fde377335424eb85319ecd03c8c5d940,64692
r6ghenz7w_v3.csv,ffa181faafcd74dfed76a4807783297f564a6d9252d55f558e7043b36e175333,63065
r6gheqe70_v3.csv,4aa17bd170ffd76afa3f411c47ff15ffe2afd9f39141e21d2e6a87158ca1d622,63495
r6ghf5bd7_v3.csv,667d4d702ec8adc4c2869287b13f13e936c9ca0ab494e06190f41f5165122ae5,64454
r6ghf7gh1_v3.csv,a154ab7198c0cc7c9fbf7c1eee76969379c282f6e8dc1a166777fca4dfa65b94,63628
r6ghfm8b4_v3.csv,f10e290f28955c70f2337e936df5e8d850dfa9117805e20cbd881d2df78819db,64738
r6ghfmgb2_v3.csv,a2798e6b577250807ee4d45d5e0257feb758fe862e4e9bda4c48e4693b36ec15,64299
r6ghfn5zt_v3.csv,04a4c530a6f9ebdff25b04c3996379424b203b82acfcd9d7c87509fca9468621,66847
r6ghfp0em_v3.csv,2c1a51468937c43a70df0f7eb33a1af3b1f047d3bad720122ba5fdd551ac8b8b,64445
r6ghfuz65_v3.csv,b68c5018f084d64d3bba3b47ed94de9d06b942fb8a29e8c0c155a1a59e5289e3,63468
r6ghgh83t_v3.csv,8852645bc716fc61691563fb5ab751f7fa16289f5175bc8c878205af8a3264a0,63983
r6ghghs1c_v3.csv,48cb987e9e76ed8f80cfe5863d359009d259084238df99d2b9b4a58245396b83,64283
r6ghgj053_v3.csv,7dea71eb3eb41a00d491bd7557bb1f72ba4cf132c98581ecb83a09bcda6ebb2f,64234
r6ghgkt9t_v3.csv,4ed49703c96a21fbcb4e1c3eb0a07946b81a4664d55860cf66fd0a8a014f541d,63972
r6ghgqstp_v3.csv,394f19c59225ebe1ddbb0c55d83efd2cc7e9cf6c5defe678860fdf1d7d112fbd,62870
r6ghgs5uu_v3.csv,90fbaade214c25ba745bada34f22f7f3194cd7aee53ebe5ad8071350b2a736bb,64142
r6ghgsby0_v3.csv,d976b61e94718ecad087b65ad16c7c97b669441eb15b0df03fccc7bfb8465d02,64067
r6ghhs7h7_v3.csv,33f2e544876420f9be771eb847ef557f4598cd3e657508742537276963e708d8,63690
r6ghjcrs6_v3.csv,081e0f95e2ba3adbc1d46af47473769e02edff2dc68d1c61d0d51124dce2c19d,64241
r6ghjfpep_v3.csv,bd58131f93f9152348f590cc6b013797e234ff300c496d6eecc06a4d7433ef65,65370
r6ghjgygy_v3.csv,380263af7bbbe14a26cb07052bdf0e37e381b84f7ede1ab26ae37fd994a56d88,64794
r6ghjuzxv_v3.csv,5697641271f835be040065eab1960b7ab4f841e0655960fdc66f13f120f97bdc,64505
r6ghjxp0h_v3.csv,aa94c7eeb78b2581d839b747a7979b8e7e27582cb0cc8fdbd36864b35e6f5fe9,65750
r6ghjxuh2_v3.csv,95de0cf1753759f486dfcc080c2ee90bf9c925e30c8b9322deb2752d02ca7fb4,64911
r6ghjy7w6_v3.csv,0ccd53618980d2976af06cc6c0be2d114645b07f05720e3066863575a1fc6777,64660
r6ghkey6r_v3.csv,8dde78aac6717688bbdc131d535e9a8109f53aa892e7f5082981b2af2420f9bb,62966
r6ghkwwrc_v3.csv,00ce971d893ae57020400f976fa40cba0828a3b92fdaf8fc96eec5b784d94b16,64517
r6ghkx9jx_v3.csv,7bb619d1f7dac9b69795783a1fe331b287600590df3cdb3147a6769842b6ff53,64460
r6ghkxv0h_v3.csv,22baec955bc12ebc6d0ba2f0dd53f865879a2346239f37fe395b952d1824b1c1,64627
r6ghky3vt_v3.csv,c2b1eced676223ec1cc7de202ee2687f90b93d384c9fbd8aa8f5bbbf3b197bf2,65181
r6ghm4t3y_v3.csv,922b5974e552d28f983f4004ccb242c9d13095139b677b6838597977b886ded8,63822
r6ghm6k59_v3.csv,6c38cbeda91a34de522f3a7c64d0f387cfff8646fd18d9b2151062146707d676,64891
r6ghm733u_v3.csv,f739482ad700e22a041ac7b5a5ab6a666506569f0da3ce8519c1984dcde09327,63074
r6ghmc86m_v3.csv,e2e71b31d66190006c5c7c740bbec9da670ce5c7dbf84d23a65fe5ecfb1c78c6,63305
r6ghmh4ce_v3.csv,1b9e2e5724c3b9733ca5e5f77afb65877b3cea5689452014b46176b27a35a0e9,64014
r6ghmhm9y_v3.csv,3341699df78fc715cca35ab2c6c9d4c55f49bbf804e19768ad51acf8e41630cc,65349
r6ghmj32v_v3.csv,b3e8239afc31eda477f652b32cbb9c27cabf0860fceecb53bdd93b3ed0b891c2,65063
r6ghmkuns_v3.csv,66dc93af92112bc899a98bd0378baa5a6f2732fedcf6b2de2c1bed1612a35061,63126
r6ghn09bn_v3.csv,7dcaa03f4143961d2d6d53aeb53939c26b195f34c3cabbfa54fd9c5a07e49c80,64983
r6ghn0nhk_v3.csv,8a108a1bd236209c0c3e74ffa117aa755f4a344bf143ea2467f1aa38f7d8c09f,63969
r6ghn1d2j_v3.csv,f169b352230b91a49dc4ff77d06c6c4d99e3c68dbdb3cc84cca2b9285e8cb8ff,64571
r6ghn4bw7_v3.csv,3571da5831c1852877e4c057b2f7fa81276b6633d5bf94db99e4a3517bb5d4be,65237
r6ghs02p6_v3.csv,53d50f08d4a02d1ae90bfe7c13f81e1a9742cbf653b8597d865ddef844a2cef9,65023
r6ghs0q1q_v3.csv,4f2802002736ca5a108e14ba8ae6cb1c7d0f107d1d9b1f8a61c3d3327a8c9468,63146
r6ghs0s13_v3.csv,f6222c3aa78cbf8ffcaaab1da332f26f47f546d33d4571f5fc6f9923c8ffcdcb,64771
r6ghs0xew_v3.csv,bd878093caa4c50bb2912f7d80a99d85d48b50fd59aff856fb4c47b27bd09412,64380
r6ghs2653_v3.csv,b8c70b1733dcaf8be87c9047fdcbb565d47ff3adce5a0f712aae91e9d60050d8,64470
r6ghujxfq_v3.csv,7d50ef11974f9c935861f891367bb6fd829cfd490a21b925e0dfc2a80a671ed5,65565
r6ghuxpx0_v3.csv,4ddbcb3459a54f2be8a1d7a43f21b0a3723853eeb0488d2055cf347fac742c6d,64602
r6ghuys4n_v3.csv,d9a853093ea8325beb51c2027bffbf0e8d001ab2692b3a94c21e4ed35111ee9f,64960
r6ghvj0q4_v3.csv,10cedca292c130bd4fb29f5bc1a30c141a2c597d5c6108c3bfb26ddbad062161,62728
r6ghvp0jx_v3.csv,e68ca057bdb335e2adc56c181c0a268f2907913e18acdd94d21fe1fdc5b1865d,64677
r6ghvpst7_v3.csv,ee7fd8cf59b722fa54d8b7c190a72917a0972967ab3994827d222d6a7248d3cb,65223
r6ghvrdse_v3.csv,9d2245dc03efbc63a44d5a0f242afb70129dfe246f56552738db65f084beae6b,64880
r6ghvyd4s_v3.csv,c05197cb1ca12f511485979a81cd8dc33a0d5223ff1e28ab4a27a5b5e2ba89a6,63677
r6ghyq71r_v3.csv,47673183afcf2c0b9e88bdf6ba94265af783657f33609f0b5dc5506a14ca8412,63381
r6ghzn5dk_v3.csv,678b4e21d1e474709ecfbf4623b59f89fa1ae3df5fa5491cf0bb7bddb6cace2c,63799
r6ghzvvbs_v3.csv,e130b16c3a780693d37b022fb5acf7e0b8a01609943933c31cef8831e796f18f,63695
r6ghzxezt_v3.csv,f3554d1cf23c04fe9bc5df77ce6cd8e9c8bbf1e0e3562213837b4cc88c6b1ce1,63641
r6ghzxrge_v3.csv,3bcf85a6a340352be1e618a8c9de27f4423f5ac56e9a6e674742efbe08b7d23b,64062
r6gj2y7pe_v3.csv,81a2f5e9042dd285f7c3d625282c4c1c6f591afcfdcc40a894f1570c642cdc7c,64686
r6gj3n27e_v3.csv,743ca08374f145631fc7d9a036ac06bbdbf3635e3a3cb45962d5b53fb7b73698,64844
r6gj3n4fq_v3.csv,82ef5b7703a68b37bd4f7053d6befc1d3db8c9e7da036d95857b0501d0a2bd41,63807
r6gj4qqz8_v3.csv,5a6263a67fdfb1e86a8ebbe551a2b38a64a6464aebb39bd1f04cc5a67274a7f0,64733
r6gj4u0w1_v3.csv,e9500b319c675f112fd1a2beb2fdcc09af517a05dea86128c05aec2281303fb7,64780
r6gj56440_v3.csv,38f6c187d178a5ff955fef68dd17ac04ce5bda7a94b5cb2fcd5b491ad0b9aa1a,63575
r6gjfspg1_v3.csv,1331cf35a2fd54316bd2d60766b791cdc450d49049c757b454265b75335c6b05,65468
r6gjgkwqd_v3.csv,08bd8a1fe6970de8ab7993533f6a3a2759784025dc34c7c2035432f3d17e0327,64175
r6gjj30rg_v3.csv,1f2d903e2369fc4714bd9e391dab4199cc75f9a5a53720e3a7d1f9edb66f1df5,63644
r6gjj436r_v3.csv,1a05b76c7303255493804f6af56257231977730daeb5df5f7660f9c6b2178d43,61692
r6gjj5t05_v3.csv,00c970508238de24a6675c99661fda27515e8ff7e00455ebd13195846bef3563,63044
r6gjj9s09_v3.csv,478bdadba7e9f72a1c397c23a7f88242ad6b793aefa5176f2fc7ed7cd1876ab9,65348
r6gjjcb5u_v3.csv,8e557bc4f45af7880712345481057629a61ced8ca52b7deac36e873f2938b440,64930
r6gjjf45m_v3.csv,a635f8330202a5c5866dae6b8da7419c482db3688eb30d87b2c034f90a07c32b,63545
r6gjn55vh_v3.csv,ccf6b127fdf4b7f7937734d973c779371c89134b0c69219f4f2807f22a732fd8,65917
r6gjn7m30_v3.csv,381996310fcd3d870a9ef3a0ea1990505a4aa64b80119ff0b8630d80649790d8,64352
r6gjncgrx_v3.csv,2491dc237aa481b71c8b79d65f73bce4dd0ba2409c3824072e842a9ba9d026dc,65485
r6gjnd718_v3.csv,65c9d84fdfff128e1e5e6025f577f84099821005a6fe7c3b8211d79300e5c47c,65207
r6gjnqwxm_v3.csv,073c44a71d84eeea9246612c3e4be26099cfa58511339f522c4cd94a84dd4675,62602
r6gjp0xmq_v3.csv,3dd3eec3bccb991dadec4cdb46a1bf203645f096d2e6e27b0b3af19f3742df0d,63711
r6gjpjj7x_v3.csv,4c079cc2f1cd97581b458f15ee78d37ad835f336b8a6726b4d82fd4bfea26320,64046
r6gjpjy2r_v3.csv,cec987480c909a5525d1d1c6835397943b61696b925ca08f32c510e6584fd2d7,63501
r6gjpq80c_v3.csv,2e3e72354d0b350d3263bb501829368f24f9e2b3651b03391edd3c6946680301,64394
r6gjprmd6_v3.csv,937983e71ef60a07ba112915126665c092153a39cf0c9b578d17c399ad9d6ae6,64728
r6gjprxfz_v3.csv,1b95f33b9723009251ff8d8861b66560a3aff39cf82e7a190be201a5eb653361,64333
r6gjq122n_v3.csv,14cc6a89ae7618d93f4ff9771c68048cef13626ea0eddcd687a9220b0fb3c06f,63037
r6gjqnrst_v3.csv,7d59dce598d552a7d930172333b6d092d0e3b3c07e8b6d93762cd189e1006a70,65347
r6gjqt8zd_v3.csv,45e401a7b77fa2480476d1ea5fb76fcee1fb937c38c2bff3010caaa257a0377c,64787
r6gjr6wjd_v3.csv,2a39dce6193b20cf11404abda31d0211274fc77444c00cfc92c95e271d46734a,64471
r6gjr83e7_v3.csv,e48c1fea88f904e71ebd61d677f84c55252c0557750613e9fa1b282ac7562141,64353
r6gjr9gk9_v3.csv,8d626a6ddf575b67e8e6517de092322558cbcc029c51daa62c171d907f3dafb9,64673
r6gjrfstj_v3.csv,0862466e5b8de551b6d57540a1ed6fb05d705c0a98187d2e21cf2ce8ea799ade,63707
r6gjug9ed_v3.csv,86c4b2dccd0c6ecd731b9a37851782fbe6db823b3fab13674c1c3364a872b6d0,65092
r6gjuk4qy_v3.csv,7cb8209b1d600654c9916a75c4dfc6e2c048fcc725c3ba9b12715f9a87067e22,65849
r6gjus259_v3.csv,51b18cf1be7013c9d01d76e4d1f2704377075c7c09531fdf43ea1c645dfe9a8c,64503
r6gjv41km_v3.csv,a2fb3d7b5a16b171678003f46ffdae046ac291a7b3c0e9db177616a6c8c41378,64818
r6gjv76md_v3.csv,04e7246f256889967f26863bba358b19f8e19c8196985c93e84c45df615fe4f8,63369
r6gjxgrcp_v3.csv,b8a5a4840237bd7f41e53c7611224bafcb13380533d8ae9678d87f910ad6e3cc,63713
r6gk7qt17_v3.csv,dea4cae4b4e262446637b6bff5d4790aa47acb180512d80abc3556ccb6636852,35106
r6gk7wq7b_v3.csv,8cfb99611c89b52279e96c15c29634d6e392386505a1351e79f645fc5104b27a,34890
r6gkbcrxe_v3.csv,e7f9c06df81a77b6256efe91ea11d5336ca7ebdb15fc73dc29468b44c42c20b8,58025
r6gkbcv6q_v3.csv,7cd9037b4420ee1eb85feb1b678ec6721cf2fc3276aa3f7957931cff93c32c1d,59209
r6gkbdze5_v3.csv,2411b6d5d48eb5f55a1cb7c3c25de0c8634deeff9336b6e1b089d664e4f2a2b5,60607
r6gkbj74n_v3.csv,77514cd7a6a26e8f0c3857ca569764176e8d0c869eef207acc35c4fdddfd8978,64223
r6gkbjprj_v3.csv,262dd093824457b8bb8104d72143a6f7ace3f1b7433c164f7079529f486026df,63260
r6gkbkg38_v3.csv,9c2f9605a7152c4dbe8a3ad1f483f15cfc064e25741804f16ac2f307fd13341f,62961
r6gkbs60f_v3.csv,39b55cac78941cb5c321f37569c064e1ec0a43f8d14abcef5d902769288b8e4b,60919
r6gkbsr70_v3.csv,a91ea9eaca26778d2e017de9b974354227fecf404315b52b342e79fc43ab1896,61130
r6gkbuzvy_v3.csv,b22493c516e574d505946bf68bc4a9314a6156120649079a67f60eed343d44ea,59709
r6gkc1jcp_v3.csv,53aa4714d5e95ca833055692d5e1b5b2129de678ce8a125261eb3afeb738bb42,55235
r6gkc38kp_v3.csv,b4744298433b08b038d7b4f965f993e8b668bab4a500686c4720496bd0417398,54487
r6gkc42zn_v3.csv,7b0118391982544cbb8b9c9ce83c27ec7ad9bba79f5088936275844bbf8c3269,57425
r6gkc81hk_v3.csv,29799892a13777339dd140d15ba2d577a96686cbb2fc491c924296f69226925b,50730
r6gkc9rh1_v3.csv,81abcc8c6667cded5e8c4b5c97d4729b2919642563435c1b693983d34ba49950,48004
r6gkccmzf_v3.csv,0f55414fc5530b16c1ccd3331f90b1278a51a6f47916455a4749e284568b282b,46100
r6gkd75wn_v3.csv,d81981645aaf9ba34017e4656d982ac2ba5f95f6af98cbdbc32959ebb5e98570,39418
r6gkd8vzz_v3.csv,e04bf1909998459d115e27104dfa236174f5972ca485e2c69bf726f6f935bee3,37524
r6gkd9wy4_v3.csv,823b28d4b8e04e7b9662d0ba2f185c872aed72acd3478ce67190675a2bf5c202,36609
r6gkdbysw_v3.csv,b8328f2d94c70783c0f6dd4b7a2a275c4623c5abf2be5dcfa4556ef50b672d75,35738
r6gkdptde_v3.csv,e910f7c204b5fa684d28e6e5a0fdaa87699f9d8b3dac8a0d3800bab9fe362873,41794
r6gkdqykw_v3.csv,2d2d2cf6a37e3615f4c6378d5fa7fa72d313daf9614c22b9f3d5f72ddb9e42a4,39068
r6gkds3tv_v3.csv,0972a9b4b051f7d72c4774ca53cc837fc7e23bb4e774b38cdf936933843674df,37951
r6gkds9ru_v3.csv,15c9c1507cffc0c68368b6652e24ff03a1f6c1de661254a9d5d4b3eabf471800,37781
r6gkdscpg_v3.csv,5bd2d03f33578c3b6505f8eaff894941898a5ae372edc4493b97f3009a815e2e,37950
r6gkdt94g_v3.csv,a962c3c0995d14ce934f450584db1cca24496ccac0ee8ce5e688f5ebd9d092a1,38298
r6gkdtbut_v3.csv,8da213dff8c0355bc37628dfc531b834a086eda3cb198d8db0d6d740892bfa05,38549
r6gkdw0wp_v3.csv,ffd256baa4ba51fa18bacd8fe2c914ded8a8efc5048b25be7321ba7423f5ebf7,38318
r6gke0d54_v3.csv,1764352ec06ed4558fa071326f21bfdd0cb50e851df6513f0e0227315229b88a,35638
r6gke2ftv_v3.csv,dd74523969114461a5bd8e188c7f6efa5e6f193a1199adbc9b9f54f0fc52d5ee,34214
r6gke856x_v3.csv,5c173a479ecc1a3ac4ae9bd2805aa1b5930e8fef64b717059155494dbe441cb3,35342
r6gke93jv_v3.csv,09d8ba927e113a4a445edc61b23a7b55490efcbb2923ed6cb79c305604d0f712,35222
r6gkebdnd_v3.csv,49c0f94690571065f4f6f4d68891f9bf02b162968b02bbc30156b60cea3ca260,35026
r6gkebqu1_v3.csv,854fbe1ff040bbeb6dff340831bb8f5b9d0ce8201d6c1f2832fc611cfd2dacb3,34489
r6gkecrs0_v3.csv,70c91ec9650800934ae50bc3718ac9034ccf1ec7c75e4a65a2789b79f8c02036,33374
r6gkengps_v3.csv,451e4c9f171bb9aa30d863424f807b16837811b5470950174204adfd73bb0858,35558
r6gkenube_v3.csv,c3bdbd33eeffaafb800f23e81f6ba5b366b959ec7beeb9938dd6f7935fd66ad0,36359
r6gkepede_v3.csv,02a0556d2fe7204ff20b612d81a06f633b97ff11efa49b896f31096560281aa4,35006
r6gkf064b_v3.csv,7b6229f134e1b0134324a7eda84e37e20913fce9f12b87b8f667410f1698821a,43108
r6gkhcjv3_v3.csv,c0424e05f1d254e29150dc53b25c28a90eb09e87f5e7fc806846e3ec6ad98434,33060
r6gkhkqyx_v3.csv,48eafbabd5c8e2d7ad77473442fd19084d88af17d9c788da81d10533f0dfcb0b,33497
r6gkhvwbg_v3.csv,29f38f85e6b8baf7af705e85a8b69cddea9b8d8a0d53d532db7d072e9d1742b9,32810
r6gkhxwnc_v3.csv,47e5d621e1059bbc425f581e407e97ee32f027be957943b12f927d1a5e42b998,33351
r6gkhy0ze_v3.csv,2673a3049e3fbf5f6827c576686f744f9df5a77d15989dafda6af6f6c59024fc,33129
r6gkj1dz5_v3.csv,5b6e8cd6e6fc0c1074e47d762c900252981bf80bbed2455490c9525a92f4f4d3,33172
r6gkj4btn_v3.csv,e0476ea07cd0d84e8802021dd982d27026f591905c24d4e34bde2cd72dc2b88c,33030
r6gkj52ds_v3.csv,9f91c8bb4441f0313f22aa5fe1bdcf4231ea6037647ee312142dfbd271eeaa7b,33274
r6gkj5bzj_v3.csv,10060585dc1dee087c65f898d51070ef76acdbeffce35a9668de514d858f9915,33118
r6gkk0ckc_v3.csv,38b271ddf31d890ea024823e91ac2fa293b7ac69b79d80f9d19e63422eea611d,34664
r6gkk8met_v3.csv,dece99c02fd31e0a6823492c35b276e2e19fe0478bedcdaa4f0055cadc7b2bac,33349
r6gkk8ucq_v3.csv,8a57031490e44d661bc780106ff767ab5c0a8b8de00c35d83a17ddca3f8d3ce3,32673
r6gkk9dwj_v3.csv,d709d92ae45c876f8503ab9ace0cef0f998d6098f50e649782e924315ef41dfb,33488
r6gkk9k3f_v3.csv,56deba99c4bcadf17c7ba42be6ce825e162b673168c51a6ce30795c6bedd7f04,33086
r6gkkdkh3_v3.csv,a03c9a94daad7f6b4972c584686f49c5c2d2202580c188e13d265bc4c53b63e1,33651
r6gkkdmkj_v3.csv,5f723394a806847f71d4bb61f16380e4083a7a3b41244595a3aa0833779c4336,33642
r6gkkez84_v3.csv,778483fb161421fda82ac8e7c8247aa2d36f35f45c356633efabf99b3826c14a,33070
r6gkkrc7c_v3.csv,4eec4be5504cd31bae724fb68275487d2bb29e4e9ab263dad751286b6266b0ef,33710
r6gkkrf2p_v3.csv,d3d894f77e962abf0b756063e52555fe5670a8f8204050c2b58b552f7fe3cada,33007
r6gkksqu9_v3.csv,d5d4a17543f98df6ad04a2ad165f5322d8652c8c8a13cff02230146234c9e075,32699
r6gkktfur_v3.csv,12edc0f4b366a47d136aa14bf711768de60c9a422c29194dade500f6bda12111,32906
r6gkkzntm_v3.csv,cda00542598d4fd06e479ff83ccd076b21f779f5d8a1d61552ac382ce7d0f92e,33142
r6gkm4xen_v3.csv,ff1718c701a485097b27c9289432f423ede2f569ae94b8fca2ed95349170ece2,34070
r6gkmmj99_v3.csv,6976476cde5abe52c0cab607f8fb3c355a3c23bd1f5cae7661f88e4a14afa6a7,33439
r6gkmn9nb_v3.csv,b695c218ba5a62c040a97e6645735076273054c9317c6b93f5fe45816807e588,32699
r6gkmnb54_v3.csv,938ad88fbf48a71dfec11613d10568152d4cf5a3200ce2cff033cd05793f4f23,32835
r6gkmp1n4_v3.csv,b9f2725fc22e0ef5af7247658a69885ff48969043084eaa7b3fe6cbac4c41a8b,33357
r6gkmp417_v3.csv,ab6b7de9dfcdfab51f3d9454bde3644c33666ed74dcc2f1c39c06907ea86eeee,32277
r6gks0358_v3.csv,58479a02fdf56df9684cfe2176661d2129275108861a5125960c01a2e50bfbd8,33546
r6gks069p_v3.csv,3287f4ae2d9250c27060b6fc119f9e787c9f28a2435b3673b3db08d86b028762,33673
r6gkt0evm_v3.csv,9c55d9ddf5bd6b3424f03bf9c41ff4a5a658790b9580ad21b78c9b0dce5ead62,33601
r6gkt0mnq_v3.csv,dbad2ff0739ed1393dd527a20245cef92109d8c797f05409a00d1bb1007e5764,32516
r6gktdftv_v3.csv,d84823a3b0f13fdadd45f32859084e72bc41246142bd21d7a07f4aae349b8bcf,33248
r6gktvznk_v3.csv,cb71a9ab03924c339d8d1aaf72f96deccbb0738ccdb6308cdb82436b2c64aad3,33591
r6gkvbg1y_v3.csv,ee488d7394098229f65fcffc601750de843dfbc0792352fab773d59122a9a7a7,33029
r6gkvfj71_v3.csv,eafcc1accac8ba5f20605a981e4218310a0b82bcc30701a086d10adda081af0f,32519
r6gm86yh1_v3.csv,1932f21c8869e6889b95bb5cd63a293d61851df2c420ff2fe5fa318ed8de4d40,61889
r6gm896q8_v3.csv,f1eaed1c63cf73128a6d0c9f3b9a23daea74622d2da75c69ced91d940743df59,63417
r6gm8fwem_v3.csv,5bee52a474e364defb46c5266786172613f25e5e0f8425827370d85d13444fb6,62725
r6gm90deu_v3.csv,945f31ae1f683ea1dd263ee7bb7fec5d33d00dc165f20a86c0de09315b66cd95,61275
r6gm9311e_v3.csv,3ae6ec06b9ad3d9de2e3b41ed207503984ad1c90ca5487850b1dd34fa4a2e7ad,60569
r6gm947tx_v3.csv,8ded91fd5b7956cf4dd172a58f6e392d041a258e4bb7da7509729672be9162bb,62651
r6gm94wyy_v3.csv,ecce0ca69af3a5f45b936298174574adc695c9e7afbb27046ff5461d872649b4,62499
r6gm96gqy_v3.csv,87d6d4ae3cba72a197bac2dc62a89eceb2eef05726ae5aa720bfd3c175afe144,61307
r6gm97q1q_v3.csv,e11f94b25e64f2c938220ed45de9a25ba1de6343dbb0a3a0cd161b654aa1a545,60030
r6gmp71m8_v3.csv,a9b6e61fb3e68c3199fdde5f2d979ddc381833fb0fcf098790be5f881874ff1b,32759
r6gmrde0v_v3.csv,186f526ff4651f7dc35fb46431494b98cbc0374eaa7dfd731a37ec78127fb832,32789
r6gmu7wg4_v3.csv,da467834ebba219f3c46a5084f8a7f0ab0367fd1a49b694de8ac43f1a94d2199,34808
r6gmue14p_v3.csv,4c4fa08fbfff1532b13404d80d4ef3d314e3f5e24b26e062fc125eade123f5ae,34662
r6gn4t00c_v3.csv,3ea97c97b63013e28300daf16c4b87c13d5b9a151d02d63b1bb2ca8d14a60ab7,64167
r6gn4tm0d_v3.csv,c7110c71eeed9cf1fec8cbf977617324cd65c37767468cf7c43acac53b8f2b88,65360
r6gn4vdf5_v3.csv,5125100faf820356cadc2f28365067d8f2f1b366abed3a981507480d3000832e,64562
r6gn5n46e_v3.csv,b5f42a9e0d52a5b84ee744f78c244b4fe75c837749632cd56c65577a0385c89d,64237
r6gn66cet_v3.csv,5d474e05fb7602b1770d5593405d204220595bbf3c2807584c46b4ad30c243bb,62850
r6gn6t7t4_v3.csv,782de4d56e7a5394f4a82a51be3c393b3634014591b9e4707016af4cdda0aa03,65088
r6gnewm09_v3.csv,eee27f7f5acd554e87cf60a667c5533f5667fd1af80f53289de0d288ebda6427,64072
r6gnj02r1_v3.csv,89caab5c51abb8c604611c4871d0f2fb1f647377d8a50d7415ca3277406f5748,64905
r6gnvdgjp_v3.csv,2f9ac31dacc30bf6e3de526d224bbe42c72490ad72760d761f41807aaa5b927a,65721
r6gnvtgf1_v3.csv,2edd9b05d39454961bbd29a54fa000a4a2c2b8677c6539f726d7bb026947ce73,66265
r6gnyzq2j_v3.csv,9f09c1fa42486288c084649972c125676516ca75d20b05ef78d4e35eab015641,65173
r6gpdj3y0_v3.csv,85944c152585f26a136bac97a0a63a0dd02ba2bd1c276dfc115a22b92aadd678,60800
r6gpeh3mf_v3.csv,b3d86cc329969a5b2413d256616c56e6bebfbd00e7ba8b18f538a4e01cd512e8,65783
r6gphkp8m_v3.csv,f2ae2576f8694e1248a940005826ce53aad5f276ba12555394f6e546281e410b,66086
r6gpkmqm2_v3.csv,a1fc409ef628649d16e9faa9cde6e964e5191967d32d4047a59fefecc5a85ec2,65855
r6gpmcbq8_v3.csv,400dd8c59c59fd3e6b0497d8c701966a1975cdab2832894cfc2281fc5cabae27,65994
r6gprdezp_v3.csv,fef00a441552a78dc9f7aea93c26c1ebe97816e6ce0df68c86a187fcc4826b0b,64852
r6gpu3qm0_v3.csv,a6d580d89e23a94a799b0548c32c68282ff953e9e7563b78e5e2746e3ffd9fca,65731
r6gpuscvm_v3.csv,677831cefb4e6f883fa9fad9106bc8a4d8440fcd1beb6437d16f80285d2a9765,64018
r6gpye9gj_v3.csv,5032b1a391cc801029970d72b55eda55a795ae9306e252975a16c114a7fd7fe7,64434
r6gpz5u8w_v3.csv,6d920f60fbf5499b4a11cad14d7162bd0ac2b7276fa239ee0fc0dffc0f831896,65094
r6gpzwuf6_v3.csv,101bdb33c3bf96b64ad50639fdc806a1e9aaab602b322709f797ea935b723786,64920
r6gq51gsr_v3.csv,5494f10fdd2defe2dbe4dbf8ac8713149a4539066135cb91fcc9177a2e7250dd,45949
r6gq572rh_v3.csv,06e3891b64110832cc3524425fec2caacca821f37a2176cc689be54bcd15d4ac,43467
r6gq5k9w5_v3.csv,ca6bac799b35553b43f9857bebc497d543eae483d28a4c7c4ad73a7ba6cf3087,44005
r6gq71vjr_v3.csv,48c0d3bb101e994c36a91ba6381647e17fa9d84c7e290815a13ecdba94cfd844,48578
r6gq73qup_v3.csv,afd95e6915f6b49fe9929a4db67f53299338aa21e7f8c8b20337335a55156add,43373
r6gqcryg2_v3.csv,84cb75f7737a7a9204222aa63863fb5ad5cfc48330243b92d52fd5105ee8fbee,65341
r6gqhkgbt_v3.csv,b917ea3bb7c971c1f7193194463049265289f1680c903a061e3650f89d8d9f77,36369
r6gqhr3tb_v3.csv,d61d13ab11f825e61f1643865fc679cac0dad9db7e0da34a0de965d7dafb864e,36830
r6gqjpgq5_v3.csv,c86f8a125b4160759f57fc431ea2ced50f15079e77a83582276adb7e612360a4,35554
r6gqjv843_v3.csv,aee0f1916ae4635c0a987ec5add8bc3061a679fe56174c0c36775958f6fdc311,34149
r6gqmbw6c_v3.csv,e967f3939d50a9b01a4f82a3b4fcf599677a5e5e264c30ae0f46124ca6b3f047,34111
r6gqmepyr_v3.csv,8a0f352164d41a8fcdf66c4204d1b2ff9600d44c4baacf19a18c2d480bb0c541,33992
r6gqny1su_v3.csv,63b32b764eb9f66beb08ae9134ba592ead7362cccc0196f321d58ff5269ad542,32498
r6gqny6k7_v3.csv,2aa4c9b63a16547850713b06359983c519b58fbba7decb33866b24191eab46da,32832
r6gqpkekg_v3.csv,d7b49d9551ef46dda1dc140c21b9131d5965a1ff4015c449032bd20afcb6e309,32166
r6gqqku31_v3.csv,e2d3ff577800de1a2986a197aee63be3e84c7189874b6ad4e17b9f1ade60d1c5,33124
r6gqtbqzj_v3.csv,f76275baa30340c15b122f4c394161283f0fc0d36a069863ad283a762c04910b,33600
r6gqweh04_v3.csv,55d2d2f332bc1ceb6be059f19f261db4a43bdb92ee7c5f84cff7a77a6ee1dae3,32873
r6grxpgsn_v3.csv,3b60b8e5d84aa8bcf38350f2521b50ba91ad98f2a28dc9b561c018d6126b6133,35030
r6grzdfts_v3.csv,9f462d93f6f683a8bcb8f296e32436964888f67de07e10645260b901d722f783,35134
r6gsbpm17_v3.csv,b17708d8906c8a4fa10ef8f39bb980359dbb913f843509d4710eaa06d25d6983,32901
r6gsc8nsb_v3.csv,c5f5d3f2140282c12cfb4cfb2b70314fa791244629771a050507549d8ffbd0fd,32696
r6gswkubq_v3.csv,71f1729f60023b0df96a01c9f844aa4b184f078f8e81d565e4478afeabf3e103,33790
r6gt069j5_v3.csv,0cb9f4b4a268692b747648764802b628c8ac75890ac54455f72458060ced78ed,32906
r6gt4vuzu_v3.csv,8908725b2471e5e5e0a333d70117eb4949ffc7f343d5f4134e37e9d0a07b7ef4,33240
r6gtj8vxg_v3.csv,8c4b63da5a84fc004cd4a40e214724831fb0ef817bb0f9ff35576fb2f29c0729,33520
r6gtm9729_v3.csv,0f7e1a588cad24fe4875dceb2cf0731d80eedc29faeda929316cfd57f7d08484,33066
r6gtn1q4z_v3.csv,19eb1817817c9d76453f37228af4118c42b6d9c73538157f84f7c3823ad51e41,32501
r6gtq17fg_v3.csv,e59be4040be6048618afc1853ef5b22b0abc6c0811533cd81df54262cd0e37ab,33744
r6gtq1u1f_v3.csv,ce133fcce4e9ce8a17208f4ba82217e49179620dc33f1eca47e8da45df205d9b,32806
r6gtxue31_v3.csv,2b074812e9f2e87a77bd5f282a11e0e2cedff562520bd34b0f56e79409aa4b46,33725
r6gtz44x4_v3.csv,2d6bfba54c286e3b2abf38fa55358659d44b5d25aed0ab3b459b53c6bc37026f,33905
r6gu26hn0_v3.csv,cc88a7d1563b646a8b2426e193bcc861d434f8a26d39503b5fccebf888f9cd98,32473
r6gu2pwz0_v3.csv,6c0edc0ac0c68f085fb3b90c7098eb516744e13f4e7760f9f38f0dba89ea09fd,32557
r6gub6qxf_v3.csv,22cd6ad91278172e59e717b150eb60cd111a41051dec95de6fcb024eb7cd9f3e,32792
r6gudbwey_v3.csv,9232108473c8c99c608382822f19e8cf3cbd3696d90f2bb5b81cdd31b95e5332,33005
r6gumbdbc_v3.csv,5d4c9d9a9f417f1b752c84c2549f1eeea72d9711c7cc35b312286474d1033897,32422
r6gunb892_v3.csv,16f8936ed8ebc7a0ba568cac8821c453eff77866cfdeaa49181928b6586ea89b,35338
r6gund8t0_v3.csv,ca051692fafe482dfe9f656f33102abc2f1d35e16441e32f3eb9eca0ab519b69,33784
r6gunnfue_v3.csv,76a94d75bfb31813ab33b01ffb9314c4cbc20b6edb7758120f9f78c027b82433,32779
r6gunz3ws_v3.csv,2c88575edc778e99a66fcab13ef49015d805fd4e3dccfe2ca4ac307257dd5671,33562
r6gup2zx9_v3.csv,9a102c7240b973159905ff18fa221413ff53c712937aee4f3c22b3022b1f8d69,41797
r6gup4hpd_v3.csv,f0af5226d53cca757c260e7f59f9cb5e1b9a9980fc36d6c0f2a050b310a34918,37496
r6gupp3gu_v3.csv,0b38226e6275953fdb74b757d30454da421cae635e88eceed3d7c5cae23e2289,34945
r6guppzjh_v3.csv,f6cafd21f5e0060f9ae0171f7cf270246cbc85cc48911ed277514c12e797f593,36225
r6gupv20j_v3.csv,94fc2d753cd41c60477106a50b7b6ead79608737691276077f49e8c91931ee2a,42862
r6guqd0f9_v3.csv,9926c2061f0290179d7d461465b4db125dcdb455dc033e6484f527b50b732643,32584
r6guqdms0_v3.csv,5cca19b197f9e17c9de72335d28646aa8e28f478cec116f98280f910bf8730a4,32813
r6guqdvex_v3.csv,ceef4a866186e4bd9f1b939152a2a24c1666e0e20b7ad9f4fe74784e05e8e245,33383
r6guqdxeb_v3.csv,628b42c3b8fd936cb06be4ad2e903a01f516ef3bdda5a459c0594b0b4a72ecd4,33000
r6guqe5e4_v3.csv,806c9984400568ca25b506f51e8cb4156a689da566c9417be2a9c1236a45320b,33274
r6guqs01s_v3.csv,9c87e3e7ab00e272b932023769c009b9c0d5fbb76d8e2c3c23ec2729696fe46f,33161
r6guqsw0c_v3.csv,729cc8b121e4fcbb52aa03930bf12f03bc610f77b84081e4c86d359968453b50,32452
r6gur1bp7_v3.csv,06c902aa56e454281d273b105b0c12efc996de9c2276891a4270aa18bd336844,34169
r6gus7g8c_v3.csv,8a038faadd981be3512e070d3b944092703f74fb135f0b3cdce5612dd71aaf42,32762
r6guswjrq_v3.csv,85cced4044743a73b0706184ed9e7a8f47da41ecd904f4d6256ac696c7dd439a,32015
r6gutdxvs_v3.csv,59c5e69aa88ec8307f514d6a7bab262056590b361b0c98272ad52d87a470d712,31882
r6guvbchj_v3.csv,7e3a87e989726f070bd9fe5fa5155aa1d059074c607cbd09b69d4aab8a04d5ad,31797
r6guvxqbk_v3.csv,a17320a5c66f440e0c76ae33ae8cc9a000e3026af78e259a3269098831d208e3,32398
r6guvxt2e_v3.csv,567181ecd97a949d2266f18f0a97287c5cf4fa81675f28fc5ea57e27ff006bb7,32111
r6guvyth1_v3.csv,dcfb77d5476d5f41b214bc02827ebe8739deab822b8995988f83e62e1a53b50d,32923
r6guwhc8j_v3.csv,3663743843ae9d68663488711be3d07bf980957c626baedf7ac0d3cddbc708a5,32404
r6guwp0n6_v3.csv,6f0f96016c7b7c6d73b93cdea599fdc140ed6c6a7a6e0d3c3dec24582725e919,32347
r6guxd609_v3.csv,1c5a4536b5af5d822584762550c5ee3fb73bc4a815e22774275038f4ce8aa265,36439
r6guyc0vc_v3.csv,eb58ea7b5c0b0cc12b16637dd1e195de2f3bba06a7b3c1bad46dad524720eda2,32869
r6guydz1t_v3.csv,c5589305132bf95dfc2c2e9fb1ac32788b3804d95b481c048f591dd64aa3e1b9,33271
r6guyq5vt_v3.csv,2147111f7d149de663d632fb02d033eb1d4163ce7d56fff80eddf9af9a1e954f,32405
r6guzg5ke_v3.csv,b62b6a4035797fcc9efc649c40533810cbcb67e41a1676c0bded249ad6cb5806,36192
r6guzhvm2_v3.csv,20ccbeeaeca1411fea1bf5f59e98d9968552990721641ca67712fab2419497ae,32657
r6guzj93v_v3.csv,6c84d5173c3d92f3dbdabb5b4c12dade773b4fafc7d416ce3d48bc259838fe19,32688
r6guzrwb6_v3.csv,b7760a9d46e49bdd8e93a5cb90012b6e4049c2815148221dae88df3a7a69f148,33102
r6gv0ekrt_v3.csv,608ed1ba6087721d865e7acdbf8d74a15e98750a1d60a7a152d4de1fd866eec2,33199
r6gvj3vvf_v3.csv,f3d58ff12ee97d7f9e991a6b4ed4b7c59344d0aa952b0c2b837b65fccf0540a7,32435
r6gvk8714_v3.csv,4ae4e89a7106460cfce3b4506559ecca93df894a171568ecb1cf3c8da469a17c,32559
r6gvme93z_v3.csv,a7cf4de68c0fdc0c15757d64c0a0434f4ea5c3fa31e839f2fe1b7de5f2515981,32504
r6gvmkrve_v3.csv,d3c0e4e012991bf09465d4310d79c0587013dea77a0097e563ce217235dc4cb6,32345
r6gvmsj8p_v3.csv,a0610fc5cd54d1c2a80718ececd8b000692bfb8383bfebb0abc34bcf430dcabd,32977
r6gvmswx1_v3.csv,7b0ee2d39ab1f8ce7f442c22d77b8652c52c6be11e12a03d26a4fc6db93c7e8d,32449
r6gvmtpsp_v3.csv,7e7c7f642c39a6bc05a21290c006164c152cddc3078892bb057fa7159d50b5fb,32566
r6gvmtrw2_v3.csv,128d0ef2f9bd437ecbbeef285f276146bca7e4bf52706fea2d49dacb8ce87be1,32614
r6gvnsmew_v3.csv,9c685cd14b9d7e74d45bb74300e7056c8d0c0dae0c02d2323ea4d633c11fbfe0,32395
r6gvntnvm_v3.csv,22dcb0aeda62bbbfe05bc8cfdb04d886862f4344f8515b4ad9430d266f583594,32505
r6gvnwn8w_v3.csv,69fe4029ac103a627c759f0463f95a64f71359843467de5eb2515328b56ea03f,32065
r6gvp1xw5_v3.csv,56cc538ec0081d1f210f3dc678ee9490a7ba9fd262a5d74f3778612052700155,32868
r6gvp5m9x_v3.csv,a284631aea74b8303df771c1a5618a476bff66b43476e31146f6ddcc85f306a3,32665
r6gvp6uec_v3.csv,f9abfb2e916645fd44e1274645c89bfb14a7f61b0d537b65f6f8152d6592dfb2,32967
r6gvp893x_v3.csv,63df040dcf3da25b7892810a684ada61c197b390601009eebf8d9a2cb4185963,32692
r6gvp8f12_v3.csv,f50ceb4ee06ccbe4f8b00cb50be59f8f64813a59174fa7ff054b39c2fabbee0d,32866
r6gvpfttk_v3.csv,61021837ea6d9d58649ffdd453ba572084e4380107b4978cfb40a634994b69fc,34532
r6gvphe5c_v3.csv,19f346f36e2ceac1e506994854e2b34bcd04ba60a488bbcc5271cb03c2e93338,32415
r6gvpn95k_v3.csv,6bfef7d235104bf2de5965f66221f981026d25fdfa380705c9911f14ce75c640,32003
r6gvpnve9_v3.csv,03ce6fc9fc77e78a19a8f75f7a2dc3cdd2b6b9b71fcab889d8fbb638e1018def,32452
r6gvppc4s_v3.csv,30f5aa01f16316ec0781cfc7c324015c28161fb94a666ae24957ef31e0b80fce,31928
r6gvppps6_v3.csv,6d25862a1aaa33fd7e912f1b388fa1ea6b765cbe011ecf7d90b7133c869738dd,32631
r6gvprtnu_v3.csv,6d3b9db99b89018d1e923a6865beedca54384680d1fe495a454453c3d9d5f3f3,32407
r6gvpw8ug_v3.csv,85322cb5eebe8d1497d6c6aff18579fbd9602d4010b155c76c9bccaf50fd2957,33039
r6gvpzhf4_v3.csv,1b418419718fca16e46ba8b9fa89bbf61ed97cf3750a99daa0934a75e84723c7,33276
r6gvqe5v3_v3.csv,e7fecbf053a92cec074aa7c0e7b440baf1fda00e6391482c21cf0383407d498c,32591
r6gvqej6v_v3.csv,929bcd7c08cf7315b460a91a02b083fdd331731032f6b123e783049257a23ebd,32621
r6gvqfycz_v3.csv,3a5312e5ee4c1bc9d066b70e1d4c3bd7be637609cc2885ff00549ea1396832b5,32608
r6gvqsmru_v3.csv,0bca858d5e74e260ae6a2b590bdd64f08fd053907fa7f030b7244a7891da9665,32354
r6gvqwmxt_v3.csv,d770a784a02b6c4d37ff663412fcede207be24f0b02fb834e76e471584fc9a30,32434
r6gvqztvf_v3.csv,e3bf8ae83e46d941b2f98ad661f5ae008cc3fa79709bc0159551a5377a7b081e,32513
r6gvr01j8_v3.csv,1d613b174c532cea04cb1c51f081d460e8d45e816a742ca2f83634dad8fd607b,32583
r6gvr2w4h_v3.csv,d708d2c1260c85403dfe96f20afe05cca030d8ea716c5bb6f26671c545c4add7,32337
r6gvr7e8k_v3.csv,7f40c326b35ec45a1f7d20a2bb0f5c25fda73ad94b40dd7bcf0cf3138feaa149,32582
r6gvrew1r_v3.csv,b50a49c3de153d5145caae2bcb1dc34f074bb28e911790a7651c896ba48dc77e,33208
r6gvrg223_v3.csv,ff705ac54fce6df5463b24aec8e253d1290baadec57d196a667b167eb537a1e2,33025
r6gvrh1um_v3.csv,d99b43860fc6f02d9f5c672803573a9fc012e7d4267d8976a4f7d39f56a7fbb6,32026
r6gvrh6yz_v3.csv,a50ef2ca0511f9d4bc423efc1ac6df71e8f70aa51ac4db8afaf305d5fcbbf17d,32371
r6gvrjg8j_v3.csv,9079bcdf1d1496eaaffb85cbf350b1fc5bd7359ea559aea3d89af4945fc924ee,32745
r6gvrjtc2_v3.csv,cc1df1964377bc0f481b44f6b981d9e12f93b1bee5c0b58424e06448819cb6aa,32537
r6gvrkqyt_v3.csv,a3831c7b76fd24a382a15a04ee8ce1535ae5f10c3d7366068c402b90c69abe1c,32525
r6gvrkyc8_v3.csv,baa1d9544406887409b50b4828d62258c1e8b3c5429ecc9d8117033d65d8d59a,32770
r6gvrnxfb_v3.csv,d126823c21fec34f42fc5c520578c540e3e5575212dc8656fbbc9e652ae36126,32364
r6gvrpp4n_v3.csv,34712c802ccdee60ff98bdcae58a300154961ef196246b162b05f3d8446940c7,32416
r6gvrpy8x_v3.csv,62e59af8acf1828a8684859a6d4eb85cc6daf0b158120a1967ecac24ce15cd8c,32118
r6gvrt0k1_v3.csv,781348a2832775c643651d3e92f259b659c3817abc7d4980e0f50624c69869fd,32209
r6gvrtmpf_v3.csv,2eb869b6217820a7e14f8677dbfbd0e412eabcdc3ccd14d1e3c33d1a06469f17,32465
r6gvswqd5_v3.csv,64bc7d6f0bf26e81bb44bc7266e248c3f9fdb61392183289b19f370a9c323bbe,32195
r6gvt889u_v3.csv,e0cdfdd2463b3426c9b97e4bb105860f390d3949d7aae44567fc8d3a7052e4c8,32404
r6gvt9prr_v3.csv,1394bcba56e828e796f22bec50e9f6cc3967be1944a9261458ce0ad7d2efa804,32236
r6gvtgd3t_v3.csv,da8058f965d6914d282159b09c1ef203cd30f7994a50f3528b8f6d4d6d3075a2,32568
r6gvtq6sn_v3.csv,50f4a4694eed85ed0797c547786749f2c74757d4e0c9c8236e6bf2c4ae13b5f7,33031
r6gvwfp6f_v3.csv,5afd8cdb2da307f3aa8b75c18a39f2c22145600c236d8cbe776d4f94f7a6472d,32280
r6gvx0eyz_v3.csv,7efcdbaf829362d9e40a44d5b7f52d310b359b9ce48ce7ddd3f0bbb37b774a06,32000
r6gvx0u8n_v3.csv,e1c0788b74e2852f0c678c81cf40c858acc2b356c7d5e6cdec5243ec17b6c644,32054
r6gvx19yr_v3.csv,d3fb579658e1dc23272b7a5779d979d45cfdc4818c0242e56a3760258a200d19,32137
r6gvxby12_v3.csv,b52dc25be278e3e70b287d59ce22c90c665c4cd96d0dc7cfa3620792d0fbaed2,32873
r6gvxy9zt_v3.csv,5df3cf5cbb1c341d7d62cf9736b6a7043388a99a72d9810967b325bab1ff2942,32766
r6gvxz4bz_v3.csv,9d642a670cd15be95ee86468db49574dd23cb9b0d5035124c22e08771a9358d8,32218
r6gvxz747_v3.csv,3c21ed32bc3b24dcea906b10486c9c1f4297b5871276f3e65571c219bf75b365,32548
r6gvzbn4n_v3.csv,a019f799429730ebd834a1b965021372b91774f780c41ae403ba4cab378d60ac,32775
r6gvzbz9f_v3.csv,122cc730d1bbbcb69d060400f11666ab072304fa4addf2d0948bed5254e6fd67,32362
r6gvzvmfq_v3.csv,7d3a6d828cb874dec999ae0c2910f41ece50353395b714890fac04211f8a1615,32599
r6gvzyjtw_v3.csv,84d19d1bef016310b15a9d0148f0d2adaaf23687f5d8769b28f1f1264ff6f7da,32222
r6gw0r2uc_v3.csv,3cf6e128984214dab5bab29e60d707aad44b3d7f291a3c0439bfc6e9b42f2f39,32869
r6gw0rmb4_v3.csv,766acaedca20c02facbd76a02f6b71a0e56095876bdccdd2006ce1b05dea5571,33489
r6gw0v65b_v3.csv,caed6f3731bb7f03ddb96a80fc18f4f681f540076a88234850894e24279d3641,32983
r6gw28v56_v3.csv,9dfd8cef81a33c571e0110195624d0134f09c46fb0c6d22fc1fac4bb4b5fd631,32679
r6gw2thkr_v3.csv,d132050d08b75d1ce5557e76534e1892c5c9d9c1d1fb97458e4237aa8bdd97a8,32603
r6gw3gdjp_v3.csv,50fc12ba081726cd351334126ea99f50c93c3e92ea592540838fde4748947f87,32298
r6gw41uxc_v3.csv,ad2fa97f349b2625d8c454ff57f686ac99b4fe6b99db67c43a12baa98c90bd52,32212
r6gw6jsqz_v3.csv,d342d96d076ae7bef3e2cfe23cb4783caf4d30a2ba42ef416a4d39de8cf6329e,32719
r6gw86m22_v3.csv,88a8f6fb0069e439f963c7e0bba75b7c960960cd00b6e5c4e1d5d13ad2056454,32507
r6gwb369j_v3.csv,a8004e350eb4834608190463fca027f4276ad3874e5bf03e5e03a79b34f0255c,33632
r6gwr38kp_v3.csv,e5c0b30efc6d3eb43cb442b80bc4ed586aedc9e5f3f9e82d171b48fdbd0bb257,32712
r6gwv7qff_v3.csv,12941f01d11106e9ea701be014c5842132c162bced6c6f040de4196598562d3a,32552
r6gwxzjvy_v3.csv,ad05ede6efda84d23594554ccc8a16e547778be5c5b25c08ecc786e9cf61ec5b,32281
r6gwz3m3w_v3.csv,ac25b0624e4b86ae9e5de7e94ae99fd55c1d2d9b7005ce478d7ed23bef719ad8,33114
r6gx8trtc_v3.csv,1803f2ee0bd0db4512fb15ad2e271837e6d7008b7735c3ffa574d7f961c76787,32688
r6gxb7z3r_v3.csv,d9afb28b7b506b4b6631ac0a02e42d84c2a1085287a1596d3c199f1aa012d20d,33035
r6gxbegfh_v3.csv,0a2a7f422b66f232c0bac689a5c2dd866cf075819afaeda5f4f487516cfadefb,33562
r6gxeejsg_v3.csv,46d46a2a38dc9992e8377b42d7e59720cdd89ac4c2e3420961c0d03bed321fe2,34510
r6gxfmnxt_v3.csv,f9307ddb21c191b4e3ea3e303964751d372bb6145736c9ed1bd7366eb22cfec5,34224
r6gxftd3v_v3.csv,067b0b7a76cce3406c51cba08e6f6e82a339ff81ed0be82020f7bf4d1c153f13,34374
r6gxnc3sn_v3.csv,781548689d4bbdc64dceb80e686303f27e2ec4dfa1cfce22b45621a1a468de36,32859
r6gydw2st_v3.csv,f8cf5e60059a4a0277c0147563ac91d53e293753c44c51c82762d0efb5223492,33056
r6gykegbp_v3.csv,7e438e97ae1b63c3be9bda49bd42d4e4fd773d16f73b8db05f7d983e84608eaa,32149
r6gykemm2_v3.csv,6f93fe01084defe3ae40ee88ac700be9ec522d262c8e13ad91f0dcfd92bbe8a5,32789
r6gyw2fs1_v3.csv,ca1097641f89fb0cac6ff8b721a56db832519c49e1964071bfa5d6358895bd59,32270
r6gywfh00_v3.csv,9009ded72e2f2265c50998042509da0b8e09809e0dbb3cf5c25859eea464439f,31792
r6gz0cse5_v3.csv,a13ba1570957bc2c1c675c348e1d20aec692c9b94804456c2ceb6bbdc0131469,33020
r6gz3b8et_v3.csv,ea2c4d2fa905bde47818a54f7eda16278e856ba011588008fd518545de6c407a,33110
r6gzev6wz_v3.csv,62135cabde7d0f0361946a922a2705eeb35e585e56f7ec275a9d2bd89129850b,34176
r6gzk7zzn_v3.csv,a4f998b5b4f3497726ebd74bf23c540a3d9c39913a90836af104cd3661a2a77c,33589
r6gzn7s9v_v3.csv,c12746bf8e76af62131b5730e7042d3ccaf332e4f923ab5f0ac367576dfd00ca,32204
r6gzpw7ec_v3.csv,49cd17e3cf4db7370e10b48bab49706646fec7fcb3b961046da8e2f6693f20cd,32354
r6gzshym3_v3.csv,c69ec31af464b7deb885f86e5486dcd8cd6d38da33307b340465eb0cd2dd0880,34084
r6gzt78f3_v3.csv,d22de3ba789049cdd48461f57938e8c602611a7efe0d386a2435efaf5e20c815,33260
r6gzucdru_v3.csv,4a1cf95d57b560e7503a4fa8500f1be21e165982c37c44fe7b3ac867bdd4a89c,33369
r6gzvnv02_v3.csv,189a80e5fa93309b15410f844e112993a9050d0a51410a679c82771dea29f57f,33529
r6gzvrqr2_v3.csv,d74b38c7cd34d6589bf8d2193703c4e0d2406fd5ecef93262bb8bf3546d66c8e,32829
r6gzw9h4m_v3.csv,a8a91966c9112d58376377324866ef7ba65fec762c57175060e63be9bbd352eb,33708
r6gzyqvhm_v3.csv,8d6fb1190ca7fa5ea8c5a77beaafab32564eab74cea6a1ddd07cb25ca14212d4,33367
r6gzzvz1z_v3.csv,a67de36df8672bdb2580ed8dc04516ce0b02603a016bebea6b8332750b98f33d,33172
r6km6bmgz_v3.csv,62a9a7f7849f93c127bf69c4c6cb0c62c9448791df678b4f2c8c72b721c21e11,30746
r6km732mg_v3.csv,285d3037db0b38122232f41deb186023996318d25c92add6f9d6851fa5dd202b,30696
r6km7938x_v3.csv,5792b2f37feedca9e52cb2d9d952f4b817067ba0a3737a2ae15015a7633c507c,30225
r6km7bchg_v3.csv,65fca571ef966dab5017bbd649eae39d1f722095190d13e949898b0f11fc4b98,30515
r6km7d7cu_v3.csv,ea5553be5fb7918325d4ca8325ec4539f7c80e1a45a9f86bec796110ea750b3e,30329
r6kmd6ren_v3.csv,4134bfcb8b935e5976871177766dc8bc92e3976d2f8da72d9531c583f5ee0191,30692
r6kmjh415_v3.csv,2d3e211ae33f14688a9c4ae973c11fdd32a08976eafb7e81ad59fd0f68d8aec6,30423
r6kmjkdpz_v3.csv,f23d886d813323cd238495e0c0a9b5cae2e358de384f9f2937194b04be4ecf2f,30564
r6kmjkkyw_v3.csv,c33aee284377ce9bcb6d91c998e827e430b149381c530bf07b0743f61eadab40,30299
r6kmjmt50_v3.csv,37db7c0ff5ac7d1a340c1b6084533c9b3b6a4f55a4ab531ede60399bd21242fe,30360
r6kmjqjkp_v3.csv,8d0a76cc6d1341fb8b4c670429ac8589ae295e2686bf19cf2a1a3591ce7ee5c5,30541
r6kmjvwek_v3.csv,7a2302e75172ea7d025c14b0673665992be3d6f02217ce1ab9eb4c33d2068672,30740
r6kmjw2kw_v3.csv,d34ad5612c63c1011baf21c3faad81b7dcf8e3a44cc4142009cfc145dd0e2d07,30694
r6kmjxcwm_v3.csv,b931f6becb762c8d4b800cdf2c178755eb6037e4351d421dcfc3eb10f4ec1c33,30319
r6kmjxrk6_v3.csv,6fd73886b52abafa8a74d5bcbb527fb3ce11a9465d0382d01f2d591d9595e952,30175
r6kmm8vrj_v3.csv,28d7d71eb3aa18cd3a80296f76796aa7af3eace20be04f9909d4442d00d35a18,30380
r6kmm960g_v3.csv,90db58e5f1cdea0ffb7d98be6cb7493eaa7078b113748eac59a38905c5ec44af,29980
r6kmm9ffz_v3.csv,43606ba9f8170b51c279f1c80db48627e127506556eb1e63daaa643a54131a0f,30295
r6kmn6xnn_v3.csv,bb2238e1e8fcd41ac54ae2ddb26b542dac128b8083d1a92adcb5f811ed507715,30762
r6kmncqwb_v3.csv,2af6ea82b295d4661a02ff97057f091b9618f97b7c8a7ff217567dfc9ffddfd4,30306
r6kmndybx_v3.csv,900631d77fe642b747b9ac1cb3146484a224cb296c5f3cf86cfbc883af653f7c,30470
r6kmnfn5p_v3.csv,24bc2e39a9d1219a86c0665d0ababb9b07b781c03cb0fcc4b49519e1abc2821b,30153
r6kmnfw9k_v3.csv,19b5e4a10d423792d55842dd0407d35f5b89f483d27f6473e9f56c1221ee7778,30376
r6kmng341_v3.csv,824caa6d2c237d2aa2c00aff13bc173f79f0949ff063c2a6ecb89c75d11360f4,30444
r6kmngnfh_v3.csv,ee285dfaff9614ada5b4bd8a5a8d7e455c0348e52eb5754c5149acfbddabe84d,30374
r6kmngws4_v3.csv,144bd15771fdf0adf9d7f343af1c4b2933e487514bedc5fea1e13cc42ced1d8a,25618
r6kmnjhkv_v3.csv,c812a8489963ab54a4ef1a9737ac9db914ed401ad46c1be7a3ed0edcb6329580,30547
r6kmnm8b3_v3.csv,723099f13626621e91d2f1e16c761670cb2010bf0957e2c7d1eabfc9c750a169,30484
r6kmnrjzq_v3.csv,6241fbda315c05401fe8fe2fc844a03d284caa2e5e078e2e280dc23f47621bed,30071
r6kmns7ck_v3.csv,4c898e40d8c24b1653fa5a43c6df9c7a198ab878867f49ba73bfac6b19127501,30255
r6kmnu4n6_v3.csv,8893dcd8252561d349c78e7d027b8a0c7c82034d49d6025249d4ea75c7d79123,30037
r6kmp0ugh_v3.csv,f21d57fda364ee37b3f6c67170e1833d4f70af46873f5a756aafbf54558e0d9c,30177
r6kmp100x_v3.csv,d50a77316d555aaa9d827f6d31e455b01dc908bdf3719ce71070226400d04d06,25618
r6kmp3815_v3.csv,29694d2a697df434ac8337f7af6c32e38f62c2fe853af9c44380a0d941b2ae79,30067
r6kmpcf78_v3.csv,4a6bab0eeadc41692e115ce4b5dfd3c631f323bb90f25786d89c9e6b585c73d9,30537
r6kmpf9q9_v3.csv,367206f670f676703e499d841fdcad16b4bfd790a19ec8bfdc81d6cfe68342e1,30569
r6kmpfp9c_v3.csv,35f850150630eae5d96e31ee1269487bc61b9727357002819eb8e96c7294a90b,30016
r6kmpg2pf_v3.csv,4b4c83b1d81d271d77e4eaf34e164942888c00f551707bede0043abbaf9fe49e,30147
r6kmps84d_v3.csv,e130d390a3811a9ba1d114bce36cff4cf1857762e46cf62659d1c1a0ce145c24,30100
r6kmpsdk8_v3.csv,d8e46320215d20ea48a0f30d99a1b10c2b6fd5db767662de3488b3864ba06767,30189
r6kmpstdy_v3.csv,24e6e7227158f16fdb30f9c355765993dc0c5ddb6b8118f2af53613b747f002b,30664
r6kn43rut_v3.csv,71c01af422a738c15a638b0dca2d218d36d271e9200f0ef53b70151ff033755c,30381
r6kn49ejt_v3.csv,7ffebb19f26e6276325f1f077efdd8253c097689756bac7e3a8d0e926314a11d,30041
r6kn74z7x_v3.csv,6b908c32e12684d2b2010a8cae5283a464b0c1b7a532ebf3826a4a9217875319,29929
r6kn8yuyw_v3.csv,4495d4156c58d41e801a13a6244f9a5d5bbe5529594b560af7be942531be412f,32133
r6knbdc99_v3.csv,c82574c4c7a09b8fccf4ad2a97e5f46c4411f89c278472708fa5db427e8f8628,32846
r6knc4c5y_v3.csv,ba65c36d6125583701f4a105a444c4ba6a16c0d7231328065ea8ef2b09a4762e,32403
r6kp8pr81_v3.csv,4d62c2940918003eb9594950d368452a362700a9fd0a8c0134336101559bf33c,40857
r6kp8q3ts_v3.csv,20f95bb824a61232fedad449109b01dc89874eeeda8942897cc103c27e8c20bc,40685
r6kpenxn8_v3.csv,28ad116fbe4480375678bee3057c91fda46d527a79e61aa5717578df0a360bfd,32079
r6kpeq4b2_v3.csv,81aa28dbec27dc15dd066281a5a1ac748544554f47ab6215fe8642c329fabf57,31909
r6kperj5q_v3.csv,1d1cdbc2544929c82aed9df52750ea59be26f6d8d9065cc3bf7686f2f3f0f9d6,31715
r6kpg38xb_v3.csv,f0b54385284fce2d0e69152e98b68604cd3afe8b8b01cef4eaec392af09aef3c,28675
r6kpgh806_v3.csv,4bbb2d52d69b0e2dce3a8a8336cac2c1892ec2748603f347cf96db32aec4187a,31652
r6krykxyh_v3.csv,aed33899ff5da94e07953b5e8e79a54814e26f23d9421dff47ef7c8419311320,31815
r6ksbh3sj_v3.csv,ff68ec8922d9d8ad59310586e2dd9fac1921b53f116d28da9c970a0578916cb0,30326
r6kt01gyj_v3.csv,e7fd8e23b8626016a1458b9c5c7b7a5d099f3087eedd13736ae6b0813cd94914,30360
r6kt01pzr_v3.csv,a1db8ccc434154c995136fcd3a40176e3eb3bc4f055a3cc05c5b555815614b0f,30343
r6kt01wbm_v3.csv,9a58cc9dad0dcf584f7cbcb51160f6be6dbf6f45082e0f8d2eb2d54c1df0d612,27186
r6kt02en8_v3.csv,73f64d883982c5711880f1d7cae68d9df50bf98bef005e77ac363abbe9423d15,30491
r6kt02rs2_v3.csv,d0c5b92322869b5b973952e3489a2402a4a403cbfa50d11bf9ebea0645279f4e,30866
r6kt0311h_v3.csv,2d295e9e4ed908d2be30f5957f9ae9b160826d9fd55995dcd8bf3766fa9c0836,30043
r6kt04136_v3.csv,512b00fbd48ddf2feabcca0ad488dc7b49974be6915cd738fe5d538211e3422e,30281
r6ktb2t19_v3.csv,0560f40d7c09276dd61405163c3ddf178fccbc2514724663f2d010d037a577b3,30886
r6s05nsse_v3.csv,5d307bdf954392ea94fd9a3be948ed3832a22c0fb93e77659d6561e03f2729a8,32364
r6s05nzb7_v3.csv,077b9bacc0f9914a9eb4aec8242954461e8948b49bb4df49c566ed55a567be4a,32207
r6s0cw7fd_v3.csv,346c5b84e581bc1a41fa6956ba93b2ded7edb08bc7b6244f3beef102b047075f,37727
r6s0dx67q_v3.csv,2b103a350dd9cdf29db32b6ccb25dd5ae07828d51feb5d764f126e79bf27ed00,32728
r6s0e8ukn_v3.csv,e10cea7ca7f33b7ae0177b8078f5c78293e53dc9bddc5a7f17fc69b97bb24bac,31953
r6s0e8xw6_v3.csv,5f9fc4b25b16d4390f4d169d921cafb117612004dba8528717c9be944f1c19b6,31166
r6s0e93gq_v3.csv,d6f058b82be6dde60a5857deb868915107bb5e1f967038fc3b347309f24178d2,31253
r6s0eb8vr_v3.csv,0f36b735358f76975cd5ca844a8ce4efc045dd3742557d38fca4183e1958ad01,28722
r6s0ek3kp_v3.csv,83d8fdf35ec664b83738fc85ff54c120c26f338c7b83445fd177b5c362b93444,31300
r6s0eq88b_v3.csv,dad8f3ebc4b2e49db81e4698d37a3e8d1887bfe86a6adce95f29fcfdd93e7ac5,31954
r6s0g1jh4_v3.csv,522dc43f0143df4d5ae6f912da0820e08596f81827673340c2c4d9dc3705d0d9,31799
r6s0kn7cv_v3.csv,70d0ef8c4f8ab8cc6f5f655b5ee0d146b2ddf8d8c295fa743cf40c87591a0721,30880
r6s0knvrh_v3.csv,027603afdc7214648a1d0dc9bef340d09ed8548ef2a56b436f76c2bc488f1018,28286
r6s0kpm4z_v3.csv,ec6565fc80f643e87f25f7a644345e79b43e9b022a7eb63a4c88ce00f373d072,30736
r6s0kyzx3_v3.csv,2575983b5105d1755b36bc1bc3c08ac27ca6f3decb323f92d3e22d1570f6c823,30290
r6s0kzc7u_v3.csv,f80beea2296b46ac752bf3b054a28f6e5aa30ac1e843a74340b6a228ca543fbb,30653
r6s0mmjvu_v3.csv,fb844a2deaa87784ec6c144a024d29144bbb59820a5e56d58caa1bfeedf5ce19,30572
r6s0mngse_v3.csv,263d596b874ce9f0208923e6818d3a05c8707092176f82eb87d87ac676c0ea71,30537
r6s0mq4c9_v3.csv,e7adad827590d8114d4d414146cb239fb7da8d2c6d31b1668a597b3316b64be9,29307
r6s0mq884_v3.csv,5d87093955da0b795a19f6f267c8545f41a725529ffededf2128ba6b892c3544,27619
r6s0msu2n_v3.csv,d646411850cbb65157233d08ce77f1790f2510c074c6101e440ba51425028a53,25825
r6s0mvee1_v3.csv,36b37b60f2c9c742ac084d59466cdce99f017aff3e4e497b9f1f35ad2714a760,25802
r6s0mwr2s_v3.csv,b27f641315b286229591e1a0eade9ad384a533b7f800ffee81caafdab9eb9df2,28575
r6s0q5gr0_v3.csv,1eff07eb3b4fa985e1bf54e2886158432c8fc1d2aaf4d4a3024984b8c667ea67,29952
r6s0qk85f_v3.csv,6989bbc59498af5235f127e71a2cd47beeaa606529eb49f76dde75829dd00401,29919
r6s0qnxvq_v3.csv,d785c9e7156cc69d3a399f5537a6c49446f28e0b4fb80a74fb6c3faa6d59ad07,30446
r6s0qrfqg_v3.csv,c28236ea0c331a073ac0f245dfd7e70c0136bb0bd75fc9f0c1980638bc5106f5,29256
r6s0s0rbk_v3.csv,e15a8fecddbfcada24a7f410996ee6061ecda7f25d017e506845bb26a168383f,28639
r6s0s2qt7_v3.csv,650115a4399c8921852871df6405f2799fd534e37e4d5ca2ec627d4c8fe16e7d,31059
r6s0s8vvy_v3.csv,c9f5c40b68a555f4cb72306d7fe73fd181698af28bdfb8c73d916bb8273c2938,30254
r6s0s9ppt_v3.csv,f12f67d1fbb111956abfeacb9a423bda471f2ceb18a3bf4982facb4b48f67923,30184
r6s0sb9q5_v3.csv,9393152000c04885a886a066a10edb07860198464a4ee69a94fa4ff9da2f2329,30199
r6s0sbcpz_v3.csv,c8754af6116f3c9107617ba94f3abfe11ca6fbc5a388ee9350cf86a4b1bd94d7,29251
r6s0w1f3u_v3.csv,1cc60259140443ea7aeb320c0f45ed06ae99decd314e4321aa42e66c0ce8be53,30129
r6s0w39wq_v3.csv,b6f49076a7ed81b3d0b26586e0cf78476edf9f8566127d5b4a130cc4f2815eed,28375
r6s0w42nm_v3.csv,2e7c2f9793ac19af5860cc1ae44266f45f7bb3a0955ed6d6922818f46b2a8838,30345
r6s0whtx6_v3.csv,2169428510982d5e3c7869d1bba2f2b30a587c3a5d59fdecc8b98293d223ef91,29403
r6s0wjnrg_v3.csv,d6fa71c32c79ab8a25822cc578c67780afedd2e246f874a64a918cf6639cc917,30153
r6s0wnges_v3.csv,d858a03e0564d2f8a6e9392e47f078f52f81fc79569819fe2b8bda6bf239a6f8,30371
r6s0wnngu_v3.csv,ccbf5aae91bf452683d9f3eecb38e3fb92191133c0713bf792996f9a422e0199,30088
r6s0wpz0r_v3.csv,a2e12f38981c1e3f59794f37a9b2447b5991551745d27a571ad620ca9fb690a9,30162
r6s0y216n_v3.csv,132daed2bc535d4546193c78e66db3c930f97951ef431e5794f5baac7d7b135c,29628
r6s0y2fwm_v3.csv,c7a72d06f2de1bb599a41f118e0aaf29dcfef49d1ad69a0b117080379a483ce3,29640
r6s0y3d8g_v3.csv,c42a62fcf35c5cfe1ab8cae8a637eb97ceef8a806d4e7e4ba5ade1f772f2776b,29326
r6s0y6t9t_v3.csv,1fac1afbd71bc9d47b9fb0a07debfb34871188c0cb67ef2278e1bbafc4772cc5,29899
r6s0ye1z3_v3.csv,cc77f39f7c67727e4a6c51362e452efb7bbc6990a849f354f48b863e589475aa,30385
r6s0ysjd4_v3.csv,721c028f59e44a1c81ba843cd2c023ee8a79315a300b3fc0095db8f7d071a1a6,29956
r6s0yu9k2_v3.csv,74d2831b9afbd97ee0f84017b8102826c58be1c5e427d64aaf5b5ec650020867,29712
r6s0yvwut_v3.csv,df11442ccd72064c677dc20e184e3c62ab8eb478101110a21a93289b880f704d,29496
r6s0zngnd_v3.csv,cd3b822f64ac492b23bf06f365ac9c073a8270192fd9a6f74b476b47621aa6c2,29869
r6s131hh5_v3.csv,fc32ad33181a307054513ef6ba3d19ca4fcd1736bd25af482faf6fc52a16cf7d,44390
r6s140dmt_v3.csv,9a2f70c82f9d17e90ab0e5bf410ac237e97f254bd7c6cd2293eade2963bae31a,31460
r6s19rmkm_v3.csv,10b89d482ea439749a050cf6b4a510a2c87d601333e01224290a8bf7b8b6fed5,50889
r6s1p0vt5_v3.csv,c5586c8b322609c5d11066706948e0c90ffc1fd553f32aaaf15a05c8aa5c2518,30283
r6s1p3fpm_v3.csv,66bff14a3b24b38075684eb3dbf04bd50d2a2f5a2e5b5388e4cb1d76a716070b,28495
r6s1p3z1k_v3.csv,3641dfc83684f6f5d263edd5e893c94f68417de4f486109155d14ff0e8e3080b,25942
r6s1p9kn0_v3.csv,90e866f5d34c7179820ff48551ca33740b64e698e4d45e63ed143f5739fd150a,30666
r6s1pc4yh_v3.csv,be9356034086aebb3a29db1235c03e74767ea697a82cd77cfb659be23a7ea3a8,30279
r6s2cwz8c_v3.csv,e3fda1375b9de607e8ca6ca5cc28f409b17bfaf75e874e05134042cf5069f93b,30616
r6s2cx5uh_v3.csv,006cba1bc6dea5d2995f2ac8b0eec60d50148731a5c77b85688f94cd40b1580a,30873
r6s2cyh8y_v3.csv,42c5559a02f76cebe808152349092cc45f039578426283e05770749033cd629a,30908
r6s2ekf73_v3.csv,da7c398bdf8ac5340bac844be24fe0278666a8b8d5f903a5bb7ae5d9ad46a24d,30805
r6s2es1ed_v3.csv,85848195f119fae0b90c3be710b0b3906fdc25e901ea87d6a087928ae30bab08,29928
r6s2ev0ks_v3.csv,7e9218345d80c1c0fac0ada86f71d11eb4c8f83fe60960a8746eb94bd37f3b22,31529
r6s2exbbb_v3.csv,21d4e08b5eec34ef5b806a79e76e872aadb9b901e5d6055da37a634922854b65,30558
r6s2ezp6c_v3.csv,5cf32b8f89eb22d78bee510c8137ee89634b02e6e5f3211cb6312b236fff4923,31020
r6s2fj3d4_v3.csv,1c38eb8eaa56346479308f2309b691599c0136b651a4500b264f1c14913161fb,31056
r6s2fjseg_v3.csv,a48672b4988608f2e6b43df7c17879db5184ed2cdbdd71e3567664ebc75d5047,30568
r6s2fm7t9_v3.csv,471af4e75760435387090b6c48941371606437a899589a3d03f3d0beb7223fa0,30565
r6s2fnp5e_v3.csv,79b72d0f71d49ac4fc76e863b33673c2309212c682cea8e01849a64777edf83d,29454
r6s2fzv0j_v3.csv,a808c1fc934c00008556d60207203b5bf15358334c31ed405553f48494467fe1,30863
r6s2g1zpu_v3.csv,974098b2c695fd3c0ab6dd60a9aa68357151770f7f6d6fdde3707a433a4612e4,31019
r6s2g7cn0_v3.csv,aa13ea5413747cf31716072cb2da13006d0e73ef509a9066daec2b3635544d30,31189
r6s2g7jqw_v3.csv,23fd1bbfb2884fc2e946e2b10c58c8399a6f6ef474debfd8c53fc7c65c629dd8,30652
r6s2g82zn_v3.csv,946c6cddc4c1090ec98ed3c783975615a95158bb22b2329e94f5b0d9fc54e7d8,31419
r6s2gjxr6_v3.csv,cfa572b4f6e46dd14e89fdd1dfd947c77f76f921cafb873daf8dfee49bd01d89,30642
r6s2gp8f4_v3.csv,ad377c09036be689e2fc63f68d25ff89eb0742a28827b820f472f54714373316,30972
r6s2gpknu_v3.csv,2f3a640b9fc7b634710e6579070d2c62dd079c394aab822c4026506d9d8a31da,30759
r6s2h8ucm_v3.csv,27ec6aabf478c32ac6878159ec0131134bac8fbd2673f7cdd6d5eb50baad8ad8,31115
r6s2rrsut_v3.csv,beb208df6b014bb49b65706d8963fb0eaaa85f7774f4620358623fc32a1eabe5,30555
r6s2ru6zc_v3.csv,12a23918c061bf5844346bde410cfcbf946a99c8bebe70c4835466e7e7cd49ff,30340
r6s2sp3w4_v3.csv,db8b52758e6718a25dc5dd08cdebad235a9e6340923326798af0c17522347ce3,30085
r6s2stb3d_v3.csv,825662f53e3045074434dc3ff37a3c6d9505a86bb233475b45983568e37f7b8d,30644
r6s2svcx3_v3.csv,d238b95e2687164b2beefb356bcf68f757ebbfc489e66034ca6f06cd9ee10d12,31425
r6s2sw5v2_v3.csv,e50ceca5c92b29e815baa5211d24cdca5feb7debf3527c024414cd6d382b4ebb,30516
r6s2swjhk_v3.csv,7279d8669252c1da1c841102b2a9ed9e7367043e62895ac41b2bb00370f2f34c,30593
r6s2thkph_v3.csv,488744daee19cc7449f95f9c08e5e0e77a3404f578c7a03ccd86d16195b81834,30182
r6s2tjw6n_v3.csv,41e85bc2d91e59fde09008977a2af810a4198f7245cd54324fe88a9d38eee2da,31521
r6s2tk3xz_v3.csv,7786df3bf48d0e2a011d0b6c0672ec1d23fd67f3a6073f5357de900ef0c04ff8,30213
r6s2tm7mk_v3.csv,51fd7e748322bbdfce7146c41b18777e3a40914483155b12db6fa82d3bd263d7,31195
r6s2tnf6u_v3.csv,d0d7c478be58cc97cbb3f7df0f1dd727fd4d68388c97c24af50bd6c858806205,30554
r6s2tq8wt_v3.csv,e5a4a5f170116144703703e25277395b53045fcb636f66e69cdffa97bb01bd35,30918
r6s2v1e88_v3.csv,57cca28062ddd000588ffa578a6b05069c5b0c9814be92f3cdc31ff357bbd2ff,31471
r6s2v224e_v3.csv,112c746232ab31060539eb58c980e25cd99ca5b6f716be98162e09e45e64fb9f,31191
r6s2v4fyn_v3.csv,a6b7bc917eddb57e65f0b0d0a23a657733c64ee58d7a249cceae176e811922ef,30679
r6s2v4ry5_v3.csv,94d2067bc271fd38c9836b1db710ff33f41cb6306f92cfc1ea579295c1f85a42,31388
r6s2v5h7e_v3.csv,fae8ff6cb09ee883d3efbfba3b94f5e78fe0e641522d9c4d7eae857ef2a52e20,30819
r6s2wctp6_v3.csv,a83a3a2746d2bfe0f32d655bae50fcc700307a9a417c9428483066a9d8419081,30699
r6s2wczpp_v3.csv,6a1dc057e91cf7735c29831ac25c077c1468aeec84a08a71db0df56f1b8f88a2,25801
r6s2wfc1g_v3.csv,0cbfb3676ae072a26e12ea5c6b88fd872edfee37caa4302bc5a22993f0cccdef,30911
r6s2wgf6z_v3.csv,0a8f98651e5950312a8217e8a884e8c375d04fa0d2426bf0bbca373e83ae0e5f,29435
r6s2wv0ws_v3.csv,93942eda7f442f7db98452d4ad90110b2a6227f6c92097afcaa3557cbc18e6dc,30818
r6s300epp_v3.csv,22cd8af8d5c8f2c986d8367c5cb5b3cd3a80d0db7e5c9e4a0036e1416f627562,31069
r6s301r96_v3.csv,21497d1acc8ab7ff21f477e6e8381f1b43aeb127b642ee659a9d8145f594de71,30206
r6s306yn8_v3.csv,b598015ed3bb941fe80a6220564721accbc0c09f704f4fc049dcfcd681dde888,30199
r6s30ekr0_v3.csv,33fba901a7043537d1201cdea89021bfd5ed36b2e62838f026f801361b99839b,30519
r6s30u8p0_v3.csv,803ff041e4ff9ab4e45934f0cee15f2462819a84fff29c45531fdcb70bfc0f0d,30080
r6s30ut9w_v3.csv,e923e289037fb34c8412c6e9ec272b0a1e636c40b4718e3f029bcd9837987732,29714
r6s30y4pj_v3.csv,31f737d8c692c61ba3190b018d66c1771108e7ac1d99d218ad1b9b78876d5218,30148
r6s30ymuf_v3.csv,2e4f8e52c1c38c621999bc142cf2642c9ee1ab2813976dd54a20abf91c2c1a10,25365
r6s314djg_v3.csv,cc87ab121a29bdee5cb197e1bac81920a64c8144cc223f38ec7715deb7ef4b5b,30522
r6s314kqw_v3.csv,9ccd2f0c3d658fb2a9ae1133ac34f8a5e577dcadde8763b7df87fb412672b52d,30483
r6s314mv9_v3.csv,3bc96acccc02ce31588734e0fbec61316e39a0882bc9bae96d7c51ad09f330ca,30703
r6s31501y_v3.csv,cd865a6fcdf76a428204cf3ccf883823c124b6fe79d9e9c164192387cced0971,29987
r6s316qj6_v3.csv,4b7909e814b0a4e41d6b7aa3251cbfa7a8c4a98f529e09500741c99f285228a9,30670
r6s31803s_v3.csv,4d0881e4f644a062cf9ce9573f6304452e28ea56e4a6687c59e2c6827e1bbe29,27285
r6s318c18_v3.csv,4015af902dd6c0027a9c34c78ebbecd7841461df94b1761c2145cdd4b4164460,30728
r6s348q3z_v3.csv,90063205cb5d8065582a0e67dce7232873d4946c276366caf79af07fdb480237,31001
r6s348z42_v3.csv,1f941b463724aedd0a48164228b371bbf67a4f0346a1fa420d10f5809f055b39,30199
r6s34b9b3_v3.csv,bcb5a7648fe53ce0b37f74481a2575b16fc50801a015fddffde5af9d0892a6b3,29281
r6s409g4d_v3.csv,1020fbf04ecbe4aef755609bd12848f8155f87b989aae84dd572541bb52575f7,58645
r6s409wsp_v3.csv,621a1bde30786f5153d2ed8dc726fef808c238b53a47d799c0214508060340ca,58463
r6s40c9qu_v3.csv,f11d7b145e3dc764389939495b156fbe84e822263b3e6c87470069e74bc5214e,58067
r6s40d5ce_v3.csv,cf0f2cfa70e0e96cdbadc31d06add8f104eac42dccf71819ef76b41c2908e684,60479
r6s40gy56_v3.csv,e1be5bb87a144d056af666343b20b63c0144a65c6ea16496e13b35f396828b53,59149
r6s40kxtv_v3.csv,d449a73016c1bf34b6ae0dc71d206fd4255377c5ec6a59a830e76f7dd64b5fa1,59901
r6s44e19v_v3.csv,43156735ea8b9febf02ed4384d0c871eb4620ae662d5d3839f07f2135ae71fb5,40908
r6s465n3c_v3.csv,c08f6ab6885c6e26bb498035527398fe0667dbb312bef7605a9c7dfc56e6f5ee,49111
r6s49eq91_v3.csv,75cb492e63265933c1ecf18f456cab36f55c8e438b740b8cede18b0595dc4fad,57347
r6s49m0yp_v3.csv,40b759ccc9050205b99bd4a9112c96a7bb19dac335b52469bf49120c52bc874b,59734
r6s49sw8q_v3.csv,1e2e4e9c932c3d84175736159ef96c373e4b27916ee698b32d7153e4e1ac32cf,58500
r6s49uss2_v3.csv,cd09f15083adb08543dea7731e78b041b3becfa139b42dc4bd7ebb90d9f50daf,56464
r6s49x9vy_v3.csv,df572b83516a7d5479c28ed66b4aae2d5cd7cf3c79f965417c5037025eaca394,58919
r6s4bwy6g_v3.csv,f6898b910b52aa24cb1b32e9028902660a2b3393454ab2a10b4efb68f1992c73,61629
r6s4c4m2w_v3.csv,9475f0ea22dc2711e2decc10bba0a73e43b82793617d5a90fc53dcaf508870da,60033
r6s4cnnxf_v3.csv,3f44304f1f7dcf3464dd66d7fcd669968071cd991065f5529cc90c9909d82180,59678
r6s4cps68_v3.csv,cb1fa5ce0b36777cbea66baf4fd4a573e6002825f19790f718e8428e76ee8d27,59618
r6s4d4c2h_v3.csv,bf3a49725f73c38026635a9e48dfaa9780387a65197668019c311058d3363818,54456
r6s4d4xp9_v3.csv,c1b981a8035020a7e66ef15de3258598278eba442f47f563e5ae120864d9802e,52162
r6s4humhp_v3.csv,4c86580c864e086fc59609d096df703fd52ccd5f5beaadb16a65ef3f683692b3,30290
r6s4j3118_v3.csv,1527de9834816da8d7c000b8ede57c7a7c32064578edd95452cf80b709a58ede,31046
r6s4jt8sm_v3.csv,3362a5e66593f7712cb74c4edebb754f669d6ccaa058fd812579e75e77c3074b,30986
r6s4nq6hh_v3.csv,9016ca0f5344a79f21032f70e587c7f866b106b1579a286627c13b68c84738ca,30554
r6s4w47yq_v3.csv,2f8622d954a28df239f64e3a2edf3195c13e7679a6cfd62ed727807d02c6623a,30971
r6s4yqf1e_v3.csv,f33f4d238574887d67cc2b092e6f981d3cdb373936ab4b5861412b2cd87f658a,31048
r6s508ckr_v3.csv,c58435b2d8b1f29b442349f3619d2a949af62b15b2bfcabf707fcc407dba2cca,61480
r6s509z26_v3.csv,b88d1e8273b3575044b9cfb39d2666d11ad1eb06bec5a29e7d38097bc90eb17d,60870
r6s551xqx_v3.csv,9b80d64934987a5422927d5e5e2b8984e1f7b0351d534b3856912952aad64d3c,44094
r6s57d5u6_v3.csv,c68ab57a498a661ab80b90f1eeebc60d1c7c041401293f01e6620c7a72e783fd,42016
r6s5ef3xc_v3.csv,c3a84b7b607830680177730b519b2d148edd732ea4fe4cb037bc277dca029d1a,43607
r6s5h8xtw_v3.csv,43a072f91f41f654b9f41c320182a0e40be1dd0a4865b3ace315dc8b27938b88,32798
r6s5n9pb1_v3.csv,9437f3ba0fa31977dc091ed8cf6822bbe23a5909c22bd12b03f4257601eb6930,31004
r6s5q88td_v3.csv,1c5a96fc497af025e49ec8df0031ede0c398fffbbb92583684b16dfb68b4f277,31015
r6s5x4z43_v3.csv,0b3b6ad26d0dcc7c83f8052f6f56628380142793644b6a2d23fb271a4150fd5c,30483
r6s5z91qm_v3.csv,5d0d73ae40b99d56ecf8d6e9f642f72b6d56ecec7150ecd131ddd023f2359e3e,30928
r6s5zxh26_v3.csv,af9badaa0d18a72ebe1104a521a2751d38d3093387655c6a5a1895829b8cdc73,30421
r6s6dh7u9_v3.csv,ef127dcf365315575ae6bcbe0bbdbf5ca4c711a09f00220e7077aec847d0f96c,29976
r6s725yx0_v3.csv,d13d3b071acb01ef9da2cd757a258dc628b6f3fe6564dd0518244d6065846874,30161
r6s7605k6_v3.csv,62652a0486763efdf6875c9a2eb3824cc1dcb42e51d2347001eccf2f4c56fb1f,30328
r6s77yww6_v3.csv,2ea3158811002837308ed82e060a5fbe7699dfcff6b957633cc75dd5cc25a6df,30601
r6s7mjesr_v3.csv,6e9df80070f5d3186fa50744ce8fd17d99b3d39c15e4568db7d4e24c49fbf22f,29898
r6s7q83du_v3.csv,521784b350186186082ba38218309231ebfe5fa9555127494da89613b29cb629,29943
r6s7tmqwc_v3.csv,7ad6b398aadddf38531f80f52041108c4589597ce5cdd0a62bf7bcd43d805620,30617
r6s7tr61j_v3.csv,661efdf52063979e9b8d27c1b6089baf04fc93d750ea96647594d07bddd9c593,30443
r6s7u0xyb_v3.csv,817bec32ac9f0937aef5c98a9d865bcef350f05f0181ef8646f890fcd458eb26,30102
r6s7u5fwz_v3.csv,5fbefd3b20f5d064aa29218a33ee26fec0e6b3502dc1ca713476eb0320c3b338,29774
r6s7w3cju_v3.csv,3de1366a1d06c55d7ef78a32dc08f79a96a92443c22af65f56e82e4745b44aeb,29829
r6s7w4dr2_v3.csv,3c48333dd86ae4120762a8bbc96ac65325c29824208afea4d5723dce64263d4a,30223
r6s7ypqeh_v3.csv,6f5c51eb3d307738321a687ae0dc9075a93e8465ddac0463a2fd5ccd2ac07783,30413
r6s80h4ct_v3.csv,f5308f4e3d8c6b0fda57830f24ef02f653451de362e5ca4e0619f0a6057b83df,30784
r6s80jx2q_v3.csv,96e37455324d4b83acee71b4d768497c0f979d57b79e97298497053f2ffb1ddc,30423
r6s80qmzm_v3.csv,f692e213616ccd225160cd6ae4d9defcdb9fa557688fdd40d78b7fccc8d00375,30455
r6s822s43_v3.csv,384c2faae56803863c1b9eaedc69d102b604f670045477815bca975d3c6ebb5c,30014
r6sh3mz1x_v3.csv,3c5a2f96eb1b14954b708e928e5b781ab30726fe758b209b8394f706d3bba236,61030
r6shchmf2_v3.csv,ec7dcd8b4454b0d9a340ebfda3f391765dbee17bd79567bcb9a2d2165ecce882,60782
r6shdz0ng_v3.csv,ef2f872e1e1083bdc95bf75d27473c1292d51c18d6a203c2bf54cfe2f3953509,60102
r6sheh5mr_v3.csv,9a28f9e29b382fc521f1222ab6b190e087c89949eb41ad72cbda86a73ac394a4,59247
r6shehtts_v3.csv,c2eaf7746ff663d6af2d67d48a9a60f71eb837a768c62ec477d3dbd9fbc5344f,59164
r6sheuvf6_v3.csv,852cd004af6d1e9c894d2973d4f381dcc39d2081fc58c85f40f93bc06b49669a,55942
r6shf8tue_v3.csv,5d86b4a718b8bd1b8131cd4d8c77523541c7df300f3039285fe95b487d02ce54,59798
r6shfc6mp_v3.csv,6e2f5be5da3b21a3a46f605b87074edbbf4cf7cf6b24d5baad288b8a3a8c74bd,59992
r6shgqmm5_v3.csv,c2b2d74c6f3de74c4c00a15758ede88218c227abdc6069ae3867fcb7c137d398,60625
r6sj2tk2h_v3.csv,0567d3091851e978841d0cb60e6168810ac5893e0873ded58e89e268285e654e,59767
r6sj9msfe_v3.csv,d87d8e9dbe1c889cc293ac2df45d4203398bee42b0d1f759dc1b3a1bc69e31e2,59977
r6skcs24r_v3.csv,66b98c3f5dfcd0d8bd142da86b4d36386d0b2ea625c0a4bf52bb7121d8a0f0ba,30249
r6sm1vzz3_v3.csv,63cbe7c0e13dce7e706f34d34d457c98a49cf4b7bfe85e3940d54b46c25ebd5b,30455
r6sm3qzmd_v3.csv,a96b2f808efed7f3886fe861072976b6ddc8df71e87af034e2bf6628497e8522,30460
r6sm4n2n3_v3.csv,6c3ee9aa7bad9f53732dfac73b42a27a618f0a182d4eb272d92395fcaa769e61,30117
r6sm4nb7v_v3.csv,3e77591a11620673314e3c95a19b572a603c8218194f0d9c71095257963e85e3,29758
r6sm619g5_v3.csv,07ef6d8b88eefe1100409d3143ae7dee8eafce7c4f6dfe7120f9f9bf47838324,29868
r6sm61cue_v3.csv,061c5725e66681d1c4d3df3876e75a9f5fbaa830b37c506f8d4c4a149b260929,29967
r6sm64bb8_v3.csv,36f408747360ef3883ad1e0504d471d35dfc8a42358d67fbc9c5bc01db698adb,30213
r6sm8yr79_v3.csv,d6902f170c9c7ca2f4bea114c2a9d77ecd6d7778bbf9a52711cd5b9e3028df7a,26331
r6sm91phy_v3.csv,cf6a5f67fe7fc14a678cf4abef42cefbb273849dcfb24efabb50d66ccd71dda2,30047
r6sm946k3_v3.csv,fbd1eba95a9f16e747fa7b7545d61e90539cb3ca1c3f3895b8f5fcc6b8725055,26101
r6sm9p1n7_v3.csv,42a418ae5d37087568663be44b1aaf4a19b7c50ca8c2f5e1aca4647e1748afec,30858
r6sm9p4yf_v3.csv,d21a4cc9bc8202edc32c87191b9b8ec01677e10d1e55d466136bf6e249a648a6,30889
r6smbczwx_v3.csv,525b76f86d42efe268178c6847467c976fb2063d12ab332ea78b882fc80d2500,31127
r6smc042b_v3.csv,cd7b5d2505c65d7c1647e53a1670c3cb2c2604cb0712deb6e2a59f15bb0ce0d5,29739
r6smc118s_v3.csv,35200582a173e05bdcf7934da661ef77b7c50edab5958c70d678eae661f80af6,31532
r6smc21hx_v3.csv,c2db3a82ebfc34d8db106e76baebd3e98a57512290b22fd93773e5c6761a745b,30562
r6smc28uq_v3.csv,760b251af28d2236e828874ed007e85398ac3b200a57e5c5b671be598cd7d6c6,31294
r6smc4u59_v3.csv,57fd69095f39be04ecd886bc97b7f531921ac25ed0283e7265123804a0e6e11b,26677
r6smc715t_v3.csv,c4b2f00f49e038a4a89a9134bcdebb3499e52eb3685ba3bef4afba6f4657b666,31038
r6smc7fdp_v3.csv,73474d4027b9df675212e40938459ebf33f5c6e46d1b5c35cf40b3836d77a065,27995
r6smcjzvf_v3.csv,41235b4b455a45e34c0e49442a4418624aca43851dfcd034bd95323e21af31f9,31261
r6smck8e6_v3.csv,2aceb240feda67a37264887c59c16a64aa5fd776dd31eada003cf9248c8b39db,30602
r6sn2wn4z_v3.csv,4bb13b5f139e9334663a8ae78d30e52bbf65b7e67a434b68db534b3d38c7bde9,62503
r6snz3fwd_v3.csv,43ab974bc889184bb6a94ef4127964dfbd27927d522defe82839eb8c1daf0000,40507
r6sp15gnf_v3.csv,fc8a7de38adad9bd462e725ecead968d32eeaf01080eb9b5b2a7beed6b638604,61925
r6sp2fenk_v3.csv,4d6421749b2e88b5bd528188f71d6c0b6ad036bbe5dfcd8a11f8b13d6c5de723,62294
r6sp2uub9_v3.csv,6bd8516d726ace09eeb1b6fc3b1fa6fc367ab5dcc87141acff51040590fbaa48,63369
r6sp2uyf8_v3.csv,dd515578ca7cd27097c6ac08656a288b4c684d71b606f95664087eba748447e2,62850
r6sp3j5jc_v3.csv,2271c292b80a9f93f67ed342f28defff037c61e708398fb4c9ccf621e525a039,62903
r6sp3jhsf_v3.csv,1c510a58b826738b01966f0691cbed84ee02084a41710de3ffc958ff0cc1ede7,61449
r6sq1311b_v3.csv,a64319a21cc01da8598bf88d5b80a2f089b870cb479a4fa6a0e5e99eaa651133,31838
r6sq14ry8_v3.csv,ca7d1fc5bb9476abea299f4daa7f7c5bbcf9e2c0f05c899b052e924f765a42a5,31803
r6sq15k7s_v3.csv,27e0653501e66a24198902c34c2ed5732665cc1067391df65e524a1acd044b34,31237
r6sq1636b_v3.csv,84360277ed2f2ba2682099f387f95fac3abedab07dd8808eda87176b43ace269,31455
r6sq17qv3_v3.csv,edff85c4858301a1bd9c4acb6e21a4732a0b792f37874f6c4fcd72f3e577b16f,30963
r6sq1dcuf_v3.csv,fa1826a6c67d7ee56b492dccbd6f93d52269724bd8c7139fbe73d2f964b46006,30793
r6sq1esbf_v3.csv,429715ed8e25023e3f8413290973e8cb426678016ca4e3c5063a6cf75283467e,30443
r6sq1k2eh_v3.csv,80d25f537ededa2d6e7d6c4b4a10113e4a9e7e8598b6df48d64f4cb1a39fc311,31346
r6sq1qszd_v3.csv,3c07b373bbcbbc473b13393d140316f13f6c1939000eadd9c379a9a1ae785984,30392
r6sq1rkz5_v3.csv,debaacb10cdb3562f49aafd3bd6172aaddd4b8e3ffdac6f8c5d5bf3a897283f7,30990
r6sq1t2cm_v3.csv,9c32dcde75d1282f880b01f28d97c7849057135f8801365ad7298e3b6e36fd71,31449
r6sq1zfeu_v3.csv,b88f32a49ac27b7773fec897a1a083bbc53461202af2c7141daff16084abeedf,30865
r6sq32jyj_v3.csv,8268a9aa4ac95668bc6ee63b6b0cf778b2905d14c8b1bcb44b164f82c69788c9,31142
r6sq32rur_v3.csv,9ed9c0e8f94788d48f960de7b88fb4c65263b01c26a5ddca89434faf29394cae,30981
r6sq38mry_v3.csv,ce73dfb82da523a138d4fab5aff183a91d4376d3816561557476cefcdba40ef6,31021
r6sq4pdj5_v3.csv,7b88299612237f5255e9ae8d6e933b6504e549e481a15e4f68772bdcfee760f2,28567
r6sq4ruvk_v3.csv,9cc66af61cd08ba14f637cf8cbc5b4b68b787767058d23fa7baad13696c1ef5a,26352
r6sq4zw2b_v3.csv,b3554a2b25b290408e31e027aa607739676d31cdd06834c6d50267a69ddded01,30432
r6sq5nt3g_v3.csv,c006840825db10409f7126a079cbfbeb32e8ff8e7a7eb702a2efea05ceefea9d,30189
r6sq5nwc0_v3.csv,9caccb207a048663c5b2e29e6fdce8c9d03add85e6eb9d0a846475e070ab74ef,29780
r6sq5p0k0_v3.csv,305159b84e512a00ee465428ac2690d054a597fe9b12829ee2e80f65dff0bcb0,30179
r6sq5q5s8_v3.csv,0eb91e3a0e88861cfc2da9b53eb9acac43047db00c7fcd671c67d8a5e2ea8937,30120
r6sq5qz4b_v3.csv,e7c4c1c9f5023b6036a4ce87b63aced68d68ffac6516a5a11f3cd5fccd38233e,30199
r6sq5x2xy_v3.csv,15acddf289cd3945cd433d7d45abad415f51e8be92bba18115e0ee0ac08999fe,30080
r6sq5zbn4_v3.csv,a57d447ad0c70ce19cad044234141617b76839a4bece0c037a18470c6780fe9b,30501
r6sq62tbf_v3.csv,9516414904ac4692a0f3657f1d3c6a6aa352669331b5ffb51c63373aef78d3a6,30547
r6sq69yw8_v3.csv,f52f0469c6b4510cb03d16215aab093766476f8583db2231ec5d93f235b6cc9f,30201
r6sq7bkez_v3.csv,2b6991ef004e62ff2eb0c8df83f318b648dbd5d0067e887219836f0bf278dbbd,30276
r6sqbuuhp_v3.csv,9dd397d68612d82ea8e7af1d3d814d3cd8da99d2c9e7d8ca08bed0e4c5ef1629,32087
r6sqhgbph_v3.csv,da4ee86797e1713c2e6e21c77784c355eaa06c3fd7a0ef670e4a57d3e68835b0,30699
r6sqhgmxs_v3.csv,4d12f3d86b622e35cfd3fb3f5f5eb25fcbdfc592d71d8d8279720fc615842598,30646
r6sqhq9wk_v3.csv,d3261331f3e825df860eae97f34587debaa55dbc7129a7e7eda908df6ab6c2e0,30103
r6sqhqh9u_v3.csv,3aa35aa65c7125cc71a8b94fbd570f0fb070f207b319cec1057aec08a5a609cc,29770
r6sqhsvu0_v3.csv,4c0b5d3f9b6f581e4733ea520121a3f6d23d36c599676397d23d5f04600e3b8b,28326
r6sqj5hze_v3.csv,51ddbb6cadc4ab53f344b9cd0f8cf93a1439634d1302a106c7e98b91d3dfb4ba,30738
r6sqj7xp8_v3.csv,b578ca4e04ca22dbce09dc006eccdc7102613163d85df91cc1ed317011a5e7c2,29727
r6sqjfjy2_v3.csv,4a7c362c7fb06d7aa77da4a7c510a8f0244bd1ceb9724885641151d4c042acac,29699
r6sqjtn1w_v3.csv,02050fb6ebe09bb779a3a78dd376c3d5263e9f37bf8f04b0ec5f6b19c22de95b,25516
r6sqk1nf7_v3.csv,78979679f44e218ab22ec2f1e4bbf7f9d55fc23b51a72e02b602ecfa9e5e7e93,30103
r6sqn4t90_v3.csv,b27048f2eb8616f77ecbbb737309076115c7db206961c5ca05a7d93b22348016,28824
r6sqn60cu_v3.csv,d6a3d64dcbe05a943b30d83638b01f9ed05447073829a6582d7b6d24214cd066,29395
r6sqn93ke_v3.csv,cba4078f56cd3eecceaacfd928f8ae0d84769313e357b477d4e749a650710e40,30297
r6sqnumcs_v3.csv,aa581a58c6635b8d4cec5377f9ac56434ab83fab1bedee62fc113216eceabf45,29873
r6sqphsxg_v3.csv,3d42d677c509c32d1c58cc51671b24a3955bcaf6a9cd29047a0524157b7553a8,30172
r6sqpj19r_v3.csv,85ac565db8900c1cd33d69cc0ce299478843f2af02a96db6d30ab0f56bab99d7,29941
r6sqpmn2r_v3.csv,2fc7acea623f0b11306e3edb47f0436a5de741bb2e556d79a05f495647584b6a,29380
r6sqpw156_v3.csv,5b382dc513cbdb5bfda0d7f586c6c1ada998c8af019e7ac7c289338c31d5680f,30301
r6sqpxpqr_v3.csv,ddcf8cadd36bbe19e9d16ad60ce9f221167d504c88e32efc6bdfa748665086f4,30164
r6sqrxwzu_v3.csv,9cce8606de1a9a40811561515fd7e7591c75ce69a0aa171dd1c5a1caca907ed9,30219
r6sr0bwdj_v3.csv,d55546778549b5430f9aff47522d3b001749bb20d0aac42f5be3d59ae7ec650a,32519
r6sr1nhd4_v3.csv,2e46b75032ae55aa1987d9d797477e31d8cf07c0237aad58cd9e8229df302c6b,32220
r6sr1pn97_v3.csv,8bb9b07e80212869be2af2563780104ba9b4a75bde7122b5d783716c73308e28,32364
r6sr1pr5q_v3.csv,56af2d9b55cf83b6b9ef9b82eaad79a4f1911582970cbb502d2bb4efefb27db0,32077
r6sr1xn6g_v3.csv,19116faeea9329406e511a024c05ded756fdf368d3557b3895bf7ac74cce3cf1,31485
r6sr1zsm3_v3.csv,8c4e3794aadadd93c2c9d1398c55e4259deb18adcc211c0d91f9ae973b77e340,31095
r6sr3b48d_v3.csv,4aa8d1a9df3597d3cce5e9203681bda05e0d2895b10240c0158c5680d04ef8ab,31355
r6sr3bw48_v3.csv,d85d38574db6a71296228e4c5b05f612869d8acc4fe5df05ce9e5acb7a4ffd27,31143
r6sr3cv6r_v3.csv,1987bb6d22b224943ce38cbeeff2fcaf00c81817bafbf0965a0a97a77608b6ca,31580
r6sr61qsb_v3.csv,1472b4d4899b70c8e710749d5f46dfbb22b40b080e49b1509ce21eb1d96d522b,31568
r6sr641bm_v3.csv,9d5091c8dc87a4c6aef2d1ac8afdd526c977865d1bf37b9ce4369b19adc16a4b,31370
r6sr66zzm_v3.csv,44075aa3fd61322657d7ccd4777c573fdd69cb3479af5fb882db6842cdf53b41,31502
r6sr6d768_v3.csv,9292f07ebed77a27e6086cb75b6e225cd3aa57e06d2b6660836c028ba0420d58,31602
r6sr6s5ys_v3.csv,6376541abc22388582ec09d07ef5877314b9752e1dffbabc2d5f5a8b051f764d,31277
r6sr6vv7y_v3.csv,0c3bb9ee5c803ed4fe7b5d9e778e68875137428b5d76708466e6a63cc7f7f739,31342
r6sr7nttr_v3.csv,a0b5dd4b19511d7530081dd0fbb800196282d74e3936e7dc8ede7f09984d5c18,31000
r6sr7nxj9_v3.csv,eba72f4dee9ee2667c0b7fa9743dbec5c903b1b5218d1b04c8c43b8c3459653c,30871
r6sr7q8k6_v3.csv,8f330ae104276d322b381f793ffe48c7a6c5e64abc45b468442e0c262fe33aee,30547
r6sr7q9g5_v3.csv,907b63765ad0f270f7534c1f7674a1cd47b1ac2cb2361014958fcaba198661c7,28932
r6sr7qe62_v3.csv,90d5070e187579e737b9e2c9f1928901e264e9932566e96d7806f693534e8f51,29051
r6sr7qs9t_v3.csv,590abe5465b4647f9b51b3b7c15568f9e5837aed01c1e97279f06bd5cd867c45,29938
r6sr7qw0f_v3.csv,738e098b6fe77696bceb2fadb58187a88a1e64677ab96911c059974227d6ae18,27726
r6sr7w4y8_v3.csv,f8d490d7a4e2b21d2ba227bfbb07c0fa0715636136cdd736f8f80b6641e37cb1,31233
r6sr7xv81_v3.csv,3b3d32b9e8cd30f520863b1d904679a8647ce4d0dc312c7ab55c34d2a62cba15,32158
r6srkmbx9_v3.csv,4741dd7cac72134ec3c015aff5da25d5f0da0f17e743f021a5a7d4bc8a480b7e,30679
r6srkn2dg_v3.csv,3b383cbcb7bbe34dd3d66fcc76f68a61b6698ff2d9a92b278130496901662f84,30935
r6srknns8_v3.csv,2df1ef3a51904a1051e0479a207d27d02045d218d782bcef9315423e2a3e824e,30654
r6srkp4qb_v3.csv,5f8f90b3e3c5d57502b88712d4970484f45c06e24db4328304c507aad3e73af4,31235
r6srkrp5d_v3.csv,b3c021ec117d380320a03db0761550097129bd3d597a248596ba1330b17dc07a,30117
r6srkv956_v3.csv,e974e0a3d205596e8addca485dc0bad73650da4036f57ddf7e82f7852126da7e,31166
r6srkvdkt_v3.csv,41692f0326ed0b1c70241599f47c14737069a60759844d159871488543f57f24,30916
r6srkvkps_v3.csv,989f90159eaab3e2899333541e7ff94827da74350a0fe2358eb2b2e22078419c,31078
r6srkwfdp_v3.csv,f779086ba3be905cdcac424ebbd43134ba19093c025e84f11272b940cb82f0f8,30128
r6srm57uq_v3.csv,f6ea905ee61f0637a834d5fa359088af4b7d929ed5128a8316efeed007e3320f,30651
r6srm5d5b_v3.csv,80f6609a7f5baa120265f920fa5a2806198c1e2a5fdf066bce08c7f94f4f6b9c,30388
r6srm6zs1_v3.csv,1d4c832dda5eaf0a43384062f65767dcf2f542d4b7d523c1af1dc5275b14f05b,30765
r6srmdsuv_v3.csv,215986e25819c8f7c7f13ca6bb5eeb5ea7cfcee1acad53c5c41776c4999ea072,29755
r6srncn6y_v3.csv,e87141d0dc738f2ba9bd6aabc256341a5f417a3ba57a04acfbe30f25b05d93eb,31048
r6srnf7qf_v3.csv,a5b28402619a2017179058e64cef9c7d748b8371a152d4e4c967955b40d37e1b,29775
r6srng92s_v3.csv,352de60dcf37b2e8fb2e2e4528d4f54daf72e81bbf870d10a2d3cf49ff3ed69a,31033
r6srnrwhy_v3.csv,6b68395f7b20e457b0b7fd99787cd36cacdcac3e0fc2eae7360cbe2e36583019,30994
r6srnv406_v3.csv,5c5021a8a1bf0d16be4d2b5ad26f2660b62e500138b222ff9159a37725067968,28807
r6srnwbhr_v3.csv,e5ff15158bd9364d31ab234426abb012813b97fe7a659eac3ad075d1a1b391f7,30244
r6srnwhgv_v3.csv,ccbbf4e05ea1218a8115134132e13e59bddf071918a5d91bb1d022b41e020289,29759
r6srq3ge1_v3.csv,4d1b9a9c897d96962966428454a19cde184acbbecbb6ad0ac317d98373633dbf,31089
r6srq4rnr_v3.csv,1d962bc06743bba957298572b574a824a2eaf13c00075fa392f194945277eff4,30285
r6srq52dr_v3.csv,d7c22bd4be17c5a9cd89fb7d4c509e86b6fdd3aa9edaaaeb418ebe11fad7e473,26252
r6srxs98p_v3.csv,4498c0deaab384a24c633bbd4ebea07ffd9ed11765ce02c4ef606fb5b08a2b5e,32460
r6srxt8mf_v3.csv,dbf341b503ac915e169a410348e33fbf47a1c03c7a5d238841f87a1d56dd63bd,31980
r6sw0nmxp_v3.csv,16c084cd96ff6963575c8e2ad9b9afc129b803b55ac82d8266ab3bf3c5be021a,30061
r6sw0ntzr_v3.csv,69d565bbfc813315757cb9662b31e4e95d03b14f23c3aa69e09833cb1532c774,30290
r6sw0pz7p_v3.csv,dac7af34aee77b26a5c962213311dd114f65fc3773c6043639243c9899368986,30208
r6sw271j6_v3.csv,848cc43350bd5e2f17f6e55f83e9ca48e83b6c4bd795d9b04cbacea37eab5dbc,26595
r6sw27hq2_v3.csv,5671864932751f2bfdcf14c71eac48099797a87e3040f1a65b3dc473d0329647,30112
r6sw2mnyc_v3.csv,ca08219ab8e1c85df002fa3a2c4f046518b95a969da936b1ea92e7b4d39f2818,30206
r6swb446h_v3.csv,960b8cb5f20cc7affe5bd8491127f50ba9a01cf1879d1989f78204c237a49e65,30266
r6u00bbw8_v3.csv,791b4e97a923a267da6f1d38c3ab8e60bf87713890ea4d7a9b1db6d8570e27b3,62310
r6u0chth6_v3.csv,d62b3d1f60d9f6506f85a082b0576364124cc7d71193212789c0273c19f7e685,62687
r6u0ezwxn_v3.csv,aad88844e0fe98358436ce5a233e423a21e1f11231760b600d43c186fa42d8fa,61817
r6u0u19ms_v3.csv,04150fcecaf15b271e91bd0edcddb088b019b5c7f5745937fb76fb47a3974b5a,55000
r6u2qnssm_v3.csv,08dde14662f28d7948943a212c2b4cd4483e41068b874213362e1ff081b924ee,31279
r6u2qnvw2_v3.csv,ea7f5d832b47724cb36db22eace1266b5e64d21dca0664fd6920a461c49f8394,30955
r6u2tymgk_v3.csv,aa234bcd88392e13697b77f30835891ec955b38d1772b67b37845bf315f6b740,30934
r6u2vbr6v_v3.csv,6ed82c5d291bd6201b407347c134112d0829293ab069314ba3aed985fbdfe941,30403
r6u2vctfs_v3.csv,20163442bfdcec5a05aafefffb4e6d9937faaa2819983628d959d702de64151a,30653
r6u2yd301_v3.csv,11f0137883cc07b17b0bd59d714c7c70e7ae91bbd73a82a0395f85efefc06675,30258
r6u2zmjvh_v3.csv,d2381569adb2545d9fdaf3a59b82ff57572ff88124ae2cf9800f7a858cc61a1c,30541
r6u2zs180_v3.csv,7884208a5359d71de535cf61b3035e9d5f0617887a0aaa157f1643d340277093,31108
r6u3cdy6e_v3.csv,950fefb9ece2a4ad2f3d6db0a9c43992ff8dc7ceae4d2b1d5c8d632e9bdf90d2,50263
r6u3ces5d_v3.csv,b84ed199a9dbb0e3f081ffe80f80807f58e439f232671cd768416e7d8e0949fc,50583
r6u3cfbw3_v3.csv,4f18ce9761a84d3ed3ba184fcc141570a55739db98e4115ded748aa70a0a0477,48746
r6u3fjhz7_v3.csv,9b5f7b8fe896f6efb63a1268ba509a56db64962c50523b9eb197888524a5e04d,44159
r6u3fjptk_v3.csv,4b7fb6c8b5878eb53e5207d0447d66e8e24f068533a070e94567772b960c9297,42851
r6u3fqg3z_v3.csv,0fef240ed548b83ec35128d58c3ac832e79992db177839b2a8a78b18086c1dfb,41458
r6u3ncsv0_v3.csv,f264917af4c3bfdb578735c246e5695fe4d42c9ffd0d7e4ccb0db28f9c7afb87,30525
r6u3nzhuy_v3.csv,d87e12a07fcb15353aaa4f3bc40e3876328697aaffd00579e40877aa65c4dd5e,30445
r6u3qbps0_v3.csv,0e60c0018c8b688f87df1dae14de4ab8a8a16c5dfecf7618d7b3f34044feb9ee,30603
r6u3qum9y_v3.csv,2d188b8a0d48ed2621f5661ec7880d8d8e022db1c6d9879c15a53ff9483d1f71,30496
r6u3quub2_v3.csv,f2864c46354ebe047d20ecaf172d8ecf303484b73a58e991d177609c5704f224,30171
r6u3qvgk3_v3.csv,431f5b8818afd5520611406c9c8945926d4019c15b335bfe6aa87faf5cc156f9,30797
r6u3qyfsu_v3.csv,591e33b2bec648f7af6a52557a50414f937443c45a83e699ba5d29fc816a3a8e,30337
r6u3w8pw3_v3.csv,d716cf5d43f40381761e2caac40c0a16384c9730626d876286660485afc054a0,30084
r6u3wb4sz_v3.csv,13b25eaabd05718ecb1c1e98c78c380921033c8d4128562c44950ccb9c848d19,29265
r6u3wbcrr_v3.csv,162b4fe80cb1b59487ecf225747a4030c422f694c95ecdf5a5582234454cd5ec,30324
r6u3wc5vp_v3.csv,56aa840fcae3d65e83d36123aa7ac16c67f90300dc868e4343c68d23975543e9,30686
r6u3wfk4h_v3.csv,c8053b9bccadb4b9b6d1b5f43e14cfee5aa84853a9243605078f1ffa563e56b3,30016
r6u3wfuq9_v3.csv,3738fd86f9f4c666c8c34c00c5f368e880f261081ca6ca6435e2550c5237ba4e,30292
r6u3wgtyq_v3.csv,fe520c06d2a5e919e917d188568018e5c11de82e292db5a89b3481a4f83b59f5,30232
r6u3xnzd2_v3.csv,9c6fd84608dda25a67827edbf6ec8002a0f808c49db994dfe456ca71733eaaff,29966
r6u3xr168_v3.csv,27cf92b640d9833f07e237d35da491372f46e02f1bb92315ed9655f1e27f7f1f,30276
r6u3z941p_v3.csv,65834d5ef621dd542cffd12e61a8aa3002920aad505da60fa11bb87da20fc79a,30387
r6u3zfjmj_v3.csv,0b97a194229ce9cb5e2b314b9959d42dd169530120db94e87b3b255a868dcf93,30214
r6u3zfr2b_v3.csv,90fa9f9595fc8d77499e4e551b1fb3daa73d06e8d23f1dc83e861ae3bcd29d79,30597
r6u4cxpkh_v3.csv,bded73b005a6deeffb055e853f91837cf640995562b8ab5f8ee35abc495983eb,62467
r6u4gdwm3_v3.csv,e8074664896a874e403bd3178083d6889b7f5b8db581cb76e5640629a7f7c3d4,61705
r6u4gxedk_v3.csv,902bf8e3817c4a1a52469967c36ae7af78b629010cd67983e3cf5a9befe79578,61950
r6u4unvzb_v3.csv,3eb3ed0b782a4f15d870020d560d99c974449625c2536c1d45624727c9ee3b3d,62369
r6u4up5bg_v3.csv,57c4c0431ffe2a96c7de66e30732b328799fac92273df2fe17c14f538c8af543,62474
r6u50cu7n_v3.csv,e3928b638111dd1615de0291e4c76ae6da459859933cbe2bea1f785985c02786,60906
r6u510pfk_v3.csv,38b7c7857c34e694b1ebe4eafecec2d61889c98093865ce1bc11457100f9756b,62275
r6u53xt48_v3.csv,2cd8496477c7d964ca7a82a27662fc57e9f009a0765fee2765992ec9a1ca5974,61112
r6u590gch_v3.csv,bb2e0c6b7bd424a65b5b8a5f7d99601807ca09c3de5c520983a42859d2e9c7c0,59682
r6u596gyy_v3.csv,162e5e75fccfe6bada5880369201326553aa49b3c5b73a6b523161e733d9777b,61691
r6u59tm5h_v3.csv,e46f00b2f9ea2e747a05fe127269df67db080cc3b531b47c296dcfca3f4cbeb2,62678
r6u63dx3f_v3.csv,146193a5f1fcd5ed5b2d2d0773fa4fc5c67cd7c8427d9628a2c8dbba9bc857b6,55059
r6u64syry_v3.csv,35cc89a94935b2fb26191259f5ca75ad309beffb240349b0432578ccd67b00dc,40069
r6u64tqeb_v3.csv,19930e58e69cc1f7762215b71f221fa08165f20367aec05516c30c075f4438ff,40175
r6u66bq8x_v3.csv,9b37b017af7dde359d5022f997454e9e68a97e07d1faa0dc59b5b588e4acb170,38717
r6u66vuxu_v3.csv,f59e0672510375a7d2b61c1df785e9781b1c7b09c597714fa9221e9653f9ffca,40709
r6u6718pj_v3.csv,e08ba935685b5495fc578d1495355dce6abc8d7b2b48cd323b87a9f25dd92da6,38979
r6u6dbt64_v3.csv,dccfbd904dd56f2e64e136547c4e23a7beee531adbd93c9f8ef192002a5d707d,41712
r6u6dgmg7_v3.csv,d191da423cbc3eb40c3becc3283f55fdb6cff597c71422385ae20ef81a0c72dc,42157
r6u6dvh8f_v3.csv,28d994935fe384c4798efbfbc5230170b0043920cdea80ace81abc9a243a2381,42919
r6u6dvw3c_v3.csv,09ff93bd218445f31e1dabd52e6921070ab52fdeb17e676b6e5dc63db0a25b8f,42615
r6u6enc32_v3.csv,5277761e2f1acb8ade26d44f82a13373b7ac97c47a53582f9d8e3f34d88f325c,41568
r6u6ep5z2_v3.csv,9e17e74449276f37bd5c9246ed32a38d33ede20bb5067fc87f1fbbf85d3d832c,41323
r6u6eqxrz_v3.csv,6289ac2698b5bd885df02d8b2542cc1903721a1a2541fa0813037220521cb06c,38162
r6u6eugnt_v3.csv,e0643e89fac9864b52df2aca57a12366a06c9374a9c1177291d3b79049c853b7,35155
r6u6evh80_v3.csv,42b414a0bb8477cb546dffd7b061588f5cc45643bbbdb973c35d1096743e866c,34827
r6u6evny4_v3.csv,8ed9042599aa73542a8f4d3824cb467f826ab7968a7c05f1dc74a8f44323702e,34452
r6u6ewduz_v3.csv,6b0afe3ae5e2169b528353dd8dd0bda35f535ad13adaeb330421f9db6199fa1c,37566
r6u6sj98q_v3.csv,ef723b785e6be1e01faaa9fb2b3cbe3e300c4ab7cca964bac758b79cbfb9f990,33921
r6u6sprb5_v3.csv,2cd9ed592f60528f6a704d4bfc984e2f3b1c15d54cc05aa7382876b5d162a665,33037
r6u6u6pgm_v3.csv,71bf7265dee437f1295d5583acb3fd8f0e87a95f9539df243ea44fefc664d929,33251
r6u6udspj_v3.csv,ef285ba28fbf23c17debf5027f006d5c22acf53918c7f13133ad3f0ee0599af3,32615
r6u6ufb6r_v3.csv,1b182590b4fb27d7a310743c6aba7ea4b4baaf40f95c7a9a415af7e4910e3fed,33062
r6u6ugq79_v3.csv,147d62615307496fdd1deb365e57b615a96975a91d771b5abaae7ed19ebe13af,28923
r6u6v4xwv_v3.csv,852b873cff09fb1c07848b93e3aca5342d93a184d8c3ad3feb1e83e5f18c6ff5,32247
r6u6v53x8_v3.csv,e28a3505d1c68fcb72aa6575252299441e3358b9e364535a5e935d983c38c357,30628
r6u6vq1br_v3.csv,ff3372a13e636dd8af17bf557b331a9abf4ec7576e4f2e7d2dc8818ad06d5de4,31813
r6u6vq69c_v3.csv,c3d9c761f4ec0434f9b793c1467d107d889b2e4e41642cbefd6c891376a631cf,27715
r6u6xggvc_v3.csv,baf46cd652d6318909160b1fc3d3fb105a152f2ff4d5db56c538c6280d70ad23,31102
r6u6xwq7v_v3.csv,e50a1c501affe0b7cea9df5f7dc7a693aab2de93637ac7fd1209cf41063104fe,31048
r6u6xzfnp_v3.csv,1cb292b78606fceec6cc2dd455f7eed0fd6a339a76b3b99bfa412e8a92eb6e23,30813
r6u6zbvde_v3.csv,41c46b3bbb5c289421b1de20fde70a1128497942d772ef19de06bf02fbad089f,30691
r6u6zzgkn_v3.csv,07c0c3496cee7984b757e71e16248861b796c448a32f9f2c687061c904558bc2,30549
r6u7e9j0t_v3.csv,655dafe87f77cd38ea20974051ab7f02088a009cd51ece27b5ea5f5748830d11,45373
r6u7j3ubm_v3.csv,e921b3b41426e3757ee15bf34a43fdfe3949cb47c637db50658c31bd2fc9f3a8,31522
r6u7j6rj5_v3.csv,9b270b21690157bae0348565481313e4f125e911afc686c2ae25fdc2ecb54e43,32001
r6u7jd5yj_v3.csv,9dac2169dd2df4253ec49995153fca5757717761296a45dfcbbecaaad300b6d1,32116
r6u7jmhxn_v3.csv,d231f4ca5c536a136e3400f649debe47dc12b00e2fbeafa1364345d4ae18bdf7,32004
r6u7js2v8_v3.csv,b5575ba6368746aa1d40994c6fce415324572ee42122ea434cf4e9818284e7d2,31793
r6u7js5q5_v3.csv,0f19af3fde6733c503a635a74a2208d7ace33e6d82ab084dfea53eb14871fb21,31912
r6u7jx56f_v3.csv,6aa60800bc27bb4a9b29e6d2856500a99933aba88e1c348e3eee387dc902056e,31896
r6u7jxejh_v3.csv,941429bce5d51230d1cb6d5674c27d547443ec33675f91402b2e39c13ab24b25,31566
r6u7m872m_v3.csv,af9f4d301a92bb057f481482910b335b082786a0d0097eaefc9c547f943f7d82,31794
r6u7p8svb_v3.csv,8c03a95ecf9a9273cdca8098a6e100610a4db36e46ca24ccfba96af98134badc,31146
r6u7p8z3g_v3.csv,e365aca3d77b5714c85b8e81431a540ac442d78e97607701cf651b45b581a94f,30615
r6u7p992z_v3.csv,6f45266f84c3c46e75cf9fab362d61fbf27e214e8f03dbad1963035e00d2670d,30611
r6u7pb91s_v3.csv,65818a4a818728012b79a43f65be70979a41f314c823b208bb22429d762850f9,30426
r6u7pd3eg_v3.csv,623db30cd28d9cd1c05936af0cdbe9297874efb1ea9cb9c19836992ede0ca0fe,30772
r6u7pd9v4_v3.csv,336359356203733d9c007b8bd894e4a634f4f4b9f1919dd998422c76f5d0a957,30778
r6u7pk90v_v3.csv,38be5121f9b10f2de0dd379787e5d31523ee6020497381defb117cf6ded0c313,30630
r6u7prr5h_v3.csv,7393535fd1566d652d070be6cb99d140620652136c3ba8c4f9898af65fc5a0d5,30891
r6u7qn5s5_v3.csv,b063e72f5627019805e1558a775bf827908f55126103a2459f918c59ac9924c1,31552
r6u7qne9j_v3.csv,b4b4ebc1568ae851a2de5a827123c0589cf9f28bc4c943e3f8af91c329168626,31809
r6u7qpksk_v3.csv,ac4354a93b00cd39eaf87da54fe48ad30f0671c5d55a8ea411e72821dae2734b,31114
r6u7qr489_v3.csv,0396d4e6cec5ed8c055dd1faa4c7939b00f1df0e69323b2691d49ab436250e44,31566
r6u7qxf0q_v3.csv,5c45775c2d637393fc21c7e5b033595008e50df40fa8351b70370332dec624ea,31151
r6u7rhp3p_v3.csv,a107cad1a4ece6f1c456080231de391bb3d3e3679513db9df272a7eee95b7a42,30680
r6u7rhrsd_v3.csv,89d1fef9c0fb610e1112e01f8428412c29bf503950b5665da8f2e19bc8cf4af1,30857
r6u7rtvg2_v3.csv,888925e6fe7083931820e8ec9d9bb7377b60b5d3e66332497f12c0fd0ef1d1a1,31189
r6u7vzhy6_v3.csv,33526ee7c39cbfe7b1c0fd424af2d47926a5879cdfc8ea17ea3946d7a53c12aa,33210
r6u7w8sdn_v3.csv,041fb356fada28f9386d67503ac5604f500602d391b179c5bca66147b15e1be3,31698
r6u7wc2r9_v3.csv,b37c8ab8fe73f6c7f44cbfc5b20b86167fe8298950c83cdc14764ab422042300,31854
r6u7wg76t_v3.csv,9da6bb52d12c553473a1fd263df67e414681f36880c89adba459a246969011ba,31347
r6u7wgnr3_v3.csv,3d974693414e47c46d5eaf53f9ee3aa3225e44842200e4649b15ccde7f9fdc84,31140
r6u7x2vfk_v3.csv,83e01c5dd6b94a09617b6e12cb581634093a74c3b275b6005943c28adf40bdea,31434
r6u7x3e4c_v3.csv,206fabedb1d71aaa2934ef8244821b961db432ac41a18dc2362ed3b4d70a632b,30877
r6u7x4bps_v3.csv,dbc411993d9179eea9d12c82520b10ae5ccbd62013b213b086eb19a6bc8111b6,31496
r6u7x4gc0_v3.csv,6c0249dd81e05e1be1d6d01bdde45f2d17ff1215cf12e2d6de1a30233f2f4a04,31305
r6u7x7045_v3.csv,2f9ac4ad12cb7fe9321f5a1d551b64cc6e17d61309e18fa522f5d35dc8a9ba7c,31240
r6u7x7p53_v3.csv,fe8a427066a69790eb045317b967653ff46bb69e99b5b17814b38667855a1049,31278
r6u7x9h4u_v3.csv,92e9ac9d6aec51a003a8903c2fa2f81cfff3886057286565c3cf4c49ccce022d,31268
r6u7x9zr3_v3.csv,fc516f67853ae3eae52565582a830b0d482e1dc5e0493748da709de8313a3f95,30927
r6u7xcm8z_v3.csv,99e12454363552cd1fe652d604a7c7068b6ccd365dbf7a9cd5ede277ea195f6e,30892
r6u7xhtg1_v3.csv,b18138800477e3bcf944a220f3aedaf0b9c0724d01f8cabb42c7b7e82e0668dc,31359
r6u7xks30_v3.csv,c2bb3cd527845a63f3ff48573db4c46319ac9415d579d71ca51e2d8fc1338bc0,31114
r6u7xm43b_v3.csv,e3cc894608fea4608d4156528e455392320aa4b46821110561c136848be305c5,30940
r6u7xs642_v3.csv,e722df860f9cb80cf21c19666c4c0e3f45358e9fdd220eaea2931ba2dd7aaaf5,31074
r6u7z5u76_v3.csv,5b863c6ac064272462014cc5459d5d573230df3b6e310a1445bfa29105ce1d50,32111
r6u7zh68w_v3.csv,d29220fb75cb2fb7c26ae42994aba8c41a8423e5ddaa4863e485a472e9c2dded,31300
r6u7zr3n8_v3.csv,5c6618d469d5fa6d079dcb70df532b09904bc72132d1bc03b9264739bfa0f525,31304
r6u88pvwr_v3.csv,8805dc142e6fc0b1c8c0f042bed172bba02490e1d0c38923ec805df6915c49eb,31307
r6u90h9z3_v3.csv,561b8a631bdec3674254e898a9efe57dcbddd66e2d82d1e16fe821210ea60a58,31100
r6u98qtbh_v3.csv,0443084e986e1d6fe2b3f6e95be30029256b152ec94e27b2dc4abd73f122e934,31300
r6u9b40hw_v3.csv,75ddfe428214e61c1090299035f3ab367d2d37a6eaa6ee542b4e77400ed846ac,30108
r6ud0npmj_v3.csv,ae6541fa63ac83f91ef9a1f8929eabfeb93e59d5e2aac3e6bd7a30de1e8df245,30914
r6ud0p0jy_v3.csv,d21774fc886a48ecc081975e09d821cc3668ffee2dceb250fe4d558b75e61400,30566
r6ud0r6sf_v3.csv,58f68fc9e798eefa57b37586d4181c8287ee43f73f04dd458c23f480e35a3126,30747
r6ud21k56_v3.csv,1113f57eb744720a00bddaf16aad81f971d2a1df3aa022cab2cea57c4e4d93ee,30571
r6ud8jjgn_v3.csv,908c0218349460c0453ce7ad4be5b57b7abe47786ef49e4d61a3622d93b2f53d,31261
r6uh1n5kt_v3.csv,424d033d66a5107ab8977ee8a725bd156ea44cb550dab12fb39f561ae72ffb77,52745
r6uh2209j_v3.csv,90e105d6cc0c3d0323c8d40a264e2128ea48be71039acd1f0777e27ed91274ef,44962
r6uh2eg42_v3.csv,5a83aba18dd23dbe5d22a601727f637b90726cf8d0e82d2cab5c695b88eab7a1,47003
r6uh2mmz5_v3.csv,e102185b428812de353fe9843d8f649ca12cd44bb1dba618fb5e20080b83aae4,45875
r6uh2wzvm_v3.csv,03e78d0d065a9c6b8f0e4b6c6c60f8eda14f65a03d9c42506b1c35146689d999,47711
r6uh3hcjb_v3.csv,3336c02e5437240dcf666741be420ade43ea6ffd08c14ba648a04c691b453abc,49091
r6uh3s5pw_v3.csv,516a7e60d71e24716fc570eec3fe49324140eac4708bbcc8dc5769ff24186ec8,56211
r6uh3xfxq_v3.csv,0dc4961b860c2f1e87ff5f21a8fcb62f677089684fdad3bc3e01d465df3152a2,53171
r6uh4ueey_v3.csv,c21fee381fb7641bc2324d256b63b3046e8aebfe26ec535476d36e0ef501c3ac,62203
r6uh5m3vu_v3.csv,4a166389af2c03c3e2d4cbe778795a697ba3da4e6fed87174f9c8a29687bbe1a,61003
r6uh80x8x_v3.csv,540177cf6f0f10c63749152e2f68882ccf58d50d8e8e965c7e42d39f272b61b8,43663
r6uh820r0_v3.csv,b3c2b2d1a71aa1d15375e98324a677b67c81c2fee8450ee07bc13ed32ce83328,43951
r6uh85pq6_v3.csv,444837299cb3e5e25482439b86feacfd6e97947ba39f8fc1bed4025c79b156d4,42420
r6uh861qn_v3.csv,1b32cb29c107010f1674df3ea2b9ce81facf7a42f0657a5cf604c8e7a9cb398b,43531
r6uh86xb8_v3.csv,a85f872bba0acd64c9710414eb08715cf40b4e40673012fe2a88c75ffdaf30e0,44940
r6uh88xsb_v3.csv,64a9ef1013766036d3e987f6b5f5f4294d430d11d061a55c344baa68188a65d8,46867
r6uh8981e_v3.csv,e61eae0aa32ae3940bfae87ce26e1bb7f208d09d1dd84fd1ecbb6f8536724497,44731
r6uh8dqet_v3.csv,6cb678efcac654ba0472de8d1ef531d5c86a89ba8875691fd9e0ab34bf6e4025,45852
r6uh8ffub_v3.csv,4ccd82c58ca1bb662138bf38d893e15f4969b5fc50dd072bf22cbf0b219cba8b,47029
r6uh8gr3h_v3.csv,07bb5d28ed4549c4ad6b98b2c6c8cc48136c7ae123f1afc5e33476dffe9c49e3,47720
r6uh8km50_v3.csv,913bac58cb474acccbbda676ce58c05ab3d104a43f133141ceb96b7ec39bb0f9,43467
r6uh8kw5h_v3.csv,0f0059b76286e0f1a4ca080a1cb89dfccb36fecca01fe6c8a1631852e35c10b2,43615
r6uh954yv_v3.csv,edaf7dbed6b44e5e839ac240cfcdda86638a91b82ea5f2a5f6b3dbebb86de306,48210
r6uh985sb_v3.csv,62cf5a7faea04031f5395c7433ae60119428f7835e98f8ad3226a1eab427aa06,53370
r6uh98xbe_v3.csv,2bbc3837157a4c9fa5236414d421a82254448a3b0e941c4a5e52a6881390e3cc,56243
r6uh9k3dc_v3.csv,65d848e7bf38be721b2d5d91b2ea7b8f1ae4d8006c71144b084a336212aa9127,50142
r6uh9y097_v3.csv,af3c901c45d636b61123ca1ff58e7f97f3c2ac0fa139d5af535c8d6dfbf5d4ed,53838
r6uhbd8m5_v3.csv,e05b21a4452481af2506d5b4802285482df09122917dac0c6328f940f5d70e24,42905
r6uhbdqyr_v3.csv,c53d34f4c6ca5d50cbee5e91fdf1dc0c003584fb54e7bc83969e0178b6b4dd69,44554
r6uhbdty8_v3.csv,47da2bf241d578c7b231044da5bf2ba5338e213e7e982480a67c6d2445ccbbcc,43644
r6uhbf8sx_v3.csv,5c8035dee8f1f2df5eff5856ab782eee610455f9bc205a2ad42280d10693cc77,44414
r6uhc2b4d_v3.csv,cbffba9335b2ee5551cc15b3406f56f7da989dfa4bd4767cee78194f2b4d1065,48143
r6uhcbrze_v3.csv,4c3e032bdadb32b19340060d2f1e8778d47b6ca92b640313921f7d584ec01e2a,55712
r6uhehz09_v3.csv,7d4e4524b1a4d3272632f68f60019896994c09b99563df8853dd9f8aecbf25e2,61334
r6uhejv5e_v3.csv,9c940219296cc7a5ba9c050a68b11a25ca1c263f4b4fb4088b1f3b5745341b25,62336
r6uhejw65_v3.csv,9ba3013c8ad3e0deaa33606e23e2b9de864a682b921f292d9faea755b719ce55,60785
r6uhenfgu_v3.csv,bae25d26bc961497d1322834e64a16d01824e8e9c2196c8b6d5e44f6c043bf05,60131
r6uhepsr2_v3.csv,f6af5456b3f365e378411b985be8f1c1d91288e093dde59c6961a5cdea474e62,61432
r6uhfe6nh_v3.csv,84dc4e8c4d5009b371293e8766670a15c83d9bb3ca0b80b530ee8ceeb8698d02,60177
r6uhfshe7_v3.csv,85053327e4fb16c3d774661c2f81237db2ce1e345cb3a57dd6db0ddbdf603dad,60624
r6uhg1hke_v3.csv,ce14ce6a50e38a5a23c1ff295ad2974076e237020b6ed8e1f575271f7ab3f776,61541
r6uhg6h7g_v3.csv,a36e4a58ca90374414c5be618d1499cbb218beec7914aadd3ec6eecef0ee99c9,61868
r6uhg7squ_v3.csv,688d6b3979c99d741d74b41135b5330de887bccba6e593bc99d60421e66c00fb,62006
r6uhgbjgb_v3.csv,0572ad7265c892a5f9956fca0ea01ab0094df7cda4ce8783afd943aafbfe8e58,62028
r6uhgsvf3_v3.csv,202603d34cdf21cb2374123419a7909072b0065c52689329739aeec9ceba2002,61301
r6uhgtp9n_v3.csv,a37c0e0a51bb82a4148b490b5ab703caa4ef265a0ae4182d990a13dbe5adec59,60224
r6uhhv883_v3.csv,98a72097abe1c1614595a04a913c1133952948a0a7ec466a277b9fe40d81def3,61465
r6uhjhkzs_v3.csv,9e393bb465b2162511fd5502b46d9e34ac4b83f976289a7e13505a1b13f21251,61627
r6uhjkf80_v3.csv,cf6311342a55375c4212bb97c68cc419964518b575ca2f3988b7e81c4f4723aa,60847
r6uhs6h18_v3.csv,c0486a1e4545eb341ed9d8b88df499e422acd03d33aa1ac034d62d3f79525a53,60671
r6uhugr0g_v3.csv,b3c5ca1307fd2e1baa77cfe15cdc8089ad28f00c4afe0e98d8000333e7856a87,61783
r6uhugwvz_v3.csv,f3caa6f460025f59abd39b281cdfae6e355a4710e2feaf189e6a7089e8119a13,61830
r6uhvdjj6_v3.csv,d9a70d5b1711029d4e0cbc29e3c8e569dcf1cdd7827eff8ef29d4bd0ef0bbf0c,60860
r6uhvdtjr_v3.csv,1cae1467a7cd66282c251a6c33d951e790ba680fc7d2fc2cfdd3ced740df1143,61338
r6uj01fu9_v3.csv,18e6eedd4ce7dbf393cb603fa172fd142496708ed477be2a30035f68e8544fa9,36221
r6uj01ggn_v3.csv,051c27971c822f5c723fb85e60b5962b1e2e04587e46d5a93bc82151cfd32e87,36044
r6uj039t6_v3.csv,be326e8af136810572d44714a13af0ff38874ad0617ce5f6bc20c6c80a884146,38407
r6uj04gvn_v3.csv,7ca3a4de33e3eef6c166c1b8321a9c8a1d814de1f4427620b57958480a1bbe6e,36800
r6uj05ff6_v3.csv,aea81d717da7949c0c537169965bcfb0f45f9347b23b517cb3f3b032e2668cd7,35200
r6uj0h6uq_v3.csv,34e6a702b3708905806e05323f11bc1225343a337a6209ac6668e54dbd0ab66b,35738
r6uj0jhjk_v3.csv,ae06f0c4407e1175ea9d228acd1c78f451a436d959fa0615dd4fb71228be564b,35052
r6uj0p8nb_v3.csv,b48634f77f6302f3ef24cbc964cab955977d831a3dcfb024814cd12dd677edac,34485
r6uj0sc8z_v3.csv,6af11a954c502b48831ea5d6fe6ed1999f302bbb1202fe02e3476e3cb2287aa7,39421
r6uj16xyc_v3.csv,85c2919e0b1a72e5c1a77850e17f609826170ed1adc04de4972f02e86692060d,47658
r6uj1b10b_v3.csv,d225e861a6bf235f6aa4ba6c88974a02459603b69d8564f47be0d45e32b4ff2e,49631
r6uj1rvjg_v3.csv,e18c034e1e243c190501d8b50fd69fd0cc7e68694fd6af32d8020435503c57a7,45375
r6uj1vn8n_v3.csv,31ab1b2d2db48b1da2bd02d31fe7cac00d3934cba5c11f11ede9375403e38578,49453
r6uj1vxfc_v3.csv,0df3587e2d995349ccafcfa15003feee514af46d3401a2c21c55ba6b37385d27,50642
r6uj1wtme_v3.csv,952d15b72730d0da297efa2f4bfec5790ebfb00950ed6d0ccacff2c70f03e81a,47529
r6uj1zycd_v3.csv,6ec605163460e90d06d5bd5fc61418a96738dbf5f8b9ec1992a429c4021e44e2,49954
r6uj21g9m_v3.csv,74aa87c33a3e8466b2fb1409877acaa2e08d6a933ad4c00b2699e2071cd0a36a,34120
r6uj30x6c_v3.csv,bffae48b1b224340ac5edfe20061ae1df2ce48efb96e711ff3131e318510771d,44727
r6uj36vnf_v3.csv,4678053cd2f78b16c6286caffb50401f0588be15e19457037608f73f31315168,45238
r6uj3b5yr_v3.csv,5026732162ef6d1a19dc8a91a84d634709f771e78e6026254e6fb0dc653fb8b6,48580
r6uj3bjej_v3.csv,2fda7dac4de2db82b260c9ddcac0b4a3298666bfeeadf3ab822ea5f21367db74,48668
r6uj3ej4f_v3.csv,0e08b1de1dd43278ac064e00d759a67ab0e0826452b9627fbef0f9d58b4a4220,46691
r6uj49syh_v3.csv,cc780cc00f959c5a5e76a909ee983107c7af011286c81e5fbb70215c7fe29f10,59138
r6uj4c6y9_v3.csv,ea4d5657461e86f116fd4dc8af1a40e4db5c4271e919613c7cba0e78bb52283e,59904
r6uj4cxsx_v3.csv,8c3f89eaed7eba3348df6f4c7587652764767118f0c4e0e5bd5199ce183e3366,60859
r6uj4d8he_v3.csv,3050f723adee505a693bc18407734de031d0085cbdf5173b4fbc75e609b7bd36,57244
r6uj4eb8q_v3.csv,70cab8ea6cd217d81d10d975780fdc8ac134bf88ae922e96227af851a1b1c847,57292
r6uj4j2er_v3.csv,9603df478ff6364fdd47674915a0c2bcbb59eb244ee0ba93c34d166321a6dbab,50777
r6uj4jjzs_v3.csv,5c367df4a937083963eab0d407d37c2662bb8e29d976daf110181a09911e5d80,52040
r6uj4jkme_v3.csv,69190a746a1eae7f91847d8bd71ca14887611192ff6f8c1dda2c0641faa5cb08,52850
r6uj4k4ju_v3.csv,5edf8a840cd418192ff1c02ac1845af7994871d8f0c621fd415fd15e517cb125,54622
r6uj4m0ec_v3.csv,86d8fb2aa7535f18efeb634572af2f4a221cbec9f6202369feebf61b2d16afca,53451
r6uj4nc9d_v3.csv,9bc19f0fefea45f2b574c695af8db27e01c5d2632ebe45e58865e47e9e2ebcc5,51047
r6uj4nf6q_v3.csv,cd651dd7b3a367f7c8e9e82680fdc8bd2306bfded57f8ebab409cae6c9a480e0,50910
r6uj4p5ce_v3.csv,cc106f40b832761126bf5eb147b9a6af3d7ab3d67080cf72133717337fe0ec95,51770
r6uj4pdb3_v3.csv,00865e0a47fc2d5fbe13b9780cc2f1c1565a86eeb6ee6d4f5b4681895054e22e,50790
r6uj4pq4t_v3.csv,e0ddd2852319537f78dd4945e32ac7cc74f8d42e22aa8ca1617e43c7bdaaba20,52177
r6uj4pux3_v3.csv,fb8444c9214dffb1c2f57d0f1bd1872a355f3256b6a1a7f4c9bb28884606cbb5,51100
r6uj4pw59_v3.csv,fce4325fee7c922750c7f1f580f28a3b32c7a48b44564b6174e600a632fb08a7,51789
r6uj4py9u_v3.csv,8cdbd388055a21c6c068866ffadab814dc5ecaf7f6724d49f0cad7e89e2c5348,51437
r6uj4rj26_v3.csv,ce3e444c7e2e0a84b803a7089c76d3a59102c2e5ee822732c654d7cad4cc3fed,53945
r6uj4s36y_v3.csv,37ab7a50361c49eb3b71a212bbf2609b8f93d910f1b3bddb6df40aed08d81724,56909
r6uj4u38f_v3.csv,84693847cee865ab54000e351957aa83f21ee44ba47ac97e9ca5457b72bdf054,59321
r6uj4udpj_v3.csv,7a8e42d6998aca17c426859ae50b4375d65d75e90bc509c3ff42c7227b7c73bb,58003
r6uj4uxm2_v3.csv,ceb1a7c90aa7fab9cf7ca9efa8f36a9884311ebdfe55a6be378b5d90728969cf,58966
r6uj64ydr_v3.csv,e9e98563ea112481978121a6adfc6e4acdb3f7661f42d374c6f2e646f56d5e6c,50672
r6uj6rwpm_v3.csv,3382717c39214e44925a5d6ea553aea5a04d638625ff9d2fb145551011005fb1,51197
r6uj6tb70_v3.csv,8b9a13b359793a463dceec3ba6656259f87fb64bebbbaa6288a3dc7c379e8e47,52555
r6uj7gp5q_v3.csv,d1a985963250d28e7fa87b9debcc6ab104fcb6666624d826d0a8546ca1f60bd9,61440
r6uj839ex_v3.csv,ba4a23ecdd0b0aad12cd468ba630581509d87cde025f305e8f1aa7379e390e1e,34076
r6uj848wz_v3.csv,e55b4cb738bbfee067e9c1001e42adc3ce85dfbe2ab1ab4df1bf61fce4abd80f,33121
r6uj85cyx_v3.csv,3e3304e4ca6411f81d5ed01d41a62018df6b52dfaeaf074b1cce34b0feeb642b,33079
r6uj85u4k_v3.csv,c79841d9d00306d0ab2dbb5b30ac888895016c100af42c2ad2f1cad345396f46,33121
r6uj85ynr_v3.csv,60d2b7e6870e6ea1acc10e6ae74a07a24833668153120a35a734594f620777af,33114
r6uj8905n_v3.csv,e4bc6782050c346ac00a02ef44ca67c69fc10a08bfab13aa0c55a6b3bf3080b8,35485
r6uj8eyss_v3.csv,b763b79b4d4b3c34c8cc3aa5830b0a05b354f9a824a1bee3900e21613a5ac133,36537
r6uj8f65y_v3.csv,d31d99e37fddd16499e3a02c8c3ffa3e46a78fc9957e7d24b252dbfaa1f3218a,38321
r6uj8jfmf_v3.csv,548cc18be99463ea314272d76ace338347a7806eafc065093897f1b67eb97596,33331
r6uj8ju8e_v3.csv,00486eb57895a837e67a1175266c6c769f9e6297e1dc6ecce72f014472a26294,32637
r6uj8muu0_v3.csv,7bd29bf82b30d8b34197bff5b4b872aa069a0aece06bfb512e4afd6b7ef8be98,33842
r6uj8nech_v3.csv,82c8d80b3f2654695e92efd73290a91a356eb37c3b1d29fb097ad3235c1749d4,33018
r6uj8pb15_v3.csv,aa7a6794e2395aa85d20943cdab1d854e26482bf7da632c68af34918462f870c,32989
r6uj8pfe3_v3.csv,a3d112e1972cd87d3231eab09f0ab7a09c981744509cbaa35e64ee2ff1d7f8fd,32614
r6uj8re9s_v3.csv,6cf7c2190e799a611a91c72d829901e2c1772d6eae36ee9896cd4637411361fb,33723
r6uj8rv6u_v3.csv,3b2fda648cfd4bc335ab1cd349ec5abcb89d07ff9d7277ace0ae4086ee0ade99,33278
r6uj8s7zh_v3.csv,d82e4703c05f6503a16d116abdfcfd354aa2454be406109e63723f0eddc96b5c,35445
r6uj8tb97_v3.csv,7d1f7dcd4764a8acb0e20019e8bd4b14797e819b3c9e8473a1b0467d95a03c35,34212
r6uj8tfx4_v3.csv,8e4011711a1631161fca0fa0ee789368628fa8b73cb050748c41242e2b753184,34534
r6uj8we6c_v3.csv,f345ec325fb94b28cb096898ea7b557a0920671baa67a084e160dcad3ea85e0d,34839
r6uj8wuxm_v3.csv,a8f07bdad236aa2d97632fbd6321afe8fdc6d2ff62521021d5a4aae58315cf72,35420
r6uj8xnjk_v3.csv,46e8da9e077ce3a513604bc4f94d2b39c2805f206674611bc8784b68947b8c86,35434
r6uj8y4un_v3.csv,b2f5ad53f3cf682e2f617b381eb8d7b46f44647c75f2eaa9ef8012d16bb1818e,36775
r6uj8ybr7_v3.csv,be66d55889d47b105886691d51812e3f90e7e0fe744e047a1b48ec43f30fdd8f,36326
r6uj90t5e_v3.csv,28f39ddfa2154131cd5383c27a950ab3e7df54dff394476e851d97996c67442b,41792
r6uj964x6_v3.csv,013e82c044bde420efee73910858d46ae06c8ef8491bfe15f78fd845e2b72c20,43491
r6uj98yu2_v3.csv,afd05edc0b4fc6c034f77ee900fdb73c2726b00db492f3ebf1b64d2cc13321e7,46391
r6uj992fn_v3.csv,cc6e76b08fea063058645cd066d2c9877863c2873c2d932c65e60b36338f6b81,44690
r6uj9d4xv_v3.csv,87688c410d243085fc0047948b3406e349359f7d42760d5818a0138a04bdc7e9,45293
r6uj9ew3r_v3.csv,476b312d1e94a4a3d9365cf41d8bd524f32a8eb81bc641b7994ddcf17278344c,45037
r6uj9h6p4_v3.csv,8e68b29fd48f7667d13492c17eadeafcbf5f9e4a06682f5e02f0448839790b73,39655
r6uj9mk1s_v3.csv,72e951623ec527818eb7a61b22bb80e2a3c8b345fbd791cf4ee6c16e8067fb44,42700
r6uj9n1q9_v3.csv,a69883252772e94016a2565c69dfd91c18cfca78e580736b6ca65e40c5e0f966,38774
r6uj9nugm_v3.csv,0cbbfa92865953e5cb833e113f0d95a5ba3b7fdc939b0fb7db5fe3cbf2498d77,40305
r6uj9rmpe_v3.csv,08e23f517c547ac591ba31e68342146fd0460018662390ee22fa5000612b9373,42132
r6uj9t5fb_v3.csv,e1f701dc68d7f2abab59e9c0372c67f9cc07736fe955b57ffeb2beff512a47e2,44616
r6uj9u7yy_v3.csv,5dd22b9d4592cb5d07fc9ee35eac8e0df515e0d667a1552ec10c69ee127f51d3,46092
r6uj9uyg7_v3.csv,7ecbd163c54249aa91228462bb3e149cf542a1d185ffc873d8f027cbb55bd075,46130
r6uj9vjqx_v3.csv,784f139ae2f572993d85165f701fcfc3244351645733e1932f13040f9cd57e9f,46529
r6uj9vwgm_v3.csv,d6b59e10f9be287df1f121dd0baa9e68d0840113acebfd80bacad4332be10cf0,47025
r6uj9xn89_v3.csv,d06e72cb0f3e204942181b59ee8091545ee4da41c0f893a8d1717f5e8426c187,44388
r6uj9xwx6_v3.csv,6a79879d8c533caaa21dcecdfa90b16fdc8f41b43611beca4bc96bdd5826be28,44615
r6ujb132u_v3.csv,ec8650b18f768451d809fe05cc536d1ac114f664f622439697554ffff747077c,32667
r6ujb2eze_v3.csv,dabfff9265e01e12100e46890dac512d604c7b65b2a155de56a47a0f62b55beb,33175
r6ujb8d95_v3.csv,7fd326e194cd44823df376bdff5d7e9c3d5b0af211508de6df44509b934ab294,34129
r6ujc2ymu_v3.csv,dbfadf40b0e530e22b686408a4084725e527cf14047b51a1825f81d444fae1b3,42244
r6ujc623y_v3.csv,13aa3b9fb12f80cf244da5332059b4c82f68c5210096609157183f557c3478a6,39442
r6ujc6z44_v3.csv,b0c1b60408bcaa61f0cf45b417601fbc8336c68b77bc003d0b819b42214d7806,41907
r6ujc882j_v3.csv,93b6a6ac5496cb5407b5029600447829e69bf4152deb63d99e28d537fb8334a1,42988
r6ujc89dp_v3.csv,64b0cfe225f5ed8df49ac8a62a3582be96eaafaa8d0de322a11dd0f20beee4b9,43165
r6ujc90m5_v3.csv,6de0578ba40f81e0bee0346cde7b1f8122a7eee403d9f3dbaaeea6b0cfa77178,42373
r6ujc9cz1_v3.csv,670467f305f9ea7128840af9ab0c8e9780b7cd7b5a2158cfe68fdef8839cf9ea,42765
r6ujcczrk_v3.csv,9a3fb4a0498cd447bab0fb1add6e2cb39d0cb0ab9e62ae1af578251980cfebe1,45978
r6ujcfruk_v3.csv,4acb616a701c0a2633018594ebeb8f5fc9eceeffafe12b92ba7df98ce27db179,45893
r6ujcg6uy_v3.csv,12a95774df891859f2cc3d983693689a1597f8125d86a6c81201263718854897,44865
r6ujcxwm1_v3.csv,197bdce72b49c1347bb71279333900d1da73d0f617007dccdcfb757977d603e9,42698
r6ujd2frd_v3.csv,40dce6c4fbff38874a5b01cfa8c5873d31c63b190c9a63dff7e033bd950bfb43,50551
r6ujd41gr_v3.csv,00f0b134171aeaaa46fc95ee56cd7086eff7333ca78e68d6311de00ca1959c8f,48146
r6ujdh6hx_v3.csv,3c9e4602aca57e1d07822421a96b79b7686bb2b0a577cabad54e855df3fbacfc,47588
r6ujdj0sx_v3.csv,5a0f6af38c534bdb293125347d11b4fe2dcefae296cf1fe9529f37417d76ea99,47387
r6ujdn9wp_v3.csv,9c9f702488cfa49e108ef25f61cb896d7e7dca3227a94d211885fcc437c56f11,47218
r6uje4b2d_v3.csv,87a06e6eb7b1eb13f455b23c47262907a872bf625427638b70315de94f9186e3,57506
r6ujecr66_v3.csv,e4f9315414f3d59fcb85c737a589a7b4bc35ed15c8db4bf51e8d7eb33262ddb9,60321
r6ujf48md_v3.csv,522b96500096353575fa8dca6474888cc60bbcdb90568d9a2d27efb8545b24ef,45441
r6ujfhbry_v3.csv,2d1af66ff696fb99ff1d02e9378f69abe105f3b53a1962794c3518fe9572ce98,45243
r6ujj4eth_v3.csv,42331f98c59e19ced074463f21d2a217e611d95284df6e6d77a8b3fed49ee1dc,61072
r6ujzz7tz_v3.csv,0f7979e8acdbef9f110e05d9cb6d8e92bca61a316d2aa6ba0a86ac5bd8cb6e57,61216
r6ukersqs_v3.csv,27df8bd87fb7e0fa9fd48b74fd827f28a60b8df8b663d1f67a1cc55deb19cc8f,59554
r6ukey6dm_v3.csv,c0fc3bdeeadae43b1d547e48a4afc2eaf9c3381d9ea00151b59dba0f2f8a1c03,57970
r6ukfwsc4_v3.csv,63c5021b8c66b181248ae2c01d5698463bf823a2fe584978545b5df8ca55c201,61560
r6ukg2stk_v3.csv,3e3e3c0a8ea097d7a95a81b2bca061a65b24b355bffd3f30d58f42a84e4be22a,60306
r6ukmwg32_v3.csv,6253ebba9b86eebe08d591949f00b36aa9f03af4c1eb11b2363e9912dc841cf0,36187
r6ukmwzn8_v3.csv,9f3634e09380b0b8cf9400ca9e4b6e539e0ab25e8999235cf15e969726c0ffcf,34884
r6ukmzfpq_v3.csv,6756d3f616b280ba9a85ba2e9ba1634c2b107d72458c3868610095586580e124,34577
r6uknpv9u_v3.csv,9876be7ebbaf7b85948e68da73d09a4196c8e84d4fd34603e732a4b316a49578,33369
r6uknw5hz_v3.csv,3cf5d7e88e25424edc1d41e9e5bf1351b1ad62a5821195b8cda77fbcdcac82e9,32450
r6uknw9sd_v3.csv,12c6705dd5499d727c60a933e2109b01f0e86457b3eff90845ee78fb695dd8ed,32493
r6ukp3fm2_v3.csv,0a572e6cb9dc9b1e5afac7d114327cc4a604878c6b2112180d136548edbb0e2e,31358
r6ukp4g6m_v3.csv,a6814a3ab2f97640eb83b36a359e373ac357a1fa2ee4dc9b649d65e6a860b16c,31338
r6ukp56bp_v3.csv,8dc1a4d5b06e74a181e4161934401071814d11962cbbb71db50b58f3580f6f39,31591
r6ukphgpm_v3.csv,991af138e80b5871081bece0af70d6e2e7292dcf8f9c28d57f85d8dd56ef0575,31827
r6ukpnjh0_v3.csv,e6cdfff9c829aad5cbcbe7354f647cf351234be129c17f02df956bb981ce2ede,31872
r6ukq2tpn_v3.csv,c136b23632980889703a89c13b2e5185d78a7008c6e0e1f309a805e8b1f8749d,32565
r6ukq50zt_v3.csv,97c9cd26ccdf4705d6ca5477a99b9e76f4a3d5a820bf3aa1eddb197103993679,33060
r6ukqn6w2_v3.csv,c4ee3e061e3b0e3517712bb78ee0c58ad6eca5e205785703e5023334eca7d615,33110
r6ukr0914_v3.csv,c2dd7026a39404fcfa19d45eb5464815a60c1f8fd78405e37643f2bee0b42a89,32312
r6uksczjg_v3.csv,43dfc2227a89de48a17268cc8bf68ebf15854d3cfe93bd3053315c6656837e45,42203
r6uksdcum_v3.csv,77e388e506c082cc007bbb6bc7ab20a97fa9360fbdfe409cad20904eaa1b6f34,47771
r6uksf2wv_v3.csv,3babc334e6aac1e022e68000e68915f7722e4203eb746b12866c04af3102138c,43688
r6uksf4jz_v3.csv,94ec10453fac123fc0ef0ba2bcb0b9ff0515d2ad2d8537c4beb63d20938f76ba,43275
r6uksh7pb_v3.csv,88ab24168a39aa854c806843669461679c62743b5d835728a215dc92dde7682d,54494
r6uksn99z_v3.csv,d2509159eb4e2772794d95af703feb86a5f7e716c8da7d246399fa8f2dcf9a00,55924
r6ukt1f9w_v3.csv,56a7f89f231e4b30bcab0e4ed9ecaf5dc70de1e39c31198fa88d713da9c29f76,40531
r6ukt1t9u_v3.csv,f93835989d1b284c927bac377d2483c1ba9e59e856432ce875bceb4f31e383d9,39363
r6ukt2gzd_v3.csv,81638b407b9c077b56d0fe99daa72f19dad12bfcf5af93b848b194e6abfce310,39076
r6ukt903h_v3.csv,94321b42ca010952d71fa92868f8ecb8b2e4a81a87260b13c0802007ec93c14d,32190
r6ukt9dgd_v3.csv,7fedebfc0170b15e123eadbac31618b5ed3c5ba1cc0aeb2e4234093f32af361c,35965
r6ukz3z51_v3.csv,26dfc8fb943bb04f7e1f93c9c9ffcb9e2425e8e5909251a8a8482c3420c1f528,31760
r6ukzugfm_v3.csv,7961f1d0ff999f6a28d606341fe14e57807cda8c8820b83f37e3741c46cd1e7d,31758
r6um1s7vd_v3.csv,f6e980f32ddb16a51c11b61f067ae6bceaa84b357b4fd46557fde2933519279d,61372
r6um1udqh_v3.csv,c1e34e3a475d523135672363bc4b80e4f40d265f01db0339a4f7b1c89967b15d,62925
r6umfq9rt_v3.csv,123a12f576ab95a0adee2489b14158dca8665a82b498b7aba4c5ea4023df035b,60643
r6umpyqbk_v3.csv,2cefee657a34f37ec6335d26fb6eabc59c20db9f5bfc80c28f7533c9e2514b68,31555
r6umyy0qq_v3.csv,75db833b0ddf07da70c11fe25299103827415f2fadb37c2190943ad2cd88da27,37144
r6un1vfbj_v3.csv,f2391bd7e4ea1663fd304b87383a642258a58ef931d3c6ed720f8eb0754653d1,42077
r6un1yxzk_v3.csv,4b51572e2d6fc7adddc11d685ef445a99f1148cebfbcd662ced1c77ef84df842,43089
r6un31n2g_v3.csv,91bc7935ddcd3ac90d6612eeaedbbb8c2ad320921efcdf12714b3df0d86e88aa,34932
r6un32450_v3.csv,3ae5fe2c99d4294c7b466e9aa3e5623dfcf5721756b79afe537dbefce197c4a9,36290
r6un3283x_v3.csv,91027321ce13f2990ede0bfd6d33a64bae092f3fd7049239b44f4e8f08cbbd59,35384
r6un3edb5_v3.csv,e5f2736fc98b41c007e5904287a8be6c3bf13715fc38441ca4f9537de4ebc642,37469
r6un42kn7_v3.csv,0156abc844aa88c74b0a1d501bb65bed5e47e34024c165a7001d3e7c31e866ca,47522
r6un43tfs_v3.csv,b93b38031f5673eb59361b8e1aa28bb16d7388c85f49e2553cb0a1a465fc9e70,46534
r6un5jtg1_v3.csv,b9a5a6624847a989271de91506b7f37851821c46aeca44addb168046f12bd72f,51427
r6un8pc8f_v3.csv,af4f67408d32aa407e26e764edf060707ea6a7bd093f0825504b35cbfbe691e6,32199
r6unbsm1z_v3.csv,3e91c0650ef14bbca18f71c4ad77b8f8bed37f179949d3a3564898c6a93b7f80,33034
r6unhzdr1_v3.csv,b1de00534af1fa3ba8c073cccb91b1f3d9a91d6a9ce517a05cd3c6ca4199ab9e,62633
r6unq4jm4_v3.csv,9cfb6bb60b374658fdbe6055895c67a6c95a1a8fa0d88aac7c4f322ff677a88d,61292
r6untuj0d_v3.csv,3a2f4b66b4d22fa810eea9222fd1990b20c39655d2adacf823939ecd6a6ef398,61690
r6untvh1u_v3.csv,570572a9b6fa4ffea0b6148844067206097a60962d33aef2b0b085c249966733,62202
r6untvqu1_v3.csv,2cba539c10f18e2ca6f6a35152ef2ecd71ec7734b3d3f2d0273482c1cac91495,61907
r6unu3jey_v3.csv,f573867b7cdafe708d50925ea614a304170250286aaa8a9f93f87981a5645bd5,58904
r6unu5tsz_v3.csv,85dd5638637606e9e5abec02f57d6a91c27710a725030cd09b6f318a59ce7ff4,55501
r6unu6mcq_v3.csv,eae3e4584b28d58f423714e1580dbd1db695ee4c7a54311eda6b34cdf703bea2,57795
r6unv9tt1_v3.csv,5fb7ee57ece7bd8061fc3e010f41aca28a765a3a5d7558ced4419851ff21f94a,63616
r6unvb928_v3.csv,5bc8be389a7adda5ab5fba17ba6ab692d79fea9710c5ad4e34074d1e3edeb79d,62087
r6unvd6t0_v3.csv,79e4c95870f629da4fa35132efa9e67d65d138a125e66b02b908d7af4c61d15d,62616
r6unvrrdp_v3.csv,1fadd61b7b40f646d9bc614ca43654fff1fd2c5cab01d062e8a7109e426dfeaa,62648
r6unvtzs4_v3.csv,526b585fa9c6224946fe5c3618798b600a6775e407e102e13172e6b4f08c4eba,63035
r6unvx7bh_v3.csv,4f976d50c4e149cf34576bfb7da262fd2f4edebcde36a0a9557391f6191c5fea,64726
r6unw64hw_v3.csv,386010699c6c99c401b4936873c4309c301dece13a6c27ba85e9535bb28d87db,61677
r6unwhcph_v3.csv,765ed649b0a2771ddf656ea8a552a77697bac6c582e5b4b716edce61e03c619d,61703
r6unwj57d_v3.csv,a8db8aac76dae6d74ad7988209651ed7dc346b39ee779cf495ddf4506d239690,62075
r6unwq9g2_v3.csv,705f13b7ecd018aa0f8ed8c25681ed401b6102ee36ecc5065d645e68844500b1,62745
r6unx1wzc_v3.csv,6c24eb60a6a30d63ace917a7f6ed48764af1f356a007a0eb869fdb5686ca3ba9,62730
r6unxkbcf_v3.csv,caf72851fb1978dbdbe6393d69d0ad02424caeccce31abae7de9400812093237,62597
r6unynttm_v3.csv,39cc4dc70dd196865391cc47e2f7b686d1bfd9b98f9da81f34b20d6c9246a928,64748
r6unz122z_v3.csv,1234ba5b1efd7eb091f95b51380c3ae6897b466287f4d5b99a13f56d416fa334,62907
r6unz1etr_v3.csv,7d1e5111de996b70dfd8caf40e1b54d00c5506c5e0552a61f0fa65b6c6474728,62378
r6unz3uv5_v3.csv,acf9968b2fa14905cde5fa733f3b117c34b8bef0d4cd442a7b14edfb428e1e47,62585
r6unz8yxm_v3.csv,00e91c7317dfd30a7ddd57f2ea0a98f5a621aec3230f8d3a3b3bcee3159ce46d,63211
r6up1h618_v3.csv,132537ae31bdcee22f635ad0892d1a855175a2d21aa5dce5884d0b58c2c4d1e1,33767
r6up64xkz_v3.csv,2f452684d6c3649f73f4e61a240fd282bdf9ceaf003023b6f40cc04caaa73397,35262
r6up9d0ce_v3.csv,bae68662f9e30c27b4e16dd948401f8fe72b20545d55f8bfcb0c04d6d8ab44a5,34133
r6upbenvy_v3.csv,194dcd3b2fbf07087700a7a6c655e5feca065f73dfec89f79155464ab246f6e4,33883
r6upcccgc_v3.csv,6f52af5e557466d0baa368c96e399e2438878fc3dab1120026d38bbfc46ffecd,33344
r6upcscgq_v3.csv,44af919a36c776785f19e7f0d993ba837cde75d2df53a88f9e354267117587f2,34010
r6upd0y5f_v3.csv,802eab59d3e1e4d6498f971103a7f41aa1307a20dfd4f0f58339ecfc82c35f71,34625
r6upd6rv2_v3.csv,142737555f530bb1c9b7298ffb57209efd1de70542da78ba502ea2d46654717d,35647
r6upd7ktm_v3.csv,0d3bda405c2ca3dfa3c93f9b68103aa781793fbe4b67e833b5aede47907053c1,34930
r6upde3yc_v3.csv,f5a01a2348c1ab725d1874c954cd02c17914a84238c8bd632738bbcc2330c1cb,36843
r6updfprz_v3.csv,76f758ebe69193d298aa2ced814c42c3251e33ceeab3eb27b88a9c23a8095b28,40484
r6upg5hf8_v3.csv,8ac6ce0adb67819f8f7958380ffb5aca7d1eee873c750ab539073fb8434dc031,38995
r6uphurr3_v3.csv,8495f44f57896ecb2b095433e901ff1862c6bf7b4e7059fad25423097c14f14f,62045
r6upjbrxr_v3.csv,5bae630b2ca09f891b998356adf5b888ec2855e6ebb7c4d383ff518e4e98c5dd,64187
r6upjguyg_v3.csv,2d33cc16028020928aa8a129cbf44854ca96011759f8a3bfeb2c12babd387e67,63126
r6upjh2bv_v3.csv,9c4bd99fe2995aa18b6fe817b5bac7c8d67c35c884743c6537bff204ea226cc6,63024
r6upjhe45_v3.csv,51e0c9c0affffaaa91b704264509620abde5bcfa540155a790e0abb8b2454d94,63520
r6upjhskz_v3.csv,066a0310432ac1b365dd8a3d33fa8bfa44cc36b9be9de37a93d3f1074a9d69c3,63754
r6upjhwn3_v3.csv,232a421180c9d6ccdc36b39492245353484f058419ccdf2beba9a4d422642ae1,64111
r6upjn073_v3.csv,57044f5761d549d0e9240ddb1eeb73afd17a27d330e0cebec846ab171c7ea395,61196
r6upjphh6_v3.csv,672be011ca251b9d589275fea0701328bca6061bd54026bafff5c07b01eb46f7,63387
r6upk5gfb_v3.csv,b19cf302420b0eca93506f1918c0a15fe1dc845ad165b8f63618fb65ed9a7361,51258
r6upm17s5_v3.csv,eca843f367f9916efec71af13e27b838e54e83a08acecf8ae0eab3ee003fad75,62024
r6upmfpv4_v3.csv,878b52d82ae9fd76b843645172b4a77f63ff71599c80b40a4886fcca53e7fbda,63971
r6upp0qqm_v3.csv,47bab3ee77abf1747f6f912fb95e674cef735da01a70a5419726edcc137328b8,62974
r6uppjp0d_v3.csv,036a80ae5f444f1686b525cd79b24e970b09b04d94adbff4063b9319b9bc0014,63707
r6upqgktm_v3.csv,30f973e6fbcc4e7754a13b107fa1da3a8c714e4548e25ea2f6eb08884684d7b7,63352
r6upqxx0r_v3.csv,d7f3ce2bbcfff600ab871880f3e21bccc1ad215a8efaf0be36a6095cc76573ed,63862
r6upqy91m_v3.csv,bc612a4fae37eb33b73ece187a9f6c079f489c4ad0e4e5a3796b6b1e2842619e,62964
r6upr1vsx_v3.csv,7ec1955f93d58d15c72f31811525df9cfe99e08ae1a4849e7c6cee3a649dc69b,63628
r6upt16tg_v3.csv,6534afd85e7a377c9c42a3347b9669a0f28c0b12a09c1bab5ffac321a5533d76,58601
r6upynuq9_v3.csv,1b55d30e21b71d5094579c8c2427188bcd210cfd92f053ab1ec862d14226eff7,61220
r6uq5jj8s_v3.csv,243bd680da6180e77e84048642424952a659a8645ba814a6d9b89a69f00e092e,61178
r6uq6kehy_v3.csv,f22af07307f08c40354c940e160daa8d1a604798aa7c2a84cf1ac2364d91a439,60441
r6uq6kwz2_v3.csv,20f82d5a74fa6351b4892143b13a61cf3dc50a84a5bf4b71dbe233e33e4c0693,61539
r6uq8n99p_v3.csv,040d14fa251fc70443b52a3c7a6df2ad95a3e5a11f5ce80ded8cd890d723b7fe,60883
r6uq8tumb_v3.csv,16a463e612b03233aa13044dff615a798813cd36ba12827450463a149acbd0ff,62768
r6uq8w6nb_v3.csv,fed1c51f4cd4bd9eb526c7e9e97ffdc79eb3eb26671a4d929beab91004988ee2,63125
r6uq8wcrq_v3.csv,71eab941c99c05d0cb3e3a2113cc816c766e98022fee8c29ad136c7104346369,63368
r6uq913dv_v3.csv,0c386edc594ef94342c759cb06c4e72131e67e0bb3506d9ce8a0c25ad382a9a3,61589
r6uq91cwn_v3.csv,d8e6b49f9c17409daa5c2ea77564d7108eadd57498edd8dc7e85852a3f60a55a,62864
r6uq98qbk_v3.csv,4cde2d10f38619e93d590a8032f10bbe929605fedae18b4b66172b0b27c9591e,61886
r6uqb9377_v3.csv,ff2cccf830d35de4531f78ac8c87ac5de2c9787f2c72037ba244373374f4524c,63557
r6uqbbprd_v3.csv,5ce0dd9b64aedb1275661a2d5e610fb32d0958cc2fa360ca05ad3f5d973b0835,62469
r6uqbd7xp_v3.csv,444bc7039cf781c7a25420e7cbe41b55b4a19eaa2b896bc51758012f16da5861,63847
r6uqccc10_v3.csv,2cc8957196d7d5bdc28e596a0bab46a87f13dd4888dac2f942ecc0127d3d6855,62232
r6uqdw3qu_v3.csv,88a32972a4cc73704a01a71639ef49e907173ef278b323818d38de8d8903e559,61618
r6uqe2uyu_v3.csv,651afdccd109513329d93202649bb0e82d98790e6990f10abd6fdafb47b86610,61480
r6uqe87j5_v3.csv,11156ee6ff7f17de33ab5ab4091c90e9161eca89b5b7fd9b5446d79be8f4d453,61450
r6uqhh8sd_v3.csv,ca1784b056fba72f1dbc78d1bf1c6f311b18cf5d45a939a7713d258e95409102,61749
r6uqpc5tf_v3.csv,96dcc169ed3f7c724db96e312641a82e27192aa188aaf82a2a69344c10811dba,32807
r6uqpc99r_v3.csv,4c4c3a0ac3fa691bc3d704ea1549a59b03739bcfa9c64ec93f9c449ff07b2b2d,32980
r6uqxxrgx_v3.csv,0b7251c6d4b4d2df2f3a9fbb632a84bc83a13da1dcc495f233b5cb46bbe8a06a,35984
r6ur0dd5e_v3.csv,8019cefbe5195efabe7e029fd49fe339e1a7108126358b1708b3c894bc9e4d0e,63001
r6ur0hg7j_v3.csv,d5a54400fd4b17c9c366c669db872a05172ec2e32b794927aea228367c730402,64678
r6ur259fs_v3.csv,221ee0d93a214aaec8368f010200a3703abf8ace753220243ca8e872d6af0f7b,62755
r6urrwxs2_v3.csv,7bc2348a44ceea9c1ab2883c2c2b210276130c12ef8af8114a59b4cc6b3cd112,42317
r6ury7z3v_v3.csv,ef371a2619dfc8b1e57394b93ce6b2c0170d6a3ce0fa197a860e72f8dd95e0a2,62197
r6urzgy33_v3.csv,a0fce65c1bb69d2ad32e051690bc4a292eaf331efe918e02c509a4db74f015ac,46092
r6urzuhb0_v3.csv,deeac41f79379105b503c8cc95b1c8623bfb185c1d497312866a82d7767f0925,46969
r6us8p7v3_v3.csv,ee00d99cf4b06cb5e5aeb76ad206e7a5b37227efe5b2b257ba1ac563c02bbd92,31026
r6usbr0y9_v3.csv,670c1ebd9e2fab6730fa4816dc3659a908f863e3fbab003767f05705ec46d1d8,30938
r6ut06787_v3.csv,ded0e3c1bb3218733f006eb4f0c0ffe80ca180ec941e156b3a7a9c62cc2b2d5a,31021
r6ut0ppx4_v3.csv,5626172bcd996ad4f6f53e4f5e9a7fe8f50ef64acb724d8f62cbedf923ca898c,31766
r6ut22278_v3.csv,bb9b46e2fa6a338699fca56a850a71e02ab59423a7c8a3d78ff724e96e06e7b6,31379
r6uw82vyw_v3.csv,6eec39fbd570bb4416a1ffe1c1f4fa447a1588593414aeafa73177b8d8887193,32699
r6uw86kx9_v3.csv,e4de19846019ae706b6061689e2137d19322ae7d6b67ce408dce293bab9dadda,32361
r7501cu95_v3.csv,0eaefd9fc79e4678693bda8b4e343a6d4700c79661f0703467836ff740fca4ef,52740
r7502epe3_v3.csv,3307c6147bf5f9833a4943b8aa3d9b8c2fbeace68308af2c815e6a1653182bab,40622
r7503decr_v3.csv,80efddae1cae1b1224882f00326dd769d8c479469955d70e0631f5d39f83fdd1,48509
r750mm5ut_v3.csv,2514ed9f7e5c541808eff6a4eed08aa50f5ae9dba4ee083df22bc0d8789f2d5e,65134
r750n7143_v3.csv,390adfff27b4cd0a2556b95bac17b578afb915d4e0eb1352c9981cff982c3db6,64437
r750nz2zv_v3.csv,e67e5190554c0f896e2c32cdf75ae03f79c64f6af90ad0435077f5087cccd473,65275
r750qpwqk_v3.csv,abea1e1b685d20868d360cc267514e473ee3234012884b30a1dfc252c0bddc0c,66080
r750qr6kq_v3.csv,d14570ab4f2a13dc67a5f53a2b6c761b9c5d3ab60d57e818cb01c079b6df65b1,65512
r750rrtnj_v3.csv,e156cc874acd8a900371f6600748550ca3166d40f9a33294c2b5a1a4dc366d06,65946
r750s1myv_v3.csv,72a831c186712bcb3ce25b50a001dbb6786d4646ecb5cfafd25a1dda3bb74733,65699
r750s3kks_v3.csv,48a0aa9cd9e3c5d6b30488e4117c61f34c78526c2b5c577f03adff4f0fe08bea,65460
r750s8rk1_v3.csv,9b039f1b83e0b5e9457ed61e1cf44f7900a082d070466fd519f00daabd10bfb9,65924
r750ss1kx_v3.csv,3badf07662412ae6340a0d5c3a808a86e1123f7f46372b1124c26185efd57ce0,65936
r750svx3d_v3.csv,654d8dbb7aad24dd30d1c43b728c40504e20bd9a4dd177f09f31715278ed5a27,65638
r750t9zsy_v3.csv,c717f1637d28622635b48cc57dd4bdb37f9ebab2d729deee2f49c06bf01a6a27,65081
r750wphk8_v3.csv,25b962e143361ad7b645814436aa556fc6677d19101b74cf39753d19ef529c2d,65097
r750wur8t_v3.csv,581b167bce9665cdc11b19c1028a17cac81089fc1dfcf2964343d0a4b8078a84,65215
r7513tbps_v3.csv,8dd95bacca7354feb96c8fd722134ac0732604322b80af28ab61277f80dfb454,36387
r75197c1z_v3.csv,9bbe2ed335b0101c56c0c0a584bfa0050d6bf0e32a6f222afadad4df8a4a6e19,35138
r7520xwjq_v3.csv,895ee387ae755337df83f07a34d42c167a42a5cf1a49eb5d069e09d294bf69b6,65896
r75228gbn_v3.csv,ab2fa951495ba50180497a19202475786e4f3849787457390948ea41ae1865f6,65884
r7523y18z_v3.csv,cc9c55ed9da1968d1f99629c83cc81f5b32071398c50d9763f84283101fc6529,66053
r75288f74_v3.csv,89a6e448db96526e75bcdd21526ecd89ba2abad70b7780db78eac5a1634f1647,65144
r75298ynm_v3.csv,07d289979a7d400ed15916b1bb348ba88aa785e4b75164a54a85cdf9c39fc8f4,66503
r752997sv_v3.csv,15af4c34700e040e573e10d050950260c9788daa2960de20dc6a2c6b3f1d5c1d,66772
r7529kkqj_v3.csv,4f0517f5fd7f556ee061ba7be7104df49ccdb69da0482b752d69c3b4a863273e,65420
r752bdrjs_v3.csv,ec305e556f1fa76cc30e098282336402974bf4c0755d109c4dc6dcf31089e4a3,64395
r752cntyp_v3.csv,d5118152bedddf1c1bd0a96a38fa1d905f8af4f6aa6d844cc6e44418fc516fd0,63976
r752f3x30_v3.csv,981388cb6206c175d25c7a1941fab9506b247df7875d46690f343a995a3a66b1,65360
r752fkutx_v3.csv,03b0aa76b078583f0e8c7e3bbf35fc83c2a99884e94997c5508cf13568f534f6,63196
r752n94wh_v3.csv,55abeef6deb8cecf7e0bd9cc64b82996a2622ba86ca8c2e825fc86cebebbb3db,36459
r752p16b0_v3.csv,ad45740ada0347d96883b46ab56105883cf93d5e3e8af911820e74562de29392,35609
r752psejn_v3.csv,b15f39c65c228676c388b59e940fe3013a5cee69d773267076241bbcedbe75b7,34761
r752q0gus_v3.csv,f042e54416a926b112530738edb21af140e918f50218e6a51b87cfda16bb811a,39585
r752r5wrk_v3.csv,08769fc0e405bf396c75cd2501363e0b1f7c498e613a50e5278be19de08831cf,36160
r752r6r9p_v3.csv,5b6869d0bf5685d461ca5650ef3e4fb4419efe769cbab88d7d2df39a00996496,35706
r752rfgjw_v3.csv,59c97dfac20d0bd89fc0e8bb8d474498a779bd0ddf2fe03b2ab3d03838152cba,34960
r752ryy0d_v3.csv,60aa3e5f20c2434007fca62e11e5549e022ec28fad4f4338fae1aec327e3897c,34722
r752vbvgp_v3.csv,2dabef75bba2aff7736035804d18cdf49e104c712bad4c22cae879a5dd2b56cf,44462
r752x02m4_v3.csv,1f91d1e638fab7369db01073c268d620c55201558494d45bbca18974efb483cd,36769
r752xb0t1_v3.csv,54d218981cbd8b8b7b072579f86f009e936ea3fd85af6024b9bde2ee76066fac,35227
r752xg5rj_v3.csv,ef5f232b733eff85ccf54530390007e577659bb34ea8a104be2f8541f5e69e8b,35994
r752xp0fm_v3.csv,97f0f910a1741a222e4c48205256bdfd704afba46262b7f520ae6f1fdb081385,36610
r752y74gw_v3.csv,75446adce0fe85e0d182acb30c78430b5c031fca9b28a932355d23fa4f8419d5,40109
r752yq6kp_v3.csv,4e14d30a3057ab4b7d7f2b62a22d4cb6918cc824de41bc8948364a1873c993b0,41484
r752z984p_v3.csv,0e3a84f1d0d2f598713345674fe47b292497d362f16f97afc0ee3f5ac58f4781,35363
r752zbgb2_v3.csv,51ea046cadc2466a25b009fa7a5dfdc56c9437425ed45aeffdf0e04bcb5bbe64,33909
r752zbwrc_v3.csv,bdbff40d8f35c7fa01d291a094099c22cdfa97de99315fd59d83687254131388,33816
r752zhqn8_v3.csv,8c40a197b61c4980dddfc86965983b131a730ce3d8ef5de610d3bea76d82b7d4,35139
r752zx5pn_v3.csv,cc9031b7a6614b108181716ae6dc6928ff9ba0814b7b8d70ef2ad377df20e3b9,35352
r7530fvcw_v3.csv,8d80aae38c2626addd0503577cee086161b51cae60c82757f8df98e4ed77fd45,64397
r753cfgv5_v3.csv,1c034123d57b7d03bf8984b330fae0b74597012bbe689560f50df38f52618d3e,64559
r753f5sg7_v3.csv,3e3ecd370dde23784a3d2da1b6621df17ee8e7c08a8fc297de3b3c40d048b2e9,63501
r753f7knc_v3.csv,77df1c9854941a442632fa10ae7236605c0f3ff2d8303312843116ee1ead4d33,62615
r753fg8eq_v3.csv,17561623c02fc7208b90003d49e0a85489bf1aa983ab89f4babd464bab543ca3,62883
r753fup0e_v3.csv,0808a7f44ddebc063a4bed5af85752f7748b3846ccaecbd8c1bd2dedd8d5adea,62390
r753qm4n6_v3.csv,7693fb96397d79966be2e49b0ac501d87b283a9451845ed8af3647bd97d3e2a3,45446
r753qsxnk_v3.csv,3ac7343e1017a26f1d107160a0ca5c1b78304daaed8364b7f1422b4243a5edf7,41406
r753r8e13_v3.csv,59a67965c89deacedd8be5c092f3873d598c57f9c5bcdbcd87cea33925ceb12f,35327
r753xpnry_v3.csv,37e595add353c6ac3a0f896cdfc6b005419927e0ae2acf7fe318e210f3d94efb,39356
r753xwr1t_v3.csv,6a21a3557eb8094955451a183311fb3f75ef99596a1ac7f8007bc85d95d30328,35604
r753yms04_v3.csv,e550bdcf59249a40d5506a39109ebb28d030204da9b9adee453d6cde53424d3f,52706
r753zfh3e_v3.csv,f19acd5ca36a146c370d212f7d2ad143026342a968c9159791d89db570556f08,35596
r753zuw7j_v3.csv,091ab6023e54f533dccadec0b457c05fc397c82eb7f6410bee10421233bea51a,35565
r7544rn9f_v3.csv,d7211016753bd650e0a341e096188daee3c2de9a9487b90526435d02f3485962,36907
r7547dp9y_v3.csv,26d74f3652775da341efc8d39727aa4b83920ec284ffad5ee685c58a71942f4e,46704
r75492g7m_v3.csv,d0932e3b3553ab9a7d57c7dfc572140dcded1089984122e01ca0fb48085a9ee7,33146
r75499egh_v3.csv,1d4ffa7bf6a95928bebf4463bdb771babbf505a6afe043edecab28cb5f303a3e,33397
r7549z448_v3.csv,ea0b5a2058ccdee1d81f65822e7dbb222ca3b48347e0230a2ba7bc3694909f3a,33157
r754bbt03_v3.csv,dac6b956fb2e005bbb697fd9c185aa4de9e4aa72cce7ab2552358763702f2555,32757
r754cspxw_v3.csv,b0777c03ad7dd66a0cce6c7c96f0c87f476e7242d48316aaffce7f682a3c7086,32488
r754db3wv_v3.csv,09070dc73efddd9ee289227c02dd9dbe526f58a53b25818549758c5f58579492,37380
r754dnrrz_v3.csv,a0841222f32c6caebfb379665592d491ee280f5b6824731a645c0c0272183b1f,33661
r754f78f1_v3.csv,d70b4a1b1533268ea170d721adb4d84ebffac60d4626d16c1f667b8ca41f6272,33445
r754uwueh_v3.csv,3dd07b192c31b92335720e86fadbf62fec475ad26db0206d7a92dd3155fb7473,48853
r754wvz02_v3.csv,4556dbbefead62ba92cf03b82905e61b35a7a70baf81f8cb426cea07e163001b,64531
r754wyj5u_v3.csv,163d5882d5e37a591b29c30c88306cb2fc310960ea0e734c741ee1d7dfdfd1c6,64148
r754x7n7b_v3.csv,5cf3e1b155a2102583f7ad9291ded1658a72cedb3563f62ff04f549713a918cf,64651
r754zgcbp_v3.csv,c356e4a59f698c3864fb11decff98f95c3437c1156e58f8d227d539390038226,62699
r754zqfb8_v3.csv,117acbe9fc02cef9bec6c572f90029b129a6bdd74cd4a9f92f07c32dcb6ccbe6,63927
r7550u8z6_v3.csv,67cd58a8cf48421624eb397dae7296058b4bf253a282ad2f0a8e66d13eb155be,31959
r75537chj_v3.csv,ace1d67903e935aaa73ed87f917493bc5670e7b584d46b59cecd700ba7a10208,32561
r7554mcde_v3.csv,f0e8834a3048b5a46f609554ef4a035c654dcb63e74da07906e187b49123b2c2,32880
r75593j4f_v3.csv,ccbff36d3834201d21719fdf4dc7c4ec3e2e938206c36aad15351659c451a57b,31702
r755hvn1f_v3.csv,616d1d12c5af8fe83cdbff94e85356451259a1e75cb69ae3028e610a39f22647,50017
r755hyefy_v3.csv,998ef4551603a63ce81471443cdab053db36710998822a656ae88507cc605f42,48883
r755p35u5_v3.csv,b7123b7ef5293638b5dafe5e7b487e738c3ae405f37208af1d0a696190e6ff2e,62844
r755v1c1n_v3.csv,3eeaff989c2837a92165badc44f8aa4faa1c3f5aabc124950ac96ab3967a9b7d,45452
r755v1dw4_v3.csv,069af24ce8b0b856224ba1bda5ab6716a860cece2d83146612e8f877702fedcf,45467
r755vuey9_v3.csv,459384eeb110cb9fd0bd8382c7f993965896db43141b3b8b28c96dc9c66736dd,51020
r755ywyf7_v3.csv,017e5596d520afe5c315cb7557b055385eb592901b5d7fb474d830756624eef6,59032
r7561zk5q_v3.csv,fd0ed44ec60fdcdc3a85e55ece04fa7cdc8428a3d4a645b2e6c55da2017431a1,63526
r7563zqkj_v3.csv,ae8cc3a73df535b7888789014751400a8cf5dd65ff1d1f0f472ec3740d9db20f,62581
r7564e144_v3.csv,0af094d5203d0cb03380c3e6d94a6e20402ee391dfca574efb33677ad8448e7f,64553
r756b2xqs_v3.csv,1ee18b409d0e63d8e13b0d7b382b3a810eff7b88bd4743b448f1d172004a7b85,63821
r756c7gju_v3.csv,616260b1d12e57a3bca05af7ac06c69c5101c04c521f27502984680c4137f48a,62517
r756cpbru_v3.csv,e2403a38be85d3790b79ae05889708da14f72a78ceb895d1d1aa9cce4f1b3906,64906
r756d084v_v3.csv,89f81e0aaf1295a23239b6663222bec0aebaf493b0a0f89d492b5a46c5eedfc8,64092
r756d36cr_v3.csv,d3825a0c4abc1c6161e3c2f96b1f05e6bb9b5c0ec3a0f6ea561a0ff55ed15f67,64303
r756d4p85_v3.csv,1283b4d22c8aff84b79d3ee7c80746358aa97e700995eb63bd986526872d2ab1,64030
r756f97d6_v3.csv,fb139e12740e7c9aa038e1f4f08fa9208417c861c405db6a5ea872c1f3bb1fea,62641
r756fxrzx_v3.csv,148bb38ba033b840941f5f444085a646b6b9e190c363bc1850938a3e60edca6f,63889
r756rfjeb_v3.csv,880342d9e03f9b7472819a0391084f9e77397a241ad3005be7436ef5c348bf60,38010
r756w8p82_v3.csv,6f679e6734e40619870ed2c16a458e68683a3f4d606b9d4610217647edf7aa7b,56198
r756xcp9q_v3.csv,a2493b74a450268576566ade739cba4520ecf455408fbd017d2783596f270d97,39822
r756xt6cw_v3.csv,6cec683dc09e6a3d353806566fa713915073f6447bddbd9ae46733d0458d33f6,44638
r756ybjpq_v3.csv,b2aaee75a9fd502afeea62d10413bf0baf93aa151adacaa6b1f964b11bced033,56174
r756zy56p_v3.csv,f02a8407937c58744f738602968444d63f09875220d78536e4bdc340b4d97866,44231
r75702un2_v3.csv,3d68539ac2265e6a7880d9e8f424f135500aa23e28b9a3d130916a7446b7f0da,64615
r757089vx_v3.csv,0397926c6414b0df7b9f10754e0d1de83021443ff545abba197eeb7bd64c05cb,62580
r7570gqk3_v3.csv,78c6d0c14ea733f53f8f655cc36f3f202634683c0e623d57c72ffa01080c834c,62875
r7570x2mj_v3.csv,7c53e8daed079e7cbd2f79c49207eaa55ece7d2598bd7b7e85f817820cfedd5e,63971
r75714501_v3.csv,ed2a326cc36031cc6e1549bab3aee2a441cec2c605175ed6935d497fadd7fb8b,63018
r75716z81_v3.csv,8aedf5a3294d3263dcae274745b357fbc2ab913265753fbf67ce4a05751e72a2,64115
r7574453g_v3.csv,89410ebf7fe134779c44a550ad40f2e7fe705afd2991b3781e36aeee1b6b3b68,61952
r757n9rxs_v3.csv,113992ed1765790a13366a4eeece28af435464a5f360d386017ecfab981f1f49,59518
r757nm67b_v3.csv,4e283ae1bc3002590518ea498d83a06b9add7e03657551ed03adb25e643e725a,61298
r757nzgzx_v3.csv,f2e82ea8398780ad8333b9d906541987b1bd5ba5801d5d93ff70eb95ac1aaa11,59491
r757p4t3r_v3.csv,aa5ee9402fcf79ce7a5c5793255157d8ff47dd3b1c65da026b1e12c0c6f86cdb,56029
r757pj8j3_v3.csv,bbb2c1d1de625319df0ba6db651e38ef663845634ef7df1f4b954362fe5b9f34,59240
r757pm5df_v3.csv,50b8daa2a255944f2330e12d1f9b93a271b25c0df3486f8210d7a7f67d85995c,55243
r757q0q16_v3.csv,2d7e690bdcb69a21316c4365502eb89ce1f9f0214d20aac60f72541285c131c4,62838
r757r3r2u_v3.csv,3d24e732ecfcb3fef80ab7f99a6eaaa567d501fb33b7876fb2bbdce0901de64d,54668
r757r98qh_v3.csv,ed2bd29fda908a7fa264b6bc173cf497c41a54ff782cc0472292ed803719dffb,56338
r757xw4tb_v3.csv,dc3d4a138c40d339b1a7b5c5b0e96392798783f43a58537ec0202c1dd4de73b5,58855
r757z12us_v3.csv,ae806c09e5457e01706286fb796d06a00c73894f27da753209da02c2a918bc79,61694
r758026c0_v3.csv,55404a4268dac63c858f310d28988b28ddce961c93bec205e7a3287dc89fe1a4,33403
r758028x6_v3.csv,83cf47ec302681da86a560375ee6fbd95fd9b1515f6b487ea7652e5ee4488182,33657
r7583mrdm_v3.csv,6695df741d164260831d18f124ec238e30ecb70ca699d3f7eeb1272699151247,33413
r7583nx7s_v3.csv,a03960a7c31104a1a9f38daa45467172ef4a3ec81b4ae9923b7eea327cb11fe0,34348
r75866vwd_v3.csv,21bf8b5d80c2c7e2b3e3524c214776de3c717a8c64ef08485565b86d26c4cba5,33927
r7586w048_v3.csv,b7a269bbbf1388d0e2cb3d2ba7ec31c041a9df22918295b3f7e8aa62b244324d,33661
r75887r8d_v3.csv,fa3d0828753379c802213503d9527b77793dd462a5344d1894426c8a0148e907,34332
r75887xjf_v3.csv,7c07631891b91a8b480eeafb0b2597c7f1eba244f672ce526a6f06eba08d645f,34549
r7588c2uv_v3.csv,4bcd4e83443ddb2434b464a499731c50f6d71d269bf5db285eb481c2cdd19224,34668
r758bj008_v3.csv,568a015379755874f97cbf25f0e9cb6012002e42e7b42629bc8e6fd6d95bebc5,34014
r758cgp2e_v3.csv,545b2ee922418c319275cbf11345e19ae0182183b4849694d19b28f61c6c99c1,32273
r758cy163_v3.csv,ce7778baf2b59694b231b2544dd2b564ba73d4b708bc8bdc6e7e789764723dd2,32692
r758d3fkk_v3.csv,13801cea722ed222edda30fcaf4a3d31729f6dd89ad96b2b8cdb65651a1490ae,32928
r758ebf4f_v3.csv,3d2b9fcd2f0283290afe7b601c38dff8928f78e00e4a9956aca0d1495003f020,33835
r758epkh1_v3.csv,50d4e0d14698546edc99e754ef588cc0778d49515a85b41617569d656c2a56a5,32477
r758fmtvj_v3.csv,6e4b7c28eb5ab086bae1200ac5a9afc685b111b31fcaf049fb680f00b633179e,31232
r758fphrj_v3.csv,13fca7f3a1059eeb917be4b083bfb42c1e6877f8d0ca9404adf95feb618fdcf7,32593
r758fq77k_v3.csv,6bb4bcea42d524b4cadef53f98868ae24ad392946eca62924438787e073e5126,32444
r758fqtkw_v3.csv,686b5b7ff34cc2ba890bb314c177978fdd34dd1028593c75d5da5eaa34f2e4ff,31554
r758frs6g_v3.csv,b51bef54a65539f5e6bf473049e320b2b24154f5a6e7b10a51ffe55e99d3c5ce,32555
r758ftsut_v3.csv,6b78a913ba1433e4d4aca940602d472ed7c09b54130625610cf2271957284c76,32542
r758ftzs8_v3.csv,06bad77d9beff310fafc47383ac206b27c18c8b19716a260224049fbde95a8c5,32475
r758fw1nm_v3.csv,998a5e6e44fe2cafe3f72e4575771a39646d0d67917cbf6873c113c873844c5e,32407
r758fw6q0_v3.csv,88e79162d9f9e745aad4084ca1f0f266cb708b4c04f8878b9dabbe578867c2f9,32067
r758gx4m7_v3.csv,e2196cabe671a013aef83b18e0f84ae22897f7964269ae897207d256696b0b03,32240
r758jqtwe_v3.csv,c29b4294addf85de8bed65cf0925d5dc5d76436c92783f8b3196d9c7c7f2b876,33340
r758jzsvj_v3.csv,6a0ea633f631062fd69c4cf50ddcf1dd01401e111bbc6cdc963ec9705fff21a1,33725
r758mb56w_v3.csv,2f3f2bbcc31577e2ce12f8c4562280244ebd1d07b1197ed3e7487ba9d7fdf6ac,33843
r758rbddy_v3.csv,017622a4f965e0e4b32ac222c90f60914dbbd04877684dd385a19fa72a65c9a9,33284
r758sp3fv_v3.csv,fabd34a1da17b162262c771a311fe5626e359b3a58821bf1cdf6e4824ec29e75,32027
r758t222r_v3.csv,1195790c171b46cbd55cf32661f7d9c3daa03248a3220acb9008c2a441db862f,32404
r758twhw1_v3.csv,7e06a1234b30a62fb274923f8725d3542c939c4b064163c98fb441b57668135d,32520
r758v3tz9_v3.csv,d2e3a494c953030aab5fdcfaad8a9f6083b6f170b4efc548cced2c40ba3b42d6,32009
r758wnzu7_v3.csv,9f4ea798ae3fdd3259931ba2d7d57f089ade6afe3a33f2b3e737bf897d6702bf,32318
r7590hbkj_v3.csv,e24ceb9b4160a8bda0f0da6d4ec877b7cbdc1fd50b6e73523a61d6d18fa2add0,33776
r7590n3vj_v3.csv,27d8b8247815536ecaeb6a9de63d483537af0fb04476f35d78892a6943473c9e,34330
r7591hvn1_v3.csv,6ce94332b77d7b1231b90f558200636ec93ede059bf2672fde1a849bff8aeb76,33406
r7591ygnx_v3.csv,b066f548f600faf8061047645b0fe08a0173c8deafea5f0515947d6907db06f7,32615
r75925m0g_v3.csv,232e8162ba3851366ed6e315f752700a929a56e1b95bfb7bd544ed7210677492,33780
r75926wun_v3.csv,deeb1f801b7571d4a5ba4ce7cbac6a926370b784e0e8d00ba2aaf8056bf4d2b8,33181
r759297fz_v3.csv,95c0319dd667bae32999c64fa48cfd87e3693d328916343bf94a2c1a3e9c53e8,32918
r7592d9td_v3.csv,5eb027948e4266615b0a36c7430bcec76c4306c6a62f07df3c2b24fa5e969b76,33318
r7592kk6f_v3.csv,b35facb19b619ad6a2ac5f46f335ff666cf47e7e9a33c55ec796b6d7940efe6e,33652
r7592undf_v3.csv,ad5688fcdbb9ecb9b195dfb7ccc0948155978250f72f815902c69bcc868ef55b,32912
r75933uwv_v3.csv,eadf91d9ec479f8f75697eba69503d9996c80eb3ca1d4e86ac8e66e245d5e586,32751
r75935r1q_v3.csv,117169e131a4a970b8f1c341be536fb4ee6458ce0e3f24e9884c8739b9987b95,32971
r7593jt4k_v3.csv,0cc5e1d3242419547753f2d6730e491dae59e00c5335510e7528db788e90ac60,32705
r7593k17q_v3.csv,a49f748a54a6307b4db6f5cdf6e1e8bada1940755bf1e6dc2230e9a42ea1cd94,32539
r7593yc6v_v3.csv,02be79ff99ac4078101237b81fe6a4695a1e53eb722d0edc197c2c5b66059581,32232
r75940mbt_v3.csv,c9726e5664d96584c285664ae5e5d2c2cad4161c3e13cb156d53aa698e011e4d,32832
r759433sh_v3.csv,eb3adce3e612112ab402748c73a6aceeef0d49038f7ac4785e17ac95c67f39cd,32184
r759449f0_v3.csv,b640cf4f51ac2833ff5732f436652c7e4b9f59c858cc4278176c416b4d7bd1b4,31495
r759450yu_v3.csv,2a9ca02b9dccb442bdd4ee5f539d42fdc598a7166ff66aae56ea2f072ca727ea,31916
r75945zk5_v3.csv,19a43dd5c5f8a1b06aa5c6d36cac8f93b43e6bc1fc35875de7c3a2a1b7bb6fe9,31296
r7594z8vn_v3.csv,1595320d055862ab8c3a218ed51e0e02294d4b10c33e81ab2200221c01379e77,31627
r75961k34_v3.csv,8bce0cd2f30db4872d6bec59d77446954bafc5c22a12b33afd00f365a38c389b,32150
r75963bkj_v3.csv,1aeea001f49d80f8bc6be7430243f95783b9c39925373a8f371144f2fb8fb053,31858
r759646s1_v3.csv,251c144e172123736ee6edab14556d794dbea8a5d73ce415faa9ce757382ad1b,32470
r7596be3f_v3.csv,1c2adb59c8b98f8226876774446dc97b33c70c814757f77c5dc3b4e6ee94e506,31775
r7596nhx6_v3.csv,f601217069ec9cc1ded2a0785031de418b0f0e620dc95da93a4c23983e3fcc48,32455
r7597t1g3_v3.csv,b61d5d19d24e7a03bc081fcb99247722c8e680d1d8b8563c9ec12f7f8440e2ec,32419
r7598xsmj_v3.csv,b0f9c203e2cd1963da9a6cc915d436efc6ee3f29d32f61f2d723a920de01af35,33386
r75994rxh_v3.csv,30fa7856ca38dbaad80cccb2ed6db17560dff153dbc6a30f0facc0809357d55d,33047
r7599bvtj_v3.csv,633d774be7cc3106dba7794b45cfecba9a0380bb0a7784bf0e08b44ff4ac0bc8,31691
r759bjstk_v3.csv,d75ed5e564b29778b6ee22220c7a23b4530a750ac7829a2c3e121379095401d6,34530
r759cbd96_v3.csv,53a0aff9362a53e399771ea703dd02e867e382213a1dd78a128f161922bc09bb,32309
r759cchh1_v3.csv,0ab97f9522374b70fcb8e4c3b6ac69bac2657a57dc5ac38cb02651ece07b1d36,32109
r759ccx0v_v3.csv,e7bb17e5c538e04ca256bf47b2776607bdf63bdabb042e9b45b3d500665b0cd3,31331
r759cp3gp_v3.csv,5cd8c0e6c27827a2dbcf393c7c2f160253c1c839319e6a2962ee6bbf6a20a6fa,33775
r759e8c6m_v3.csv,56fbc6e985ababe831e0212b12de8f9e39f73adb96af2b042a24a1d97a3537a9,32589
r759e9h27_v3.csv,3b825e38dbb50babedb8ab3064a1b8b21eb3609323fc3e9a18bb0ca6e293d44e,31369
r759e9xrj_v3.csv,8f0703b5d61f66b8b9686984f06a2088ac661565f23db52e4bc32d4ddb584df1,31715
r759f1f75_v3.csv,5008d83911dd6a4341ba887245b89a4b76841b9c1d6e0625839095f53788aceb,31857
r759fg8x2_v3.csv,2581a884f3e044a708e31e77103d4307f572cceabd527e840a13787554304759,31884
r759fkg1k_v3.csv,de86966d595dee0cd5978690f152f6f761bcebe522d4bf707bd014dd0bb9c7cc,31693
r759fkz3x_v3.csv,8a670336b6f1adda4022030e45e1f53820552919a0aef5bf0d31d2dd8a573fee,32076
r759fmg4n_v3.csv,0eb021347b41827289f624f4bc1b912eb82e5acb97e7d1d706e5ceead913f49a,32167
r759fmkxy_v3.csv,279fcad6e8e2154bdde9f30b96dafe7fdb735002ff26ed38ea2e4cb03e8b608a,31858
r759fmm6h_v3.csv,00abe529b4580b105ac2ae17b2f1eed1dff9d0e613e739bbb17f434ad92e850f,31751
r759ftn8h_v3.csv,37dd73773cd5a142eff4300b62c8e62e229c6e0122414c44147b23f058073ba7,31829
r759fu82c_v3.csv,17801e4ce220c75746b8fe918359887aa20794401509854f392baf86861adae6,32460
r759fuw34_v3.csv,1b1e819a4e7fc9b6cabef470ce1368dea563a051e2687bbdbf70068b8df5580e,31591
r759fx7rz_v3.csv,e60f4c72717f0eee1483f1dd6e3fc2c8ed2a13252244cdbf4ebe4c7fd3b7bb8e,32174
r759m5c95_v3.csv,d17cb1ab12101f09834aad0057779c5680f8824272e5a48745ff8061fc02c166,31342
r759p0m0y_v3.csv,8289b8b5af3afbf85aa87fe4dcb0f771fb16cec0d2931ed2fba88ee73d0cc199,31662
r759r5k2d_v3.csv,ac2325902b6538620b6cb25ca6b76beab3ad07d724e577d35a0fd5a96e4b8186,31855
r759rh0bm_v3.csv,9f2c304007e00cf3ec24f078fddbcca2a5b0001170de5c22da377bc70c047250,32648
r759s1y7m_v3.csv,0f812d10f440096094a156e950ba7c631baf9ce512e2214efbbf85579b578b58,31569
r759shhb5_v3.csv,c14a0b1e1e06a7b4f10649b996fe1ddf252e2e17be081bbd0ccdce93a7a62f5a,31308
r759shm3e_v3.csv,6c5fc13f40c5f16173223cd42fde4fd5cd58fb6c0281c72922d97d748db05ae2,31962
r759shuc6_v3.csv,9a37320c5744e28f71fa4735bb7ebae14aa34a6fb726e98198d20fb40f517dc0,32155
r759sjstu_v3.csv,dd46227a33b126a73c793f124605bc5902e107ae8e0d473dd194aa3b70485a9d,31142
r759thfhe_v3.csv,f2510574cc4bbae0bdad71a4b131b12af8a80fe3e513235a36ffe8dc1ea14c48,31265
r759tuyge_v3.csv,04e4def091d97f86e17848f195aceaf81a5c2c5a2135f48ae510edd344ca77b4,31866
r759txkmn_v3.csv,47b45de23fac1f353efb377bf150b8c5119d6c095d37dfe9d572777f11596e33,31469
r759txttm_v3.csv,34642a05704f8dae65e675e98f0447aad4e12e60b00bfc86947e307fb0fe75d0,31060
r759u5ecu_v3.csv,8750e1c242349ede8bf020b7c05b8ad6a4249091043adc8c24d285a27ed52fe3,30580
r759uhuef_v3.csv,5445b8839babeea8249dc0b96e104da087fc8258854800c28f968f49d4616b25,31048
r759un42j_v3.csv,b035c5eaed490ea5e68e320162b93b651fac9be293793f547dd8d4db51a43165,31396
r759ur6ye_v3.csv,8711a6dea8583c831e50e46e8f585566618af1906e94304d361d267f54c1b0da,31726
r759v32n1_v3.csv,42a0cd2e2814d121a6f03c82b56db82a2ebf76e8808fccfd742384512682906a,32069
r759vuz1e_v3.csv,7d3aa991f9fa31cc607499ea6c46229cb6902f880ad6a41e1613267e95947ce1,32067
r759vxcud_v3.csv,5004e88ca812a4b6d5ab17ecf5d8884a7c27ab5dd10494b0d9bf9351d0426bd8,32260
r759w5utq_v3.csv,e818e329c13d87e99d26435ef82c1909bc8340034bca346f4654d42a53e4e602,31374
r759weu72_v3.csv,686b0116f5e1e3526735d2aef440849432f366712cdf5726e7b8436ef00b18cd,31425
r759wev9n_v3.csv,a6d45b71c54afcdd8de5d167e380a57d3df882438d08c79d808f782dce4183e5,31842
r759wez07_v3.csv,320f3e64b879f2811e40c0358c2e0cf9068bb16dbaacc4298e8a8b63733201d6,31993
r759wf3fk_v3.csv,78e69a6edc82c7cb531826f0f82ae7bcc54d9fb80a97944ee15f14bf965e42b4,31804
r759wg0d3_v3.csv,9c7c3a31ac34f1763ebc7fa6bafa01a9cc59f967ebe3c33520ac437c60a06d56,31601
r759wkvvz_v3.csv,9e943122db28344179bbc5d6e2b8aceeaaa1f3c84af9db4516ad4b22b46c7376,32351
r759xe8br_v3.csv,dc8d01cdd06d878cd40d2d8eb2afcd342297dbdc7d8ef7fb39bd6ec27ebc6be8,31526
r759z2u3k_v3.csv,4e4ffbf401b24d20816b0ccca640a0b5d6d8efe33a7ab92ecb7040d6841a5daa,31540
r759z2zsc_v3.csv,e846ca3c2d51cde04fbc5495688a6e45558f8708e9c2becf29b78c3ce8033c66,31194
r759z5s8c_v3.csv,ddd07e193fbb857c1898931b7433d612a9036f6c3cb5f7dae45b53fdf2ad9fee,31530
r759z94n3_v3.csv,d08b758fffd45a2ccb9d2921168bd597d641bf116963a46d74dca6d2181be2b7,31790
r759zjxj4_v3.csv,c2c17ef702f24c5104fb27230e8357a04949ada2279dadc8ac64e973c0e44121,31165
r759zq5qb_v3.csv,d777127c52d78ed99fc482f2e853b148a06d7fe06c845a0c64e5b256a0e379d7,31376
r75b1z41h_v3.csv,8f21ff1a32c6bf26b9002ad8e423169d642193bbf40ac4f8a348ccee1f6b3504,34001
r75b271wd_v3.csv,503cc9c170c380825ae1f3d67d16f8d0d7cd4507bed1ae3145647b53b6c87b7f,33583
r75b5mtcp_v3.csv,62c61c9519f8953b6f3fbd9cb1ae2f2dbfd8fd97112e151163c9977c10730900,33227
r75b97xpp_v3.csv,cab650a12eeb843b4ed73422f4ca4499fc017d4013490d1009c0d5f2d5688deb,32125
r75bbn33g_v3.csv,1619a102db6d055d84a6ba74ef581dd00a68fd88dfdfdfe4cf1ef9167bd57276,32098
r75bdx5ff_v3.csv,cc95a8ff1b6f926dc71df68295e1670cadb0b4ab8375428e824dcfe24351ff9a,32275
r75bfj2yk_v3.csv,04dd7994170b9d5b6b0e173e1cef4099d3948c522000bb5b0495701ba9b7416a,31791
r75bg81fy_v3.csv,0a3ee8eb3d932f70791bb5b16df878e6e42a40731ba342d6c927d769b4ce04b3,31466
r75bgbbrn_v3.csv,879702e0855fc77bf77ed6f53607a76fd62945770a862ea2d22e4ae2a04f75dd,32281
r75bgc2cs_v3.csv,7daa189da52e3b837709adf275e216319b780e94fe32aa286d52f25ff2aa3c35,32035
r75bgxsuq_v3.csv,20e895471a2f0e3ed2f347d6eb55417258eba25dfd80fba788ff7f031628979d,31504
r75bmw1rt_v3.csv,1593f6fdab7ff8266fca0edc59289240f7e6fc897a1fd506282abe977e073609,31776
r75bmyxqg_v3.csv,acd1db846ef7529694226ccb1cb10a285a7fec279e95f222fb34e501e69a121b,31524
r75bnjdwt_v3.csv,b8c472d7f29ef7c533e81f2a20d280138a78b9f040ea79f1d843ba30b6ed907a,32820
r75bqx01j_v3.csv,8b317883f26f0850909e9437abc1633e958a75a5398e80f0c8eaa93014169053,31461
r75bqzkqw_v3.csv,3e779acf20655602261a5e854c0f4bab478d0f31d7fd6268511c6e4f82b10fee,31102
r75brtbn0_v3.csv,4d45e921f65470c3665d26b011913318ff7d8cb28cd336a23cbe5d10872f0de7,32467
r75brwc99_v3.csv,c66aeb372ba2876cf708718345cd65fdae58129e73bb38aae2d0d5a30ec0d286,31718
r75btcm6x_v3.csv,5fe73c5ca9e20a8a23ae34ed713a92472d4483fa97fbba7bd16aea07c8b338c4,32352
r75bte9sp_v3.csv,7c862d018ae5b892412a496f38911eccf52a88531c857883b3963bb775fa7349,31152
r75btrgmf_v3.csv,e70f383deba6242538a1c391e45cd6dfb8f0393462dd9d5e58e2cf47877d0937,31719
r75btrhy7_v3.csv,ef849b8f17e6b9c22cefe51aa700217ef2bf9b6cdec6325afed854abc06505d2,32153
r75btspbk_v3.csv,475a0db789339f1f933ccac524ef6e9da795165de05a817d876add2c707cac1a,31588
r75bu5hcy_v3.csv,0abcd3c99a1406af9f16d563462028136c2f504d588646f7f434014bdccb45b4,30925
r75buefwf_v3.csv,f61beaad6a3ed601c1f9c69c35a5e21eac581ea7b0c5dcc563eb6c7b948949fd,30794
r75buu8gk_v3.csv,e2fdfca44727d3e1f13e47107c9bd3d1bb5bb682fbda503751d19943cd6fa1f3,31897
r75bv45xn_v3.csv,2ebf7123fe771e31521909843fcf0273b6e445a76c8eb82b51274a13723d3192,31344
r75bv5en0_v3.csv,87050c2ae0313b908490b05abeb3068fd60db756de0bfb5579725af1805d7903,31208
r75bvpne8_v3.csv,6429531b81d738222e17833b3c292e35aa2dd6fcd22d2217a539b6ee7116b658,31548
r75bw2hkt_v3.csv,27363f3b92d26f6a291bab0fd9e825aea04512dc995f7bf91829040c1b898048,31953
r75c0vtkg_v3.csv,101a78b70b85dfdcb2e88f24714722e0c7dcf6cb87367d6b168c2a648435f200,31330
r75c1sfxw_v3.csv,e55f6f6ea852edfa7ee90f180a5a8a8615f4eb178a09c4f5e95f22a519379a90,31614
r75c1sgz9_v3.csv,d97ca694b2c6ca1f1ff55735bcaab82bae99d23f438a1471be02a7e90fdcdef3,31961
r75c48tbr_v3.csv,2646fb6cc76a623e8df8fd3c0ae103446f883bb42642d70e37674d8c66ffce78,31501
r75c4phqt_v3.csv,ded463f8cbb5f258f3307972e2a5c4878ef9b44ee2d9d369a4c2ce1ab7927dc7,31526
r75c54hue_v3.csv,667ed77a77bd9875509c0f7dd3e9ceb3a70fac1f363e26e4a0737ff4021ecde7,31581
r75c54pxw_v3.csv,362c4c3029ea520b809c23ee74e5734326639bf7a242a9eb2b85a57ad59e9ad7,31026
r75c8vf7w_v3.csv,04c12f069dc844b8ba6970ac28f5aef2cd580222c46857ae48a1fad64cd7bd88,31618
r75c9662f_v3.csv,3b2b68797a80fcf2839618f2dffa5c8cf9ba49bfefd2c3735a64404659d3ccd9,31875
r75c9p0qc_v3.csv,c998f233b152a7adb8e292fcca11098277efe837b76b9b70dde8eb80dc07ff70,30959
r75c9p8ut_v3.csv,ef295c22897ebf1cdeb33dd989ed6ede6ddb28f08e164387a95ec3d20dacd2dc,30917
r75cbbfu4_v3.csv,f09b4403e7be597148e59a56e0d01777963b613de5608edc9c317f7e17762e34,31476
r75cbm40j_v3.csv,1970d61a94b61baac644370e7758c2daf1fabc4de31cbe665bdd096e78e65f5d,31877
r75cc4n9w_v3.csv,b8c88ddaae17c61eb86cd350be68be564e280d27dd8569aedba01faeee5c1b1a,32221
r75ccy1fr_v3.csv,52272e39720ee966a7fffba961325a547c72716e13dae9706710e40f971c2275,31821
r75ceyypc_v3.csv,9241f63fdb415872b3f7bcbd130b8df2d8214bf0dd7aca32d62807e2bedc3e20,32092
r75cfmf7k_v3.csv,b9378b70a15507a6aaf23e0de4efb2f4ee6d87afc382a8aee97ca2d2767fab11,31757
r75cjbebp_v3.csv,a8c031018a9cda5ba8c9379bea360702c8331a636dba79368c7b00f4dfc06957,31570
r75cjsdph_v3.csv,74a09c1deb86eb12acba7053e7fc6fe6934ec2970cda46e835d25a6339b0067d,32035
r75ckeutz_v3.csv,a8db5503647e61b5fd00b3d0f105ce30433a04f9d5354205155f4c54b8225c45,32439
r75ckg4up_v3.csv,744269b337ed82227b0b101ddbba3e0c9d7e0ceb50310656a5a83bae711ba0d7,31946
r75cmjexy_v3.csv,d93bfcc11edcd12e22183cd83c46def4c9eb4887e0473ba70336a6601aedcf6e,32232
r75cnyv27_v3.csv,6bba101bd8c26c8fd4fb985b8dc03afc0d61d0cb2602197a6a76fae0f6914c87,31675
r75cpqc4b_v3.csv,2f6228dc1d5e3a1925e4e5136549fa6871d026b2f11ef8c37460a55b1f3e44c3,31805
r75cpreg0_v3.csv,fd3eaa4d42321bd901d06cd7e1b90ef9f34721f1f6e53422b70f8069c0b6ef6e,31463
r75cq240g_v3.csv,93da60ccf964050ea80cf00cf1a531e89d9a877fe63834f2470e71087c995fda,31097
r75cr49mf_v3.csv,33e39d7ab24a623113c63e88e0d8cf6c3b57c8b103749f132bd0d7038f47d7f0,31938
r75csbtnh_v3.csv,d1ece658fff12b99507e11c849344b119f868b31fbe7191f7a5e12dd7af61c43,31814
r75csy21m_v3.csv,02808a88f4ed0b4970ab7341c9d60ac47043a75a47d32b1981f7e0495c112286,31271
r75cu0d6w_v3.csv,a57547e6a1b24ad41e3c088ddedd9e4bd40756067e92c3d1309585bcfcb1f896,31737
r75cw0y07_v3.csv,05d2b42269c2e53d042e11d45ea526800a483bdd45e1a7e60e278ae9e5e1e4be,32049
r75cx184g_v3.csv,46f342fab82bc33792a53269950fa4ec2250be1a5d2f8214721ee270237e6bee,31806
r75czmb2x_v3.csv,aacbb4e98fb7464df0ca24d60092f16013d132921ec4db2574c3bbc8235ca247,31777
r75d0cn8x_v3.csv,50cc0bc1ae07b1e5234eb26ce3e6401d796bacb7dffb0cf75bbace28ff41ae59,33290
r75d0zrsy_v3.csv,8084aab7a43738a1e5c9d8fd200c9dd1e5f8430f5fe783624d625d9c35f6dc35,33582
r75d14hkc_v3.csv,419646d0423178ef9f6aace8380ebb1e550fff547dc46b7a0b92c476e855cb16,33680
r75d150zq_v3.csv,68d8b29865dcb445e84f91fd3d1cd1022126ba672b525e604b5d1fe4a414723b,33546
r75d1rgdj_v3.csv,77ab79875998cc36dc258cbb86ef6ef132e136701d1cd2f50056213a9817048b,33184
r75d1vyqz_v3.csv,b549e9bc59ac3ccc20f1f8309a1825e07fbf73bf7f6860116b42696e5e0ab4ac,31766
r75d23226_v3.csv,416956e5823c8b46da1b1a093912665471cebb5e653b703fdd91194254b8c6aa,36660
r75d26x50_v3.csv,a2b5afe291563be0619318e0d18b5196bc5c1b69b174c2a37367389c2770feeb,34846
r75d2n05x_v3.csv,02b0e487e109d13d25e2a887a4c9ea8872bb8a80ddbbc169541ccf0af647fb96,38372
r75d2p5u9_v3.csv,5cd56c5e300b5271371aeae5fd7f6fb011b8057cd3a3fc1608afe6f1a5218e88,37305
r75d30jqu_v3.csv,5f5944b5746db422d76df69f3f87edb9d99c0d3312660344105766cfcf7ca77c,33480
r75d321pm_v3.csv,ffa6eb59ef85bbd6eca5d24c9f83f6291feac15616ed81e14188757d5fca6dd2,33779
r75d39zhc_v3.csv,fcc85d1f9933680bdbe9b50bdd437c4e39d59e4b0a8d741b0eec424eeec27883,32439
r75d3ew8f_v3.csv,ce0d90997b8b41542817f5dd0b310b4b7433d82b5eea396cf3fa2105707fa277,32121
r75d3fm6z_v3.csv,e8185431f7d68f4bff6f056e79ed6037af7c7b74586acc8ee8fa161d43e10d6e,31709
r75d3qt4h_v3.csv,51e60a4c21aed165134da7548d0ce0d1b0fb3dea226338dd9490e7ada67db111,33026
r75d3sesb_v3.csv,4127f3e33a8f980218049786fa066e57ad288bfdfdc93e6fa1ebcf72b2b2a83d,32627
r75d3uner_v3.csv,0bbd6b842d81d00c24a4c8a79d12d895d1381f4d7a49f11b6f329bfeda6d4eaf,32744
r75d3w382_v3.csv,71e092e54f4fd61bcdda66ce71f17ab59c31fee0d1c960c6a4941601c6e52f72,33008
r75d4fend_v3.csv,1f1d3130c17e9be995ea55c7f3b6addb680cf953b4e2a657f50c518b58ddf92a,31510
r75d4m4n9_v3.csv,cbdbf904fcd8dc5daef820dde8e2ae3a4b6a22ca70c7b3175aebab2cc6dc3bd5,31085
r75d4u4r5_v3.csv,5867ec6209a200d3c78d2862e5d387770941ea27a2586556a4d373bd1791d7c9,31639
r75d4w940_v3.csv,07d844cb707158be7ac0262bbc648572e2e2f934dd32beadf9aceb65a5a7b875,31450
r75d50ukr_v3.csv,4caf1999a85037ceb61acca06030d7253a4ce4a4f3e02ab798b41e57df683da1,30914
r75d55rfh_v3.csv,752cc0cda28a9f9f1038923270b2fb7f7594ba432ed13114687efd4061f5303d,31602
r75d596bw_v3.csv,a63177a3d30255c9ada260ced854bdbde6973ef9e594431d1092df9f5858e520,31600
r75d5pyke_v3.csv,8e37a32c6f926aa0f8dfc8179580f5bdb71f185ae0a334279947a0532cc1e112,32302
r75d5yfu4_v3.csv,040e722833af486c87f44d6d2bb4879b40e8b7dc1cd831a5e3ea74db5ac486ec,31970
r75d61vug_v3.csv,3c84e08a2420315e64d77f1fa0c4b79646d312cbabffa1282d0bb828b0544b05,31690
r75d620jy_v3.csv,3432a567dc1f468872038668dd3516611c747893fe6e4e265a1e2e0c86559758,32666
r75d64jjz_v3.csv,9ffeec0f34a9c729250a221f49b8d52295ea35a1a72594a1ad1cec8fed76bb47,32171
r75d781wu_v3.csv,c93cba9339f539b6fc1bcf42cf4808c58eb328ba08db7ee9e1b5c1cd33e96114,32422
r75d8dj2c_v3.csv,0272e5a8c86decfe47cf3c62b0daa4a673cacd18018e70ec33dfb8e756b90e3e,34663
r75d8tkte_v3.csv,4c8684eee1e33587b0d1e487eedb64c8b70ec018a970093c786dfdc3f8eda147,36465
r75d8w8c1_v3.csv,1eb8161924d9c1fe2a964f17035514e820c85592e29074ebad3c4caea893ae4c,36890
r75d8xwuv_v3.csv,10bece560ff0d66f79dfc6c489a196a3a2bf84539b881339ea2a4655f4e3b03b,35091
r75d8xznu_v3.csv,0561a9035117e5ec8dd403864660b96c3a75fb6c90450d0372d0b3ed1d5b0a21,35401
r75d954qs_v3.csv,ffa17f632862a2a5bc67f61cfa2a4da4a1ac47fb7511772669eb219bd28021be,34499
r75dbb7wk_v3.csv,d6a42e7d22b13f890c26bc265a4f5f2b6c3f0034f033edb57c159aee192d4295,34718
r75dbcbgq_v3.csv,dcb4e31b5ba9da647ad40334605db9b9694e79da6a00de0f151a9f4d07236463,35762
r75dbcd2g_v3.csv,9f18c7c5b3d26b8b960f0c758ea323e7a0a7fcdac34d2a60f70bf5e5ece59837,35057
r75dbkr5s_v3.csv,e8257bae46cd201e91021c7df3451cab385c54ca00570524ef69655e54038327,38033
r75dbv1mk_v3.csv,bab8b62f54f5b569e0fb49cc097a5d8198fec48a499d4485ddd9a9df25cccecc,35777
r75dbx2j3_v3.csv,d8e698eba7394c9e4d8ebaf7c2aef907e030d4a22a0dbc3bd1df2206318a2a0e,38507
r75dcq7dv_v3.csv,903d7ac2fe08577a89c6077a68baf002f4eae213e1c461c8951ca7d5a775b12b,34996
r75dd8z58_v3.csv,84fcbabf9bedab864d1758921f7aa63c502ea51ccf34835f36e155fe3af15d29,31991
r75ddm31c_v3.csv,bb0cb73d6482ad32dd8e7793b1aaf12d54b04315343280507f465e1aaffd0137,33502
r75ddrkvn_v3.csv,6e9dc9a7d6cb585598aee6c22ec25c00acbacc40385fb2ae34eebbe4c852194b,32688
r75ddvfz4_v3.csv,851fab14269e033e0cea6cb21b669e989b7d4c722f740c4cc12c01760a1f0ad6,31839
r75ddxksf_v3.csv,6845214a1f79158192257804a11ec911f47368f8715a1da72fc58dfe1899d446,32385
r75de16mu_v3.csv,e868cb4ab38e712d565d974edaf6acd0a6efeb6118797dbd724fd7753665d5d8,32163
r75ded6kb_v3.csv,a17c51e257944a32b7395c4ab571229c16d99efc5c03eb6863c16e1d9b40851b,31871
r75deeuff_v3.csv,9b7a8fb75b64298e314a4b821e606b8601b5504e57e19386c9510c7c76965ba0,32101
r75der7hp_v3.csv,cd32408f630c0f4a2721bd431c8e95cf43d255617b83c3df936cab4bda39da39,32237
r75derfud_v3.csv,a53524b04674c045ac7490e256d51f09bc3c069d5fcdf8a435ba72c370cfca29,31249
r75dermg1_v3.csv,547cad1341cc5811c034f3ce95519261cd34bcd0981bcf49a3332e37ff8751e4,31661
r75det68v_v3.csv,6c272280f1a21771c6508736678860951d2dd5e30260a8624ea7408a0133cccf,31412
r75dfhbmj_v3.csv,af0061b2df177375039f6d40a9ff0423cbd71e65dc9ad42c542ba138156aa1fe,33218
r75dfhjyz_v3.csv,ee9b1f11330d9489d8ff92162294036f3e17ca1e773898b4c7a45d10576a8407,33077
r75dfn2dr_v3.csv,e1540b6bfb431b9310323a0a920b904d96cb634c92ae33e77608c96e15c153ab,33411
r75dfz13m_v3.csv,3f8188ecea2b78ccdcf886be3b608ae620dc5539d760b8c8577f8f08c33d09ec,31762
r75dfz4mn_v3.csv,dfb7262695cbe82b34c542d68abe45d7859a736fd0595c5c7cfb1f67a04ff0e7,32272
r75dg2j96_v3.csv,b1fa20b6139d410914a135f60db06d134faa259e2fd534c0e71b9eab89eacc85,31577
r75dg6zzh_v3.csv,13bb9fcd0fd32e662dc3fe71eda72b284ed4c8d0d2b910548e09e71bd58c1db6,32375
r75dgbpe6_v3.csv,fab845b7e841d9baa8ab5f7ed8901b4e447ed06add038472339078ea39adee85,31822
r75dgm7bx_v3.csv,d675e6af60d711b159536b0e85c13719036a7a9cd4ddbc1186990f2df39f6fec,32258
r75dh2bej_v3.csv,d62e2599713f84169f803b43bf1a8ebd6cc44da4b1a5409083ba0529cd97aea3,31392
r75dh85ke_v3.csv,b4a2b61e7a848a616e2692ecd24b33cfa4ed8c338f2e4019c090a2ad42ac2e94,31389
r75dhbhy5_v3.csv,e0cb141a684e95350a623a6d8b49804e4718e401a6e6117e8990e4197a5ada85,31722
r75dhjvwp_v3.csv,dc621f5dcbd827947caa47992e23039fff4e24eafe5ea6d762ee451f66990154,31237
r75dhyqct_v3.csv,3dfa661158823b1e0c121a5a978dac9a6a643871c34bcd69c6fc0c2cdeb3c8f9,31122
r75dj0btw_v3.csv,26d8af6154fd1790b837c4f2d06673c5c8be4aad7ac095b26097d5b8f83080f0,31370
r75dj0c7v_v3.csv,5292f782f7d83dfa44707a06adc105a910abda6d10578f03dab5db95c53df6f3,31426
r75djf5fh_v3.csv,0281bcbc67ce022c4ebf3148412a42f3dc0c49e1b64d0da1da773457c42186be,31238
r75dmp1qb_v3.csv,1d100c4459497521f2b215438b0a4b58b464be1c0a79d3c4a464061e04ab8d29,31432
r75dr88wn_v3.csv,53f86a15c75e623b4c379012598773eacbe6ff4aac1c43b11b8833406b6e7c67,31462
r75drwzfq_v3.csv,78f1de460708a691956ce0b0973068589b18183a7456db6e8949622bd04a8255,31303
r75drzcq8_v3.csv,7688a08360346796c2248c75cc48e62b36b86c021e752908708a32e7eba85e67,30873
r75ds0tv8_v3.csv,e081116df88c34a2b522865c898eacbbaa243edf6712a561291ca55d9b12d680,31573
r75ds8h77_v3.csv,9e48e315ad754c360ebf19ed5893d88264754d297e6795a907a2b220cc7ca016,31469
r75dsvd5w_v3.csv,f9bf356233e0fd0dac8231d8ffcce72ba61f1dd7704164e77010abdaf283f039,31104
r75dt6k00_v3.csv,5abcc043816057dd1c922dad40ff8e3329dc4b2ecdfcedf99360432328308d93,31128
r75du20bb_v3.csv,553cf7e695430cf2ff3333a1b6667e443c1d7304194b59cfeac09c4758870cb4,31661
r75dujf5d_v3.csv,9785c9b8cc73864e6b17ec6998a2a094473cc27419983c5334f083360e6cfb1c,31591
r75duyu3b_v3.csv,961e8883f2df35698feaf24c97f18d26e189c3a1bd98ace30b6f27029f6678e8,30806
r75dxftyv_v3.csv,9bd1fcdbf790ddc3e5949b16026b821f56fe5bfef3f5712abafc015c7631d53f,31241
r75dxq9dg_v3.csv,192967851d1c8142a4f806eba72e2d3a60be5983643d476ef99cbb7eef774181,31456
r75dy4xyb_v3.csv,f7e43e6a79fb6212ba60a3bb1bcfe7e50bb92bc01d4f7f3698feaf2c3c1be8e9,31754
r75dz3hkd_v3.csv,28468f683047f522157c49580b154f6fe4b14c4bd701f774823caa19493c8d89,32058
r75dzfvew_v3.csv,9e68177f012e3dc933c58e922352a6a5ba7315092ada6b49a067d653d92d3059,31728
r75dzgvmr_v3.csv,fde6aad3442e170d366828ba308d2503f9ffc4cf44854d0d7c182807549a4792,31710
r75e0mzfe_v3.csv,8d5be233158592c3abd8f08ac56041409e49545ed9c0f89ef7dbd546f859991b,40582
r75e0se6d_v3.csv,b9ac93ea4830adb033d1dc1d0f26a616b323da685547df6c5dbf841b584d3a7e,39238
r75e0yzey_v3.csv,e0135f335b46d49e22b0b20e4a35c9f373b4b35efb9de84c4ab6c296008d9c57,37778
r75e18szv_v3.csv,0bb5d35c4b938232df192eaab399fce7bb9f3149a5e464878980b84eee1b4298,33928
r75e1yn0e_v3.csv,d83b767852ac9b2fd90ee25ddf27f9a3491ae41b13f39e65405688b60714321a,33277
r75e22w1m_v3.csv,ab0f889548088fcb16260ddc8ff51ebaa4179c1a4480da3c6df134271c89be5a,40638
r75e28e11_v3.csv,c181d8bc679430e376c1f31a91a5634af43d75475867358754852f30aedf2b98,39586
r75e291nm_v3.csv,e7a0d04fff0b68d9ed787e37f11812f48d85792c6f1fdb8fbdc8ce9160351e41,40319
r75e293tp_v3.csv,881ae6bb98c9552e73b4ceb89a5cbd6cb83c17f1f9a6649a8ada060d57b3bc57,40776
r75e295kf_v3.csv,624c67aaccf229ce195ce56056c873be4ba36599e86c93ed5f3005c72fd2b2a4,39910
r75e29eqg_v3.csv,3cb87a4d28b665a09c43d935fc009e518443882397890cb644be7194ee957046,40272
r75e29vr1_v3.csv,f8131c44614eae5efba666281e4c1d7e3ffc2787401ca72d14791ed7fe349c4b,39669
r75e2dmds_v3.csv,0fd54446f4e6fdbbf9a0139d8282d8ee8c535d58c1bbc2135bdaade8bb27ac09,40018
r75e2dyq1_v3.csv,c1fc6d761352ad9e4889324239a226875d619c158680edac0b5bc040c5d44a05,39392
r75e2q2u5_v3.csv,080e3265ac01b5854d95903ea46b084adfd362005e00e59747395e9ea39ef91b,45023
r75e2v4xx_v3.csv,bdf2cd813ece71c884c891699a6887be3c4d8e1e43c73076578eefdb961c90aa,40140
r75e2vqe4_v3.csv,5dec6a0d0af7857b2b807fe5d654d547d0e7ef1181f87970f1f7adce2122f6c0,37974
r75e2xkj5_v3.csv,56b6286d3d065bc5278cb789e79558dcb1c6febe5cc5a53493bdd5d6520eea88,40978
r75e3f142_v3.csv,cb5516f8d7035dc7c1464709ef081af8c0dc2ce5cf272cc739941741d9a1c612,34002
r75e3fx8r_v3.csv,f81fda9680608dfe2840e96052ccb310771229e4aa5cf2d5e5b0596e18ee1329,34010
r75e3vdt0_v3.csv,3b719b5c612807a1507d0f3d2fb3320976226824b85db2d95e821c7c0958bb19,33947
r75e3vymn_v3.csv,1c2766940288b81a9447878947f390cf36ffc01a1d0effe71d526a867b100c96,34115
r75e3x74g_v3.csv,c37a2b9fd250c86ec409ee014e2f655037b3a2aec03279ac471688069e82c67b,34834
r75e4c2j5_v3.csv,96a4f8ffaafea05c1f827c6ca0ecd75b8dd7e3bf26335c46e8a432302e35e221,32713
r75e4gm3z_v3.csv,0b8b36082e13dce85dbc4cfbf055d0c9baf7c7843eb4410284b489a7836d8549,33072
r75e4ht8j_v3.csv,b9146a6a63cd19f3d614d1774f549e937710b003ac077d1f8e348f3818e362ae,33245
r75e4hy69_v3.csv,8d066ddf8f1e3f9f83b89525fd6167acb37fd4c0cd7f2217163e697607086b76,32769
r75e5c1cg_v3.csv,0d7a930aeca555d3bdc930c8d0cacdb3986d5fb3af920185ae071ced0298ac18,32008
r75e5ezjf_v3.csv,655274bb95c1ef286316d759c258e14b3f58651f7ff4f36104f1e6aa7ab13a4e,32537
r75e5jwd9_v3.csv,a4454c021756ecbea5d334afed4b3d2a04cd3377746fe44401a3c4f627852a45,32146
r75e5zwkd_v3.csv,38a3c429a3b13ba15474dfc34746fe47f453db6b397bd937f602bd2b209adcac,31421
r75e65264_v3.csv,b2d106fddfecf8d9f1f871dd5e14209738aca8ce1e1e17475c0caf885b022b1a,33087
r75e65vpb_v3.csv,8cbe1078f739ae84af34e6e2c176247b3c702be12c4df18f827588e2b7951c24,33367
r75e6egy5_v3.csv,aa63ba4168a8855e953f7f8969911d219d93eb694fc4dabf51284286c2b829e1,32523
r75e6eu0s_v3.csv,b0a1ac71e7549a275c7a1b632e14fb00ac2a4bfc648b9999d1191a86c574e26d,33441
r75e6hm78_v3.csv,89e8bc547a9528eb6011c7d7213e99ac73fec2c890dcb5b6f579d908dfadbe33,33047
r75e6hth8_v3.csv,9dd2992132e36b784f0c0ef0f10ff698e8be8d0e2f7a7754923df2e95f8ac780,33573
r75e6j8ds_v3.csv,a6c8b562b585e30031ad0503b192f1ae29aec945ecf307f72cdd45978aee3fc1,33777
r75e70k5v_v3.csv,366f4d34ec0d4130600918fcd1cab3affc8df9eeba4aea807ada561277e2dd35,31971
r75e7e7xe_v3.csv,db2c665294cd3b895a15c2c55de944ac6789c579804788f08dcbfe3e8bea0963,32151
r75e7eqxq_v3.csv,96a0ad2b650d6089c0880159c3a13d9fe33453d8f9b6cee261f74339b51ba1ba,31674
r75e81y4n_v3.csv,41e38b731e6a4457dd93a83bc962c85f083db92b2b8f385b3134b3391da58a29,48730
r75e88hj7_v3.csv,6509de080096067594a631486dc10fe1c8fe687cbd071d021f8992d9d7cf7b97,41583
r75e88mkg_v3.csv,2089adb8767ab9787c9f4b19c338586bde36fd344d5701b6652c34eda1c5ed73,41164
r75e88se3_v3.csv,85cf0d49dcf21b10012a747babb309c9bee189b23e172ec92b867bd558a90bd6,41494
r75e8bwqp_v3.csv,57a7ead125d8bedb1bc412adda25dab9ca07a5b055e07f389b8e67582d6c8a2e,38125
r75e8c0bn_v3.csv,2d0e0f47ad051257d470f53049d9fc9cdaaa46b7210938bb8aaadd13e8427b13,40057
r75e8c84z_v3.csv,fb2486d9ca3749890696bd2f418ed663260d0e2c5ed61ef01505f103b230cedc,40419
r75e8g2rn_v3.csv,c4b0ab97cdc682cd535b0057d87dde90ff3c3cc56b4998b42cd54b2c2bb9aae8,41635
r75e8gdbj_v3.csv,0c5346cae2ea255159981edf3c091d05e5d24757439785f70dfda6df77cc9f82,41053
r75e8ry5t_v3.csv,2afb8ba35e74c185f0821892d14fce0eb49f5e3b043af4dec786cea29ae918a2,47458
r75e8vs4k_v3.csv,1e16d78aba878aab729ecb35cb209832ae39e87a52066cb17d1f12210e06f5af,41590
r75e96305_v3.csv,325175c06c0fb8b8860abaf45e44d581c6c9bbaaaacae45b1e7b22a1d73451d9,37113
r75ebf8xh_v3.csv,6553e10813bbd09a3327258d30650ef1a271ad4595a5b69b3f93a18d5bb908d8,43837
r75ebp68m_v3.csv,0823470c7ef6345645069aee2f6cdbe37bc18c2cbd2441a1a1b71f2f1fe73064,55339
r75ec9vtw_v3.csv,4573ed32fa6635dd384453e13529e68461a4c931106d3ea63786993f94e630e1,35926
r75ecs38z_v3.csv,c95697084bb04bc5da52bd553a4a286260ea2bd684e4ced3e37192a8cc55ec86,37821
r75ecsx5k_v3.csv,fcc1044131daff75a28107646265b2165cafa7c5e8152442334a462d926b34d0,36663
r75ecwz7c_v3.csv,dc4f731fc04fe782f909c37269602f2bf3178f585e59ca440d38c29ab2406aca,36601
r75eczyqh_v3.csv,bb00521afdab2fa89b1eb6d6a3b7b5cd7f73204487c0ccd45bd42b867a83d2e4,35324
r75ed5wtq_v3.csv,133a837209e2016a960f26f06d27cb184b1ecbb58bbe15fad4f0801ac6c25908,34275
r75ed7nb3_v3.csv,ff1dba557ac16a0dd2e2ba2545776f358a359cfe3c179387e12aa05775999520,32910
r75efrfyn_v3.csv,24b44fc46689428a29ceadd49adf3ae82b0a44b0e8acc5e9c3353382829d7af7,34470
r75eh6jvj_v3.csv,78fdb52994fb0e64d7d68d977da9c4c4f2531aee259116fc74b4204d17822d9b,30924
r75ehb8yd_v3.csv,28c9b1169094ffe967cc0eedea9e3f4720f4351d0af8e32eb2ce23e7ec274aa5,31716
r75ehbbx9_v3.csv,84381a8fae669cf4ded34e32ef14a3e2776baaaf77daed8c764e358c4a98c012,31301
r75ehbe1f_v3.csv,c17e69e38046b53759d426d055ed80c0e5ab48ba98792b7c07ca393cc5815f5e,31067
r75ehfvxf_v3.csv,bd3c705b55fb71ea14d70111ded31bff73ae883b67a757c7e5372818fac72820,30449
r75ehg6w0_v3.csv,e705f8d7ee0d6b8a81dd96aff081d27ab898df992f59b84c815e266c91ad6032,31059
r75ej40rd_v3.csv,eb5b3252ed0e11a45cd721c6e232f51d2b6a7e1f68cb6870fecb06b54c1a075a,30841
r75ej8g9k_v3.csv,eb4ad2a965511c44569b162385ad6d21a3095d17ab0415d790bb3309f0d1670d,31963
r75ektwp3_v3.csv,25e974659bc4004b2c3c5c705ae4e1c89012856a0935dc4d05f5433e8aba5797,31279
r75emn8bf_v3.csv,9ca925dce35fe7cac4162b89df6514a7a588eb20c50eef6dca70bee049b94f85,31091
r75en2f0m_v3.csv,5737cdf628148cafc6bd66f0404fa2c31dcc96089a00b5737e07979e5e273de7,31745
r75en769p_v3.csv,ef20c77fd4a406d5b392132b529db06f9eb3c597d3074541523e5757bb767638,31710
r75ep21fv_v3.csv,044184f0b6ba5b65acf9a7acbf5fc4d46f9dd4c2a2c1067e84a82cc0aaec194a,31620
r75eq3t9z_v3.csv,f66d8419b7db6743be3d96aef2bb500f501780cc8401988220953ff6352f2ac9,30854
r75es641t_v3.csv,87a069bb854a617be5f809ac947c43c7e36fbaad9fc50e8cbf3c555fd7fbf4d3,32073
r75etgjnt_v3.csv,fa0385e236d94fed0530d809dda8209205a4df3d916913e76ce1fdedde607438,31675
r75ev0sd1_v3.csv,276af84f7fc71225b33b697a5a112c0df3ab25c05fe9a4b6ff67d45ec8d77c24,31611
r75evsx8g_v3.csv,2813e5c532911f30df6e6f7b874ee016d0ea24728e32a24e3e2ee435b0f5039a,30909
r75evuxwv_v3.csv,44ec5dbb5e9babd5c3b27f788c7a5bae15605f093f236cac5a26c08842ee79f3,32009
r75ewyn6d_v3.csv,fee05c84d51fc35eab4652f1f4d0a4d81923cb32c8589c0e5f987fcc0e21325f,31506
r75ezrsg9_v3.csv,bc9c31a71edd0dc3eeec3e3a216d0094d7ad329ac8bb391ce7feb716d3a0b44b,31589
r75ezvhdg_v3.csv,822d2b0aa4e4aff30bbbe89d498e2d753ebfc495dc41e2541972d6be5529f42f,31779
r75f07h1z_v3.csv,13e4284068bd355a8c3cfc0d6e05c942c92fa29e10f13f1b1bb6100fe2fc6d19,31972
r75f0dvw1_v3.csv,d2a5d0acc35186cfdcd5e127c5fa3656ace15573fae52643367b758d3994c8c0,31562
r75f1b0cr_v3.csv,ca42c0f0da9e2c1d8370b370feda2c9942e85589f9f2dbee7e8993ac868ca7f5,32062
r75f1jjzn_v3.csv,cc59a8f6b091cc5db1d9236d128ff50c572d0ffd6961ddbe9409a3c3c8f856f6,31689
r75f1p7xr_v3.csv,0e929a3e03ab5969abd0ca30dc9b158b766d30fb73718905157524e853420db6,32401
r75f3gvkj_v3.csv,de6b7464a3d81bfcdccb40e04fd65595f9b5cdb91d6d26a92a32eeaf8dfafc4e,32725
r75f448uz_v3.csv,74895baf6736e532032336a6e607b252c7309fffb12854f837361e1ef43263aa,32117
r75f47y8y_v3.csv,f508315b850edc6d0743d668c1d5e663aa08e00ad89b05f7e3e8f1f0f3c8441a,31706
r75f4829f_v3.csv,5b02e16edd97b50030218b0484a149b6792a06832386a1e58fec6f706e8cb668,31434
r75f4p384_v3.csv,3d5d1c45a5703f10014b71c318fc51840a8f64e15e0c303cdc84e8ac4f36e1f4,32229
r75f4rfzd_v3.csv,ded7b5841bc6908b93ceca6d3f1c14d93bd293543b9cc6b5c926fa8411e25087,31822
r75f5uhfn_v3.csv,a8c994298b00a691585622c7ebe0b866546b4a95c6433ec8269da9cd8a9c4ab3,31602
r75f6g56n_v3.csv,cb02ce72e37da09a759977e94bb2475176e60a53a246d0a48c10dafca493f3ec,31962
r75fb4t35_v3.csv,3785a387180e9e4c4df8434c9203c80fdf8ce322bd736745042a59cb0fb6928f,31594
r75fbus9x_v3.csv,30361962e271f8ec21efde66571c28624628c0cfeada71f9ea648216988b1021,31406
r75fd66pr_v3.csv,26fd8248cc456fd0b9075c5d418be560aa76cbb30e992505d9d9e62d4db85f18,31876
r75fdtgr0_v3.csv,97016f15fb1440b9b0e85afb934b6bca41daa77900d90c2eccd3dfb7e0e98faf,31340
r75fduyqt_v3.csv,463ca239cbf355bd584f690528092a173712626c23d7df4cd2b13e0282230878,31698
r75fe45hj_v3.csv,18a391826a47f5538ec192df1a1ef472c65e965b8a32f439edd0cb8c5180fa7b,31692
r75fe4k77_v3.csv,eb4b7ead277d560ca75a376aa96a3daa5568a792c305a602a13fa233586937aa,32734
r75fe98xz_v3.csv,052d07d1fc4a3c7ecb75eb617c3edeb479db08bcd20d2dc208cabcdfe5f7636a,31530
r75febv6g_v3.csv,da92b6b2e0c484d749c4681ec42da7e6efd6775415c2efd080a8216e5da99439,31919
r75fejgb7_v3.csv,5b514f444362e632bba72dfc704719db6ae4768c2d4bd14eba11c64f118c9f9a,31886
r75feybh6_v3.csv,e6dd622fbea026bf2aa427ba28b56c65b5344b145a2aa1f48cb46c633405b4de,32512
r75fgbk13_v3.csv,982a132f7f6b29c252d135882b63b92ad549052ef39536818a332561ec5615aa,32364
r75fmmr35_v3.csv,bac55686539c02e568976a7bb56776ea1e6f6e435aa77c8484215270a47251a8,31062
r75fny019_v3.csv,acab1ed41bd8c477b9b14b37237f8b29a7144cec888cbcb78ab54f4913b2c6cf,31140
r75fp25vh_v3.csv,993e1b31364eb71143b6ce6a3d549656496ae7ac2f752639a609c7b5ee5d71ea,31169
r75fuc3wv_v3.csv,659b00e6c10abec2eab0f15a7a8e43bb5967bf6c69769d73a4751e7dbb2846d9,32121
r75fw1n85_v3.csv,183954fdedf2c4786ea5e09bd8ebd0af1400dd2d8e18e227b6fd9e55ed77ea0e,31426
r75fwbc7h_v3.csv,ae73924d813f187b1d284f43d833f93578f6f4f6eb478bd289041453e383665f,31771
r75fxfdwg_v3.csv,4cd0385188970c10eae6012f8dbfbcb32de050b4d5b40b4cb22112aa64d35343,31211
r75fxft05_v3.csv,050d9ae277276b8d1be4bcb175dfee8ba26789178f22cc2708e77fbac61f475c,31951
r75fycp2x_v3.csv,c8b4b31a24f71d5543eaa69c911585e6701b574c4c58f669f5b8448021a32445,31184
r75fyr98e_v3.csv,425706df3db585a220904c525d69d7e8d476b90bd06f3eedb72c30be217ba301,31434
r75fzcf34_v3.csv,6e7372cd0cf1d619e43a35a368c665e805fc7f8ebf34f8f61133b6be5d6445f4,31539
r75fzgz0y_v3.csv,754ef2084c4a863e43eacdc655e6648d3421a9d1bcdf550011bc90132a224b78,31563
r75fzje2f_v3.csv,7ac9a9766a201b42826cf1763e511908185f842b209c37599c6157353de2ba2f,31520
r75fzsnx2_v3.csv,ce39bc8b12cd98c939c48e4f4b5db97e3a5f525632f82dfa4c68986bdbb0b980,31074
r75g205mc_v3.csv,ae58229483249f21da1e7ded1ca60218277cd832c3392a57a727c7a89a115931,31890
r75g2s1rg_v3.csv,21c5e07bd1dfbae151e4bd124679e8297da03b1303e02e5ac1bed7631a15882f,31979
r75g342sw_v3.csv,019aa528e9273e7a4223d7f1972e412583fe7ff4c67766166e18080c5bd4565e,31645
r75g6kb87_v3.csv,d3f347d23efbb5534e39351746df1e1fd4ce67219add0e74a6f7c57a427d0bcb,31998
r75g6negj_v3.csv,49594ad666e4a02c6943da26d1cf5b19224db3b9429aac1571a24068b5984530,31701
r75g6nkfc_v3.csv,40a8088eb7213016ecd8fef44f55d04200bbd855b6045b9c140150843cfcb989,31844
r75gbjm2z_v3.csv,6b558b7e5fe74eb4591b4370c288eb2694171d34eb7f51cbc6e56d312452e26b,31948
r75gbxyy5_v3.csv,cd1959c149caa942ed2eafbb99fc384850ca5015de44f3b6c583984d09d01a58,31976
r75gcjwwr_v3.csv,66a779dfdff9e1b56623472a0e6e2a42e11d2dd67c4fb74604a1ae187ee70c7e,31794
r75gdefed_v3.csv,bebe2d4d15c6cbd50aa0f9a3305ca7197af3103ec552baf989f55e0ad7656a19,31823
r75gdm225_v3.csv,a16f115729c59a525c1487140c42757e0ca6f6d50f5f7b3377d2eaca1b1b2185,32202
r75gdqkrc_v3.csv,b55015d27965acd87f26ee59ccba68e0e43d290c591471ad9f4c7dd8130a6988,31998
r75gfpxfq_v3.csv,5cc88911637f145ec638f5f5e6700c1d522327aed83dc8d90d5e02302aa8249f,31569
r75gfznjv_v3.csv,696efee95ca16d790d3d819e681cc2aa24db0c9dda3933802312e3922aa6f5c3,32280
r75gfzr9p_v3.csv,5ab9733e4e00055b0e4fb3857cea9c8c42529413b7bfdc275e9306b967bc35f0,31936
r75ggeywv_v3.csv,e827562abc626f085d1bd0d17a1886eccc318608602f3d47bc0ee101b12b2e99,32116
r75ghv421_v3.csv,cf218fd65bd0cdc1f08ff3331acd4aab33d19e5c2a15ad9ff7348d5a9467f191,31454
r75gjsshe_v3.csv,576fca7eb9d979d293df60836e50b9d8dac3aed28abd510a36eb3d7ae906c6ca,31343
r75gkwjw5_v3.csv,79297a2a44a2c0d5dcc29532f07589ad8e8630b93773e6da7d53db70e699b618,31580
r75gp6vd8_v3.csv,21a924fc1e199fa7063f4b8cffe660bd5e6968785dae4159d209c4284ab8187a,31760
r75gpc523_v3.csv,59d44b8563bb4e3075ff5cd8d5904bb387172c949124095a9768ef270415fd77,31239
r75gs9wfx_v3.csv,ad7ea5c81caed27e9eae980da4e5718e8b3843be9a17d53825b819888dd5f82d,31808
r75gu21v9_v3.csv,42b345dc825d20d8befd8786969b38c1408ff4574fff3f36a945659223d7e492,32500
r75guwzkz_v3.csv,9fb283c4f8894e4ec153defe09adaf12a450991e1d38ef7d00a23bfa003ccdb0,32111
r75gx5238_v3.csv,359d64a98e1e5cc0517cf7fc0efb96e72762f0acb1ac74256b7f00244ffcefc1,31221
r75h1s0ww_v3.csv,7accd41f614ffbc219321b9fa6d05223156f218819629751670fe6480357848c,32276
r75h38v4f_v3.csv,2b18067a751ce9ba65eec0f3d146bacab859c31fdf9e565dc5397d8697f66478,32912
r75h8squ7_v3.csv,25b87cc04f576f62a92ff1696b5c9ad6b24b19aebaab6e0fa99e269e8a0bd4f6,32010
r75h8sz5k_v3.csv,ed0e68079a9f0502df9c3f63f92342505eb12253bd6a52c858d4623ef88d2dc2,32370
r75h8tr3m_v3.csv,e519ea23d8e0bae35702dbc934e2e9e9f340fa8d9d60cd96d357f7cdfd9ab786,31914
r75h8txek_v3.csv,c8ccff5b02f4194137ec86e63a68aefc3b65eede43274a5c73b65c1f0f484a3d,31805
r75h8tzuf_v3.csv,7ecf1f84b459bc32462f65bf9bb2c3bdd7709c1c9a2965d12293a519fbecc422,32219
r75hhuqsm_v3.csv,0c7f23f050942207cda0f4805c51da8a4c5782e140877a88268b9f9747564428,42361
r75hhzg7m_v3.csv,932472130e0417ab7d6b75d5909755f92464e8129f073865cbc56bccd0cc2d1d,40138
r75hj15xj_v3.csv,61415334146cb7c91a2501dce591f3f6f981add26993048b85d98a49d5ec306e,43850
r75hjqm9k_v3.csv,2429718f6face0747c7f609587d5a8a3c59592abd6fcc91e6819612ba4215fe8,45323
r75hjvfgm_v3.csv,e6f8cd86dcd6be3900346873857d6281e2b9ecbd47f45438d16e273ca53a44e0,48800
r75hk25br_v3.csv,7ca933ef58552a1685b59e9724abdf26a4eaddbafae83b423ed1e742b4d77f5e,35410
r75hm1p7r_v3.csv,6f289fcb9879b2d98533f6aec1c10b1400e29d277da433a53ece4f274ee5e226,42641
r75hmcfr8_v3.csv,a1170a46cb02a003ed037b67b187ab5bbd5d15978780dc14b6525c6fd2983ac8,47458
r75hmu6ns_v3.csv,9867af8db800ec4b5e144263975d4b3782e8fc055a72f2efa9cc6cbfd123a730,46819
r75hn656q_v3.csv,ae265e2b3e4e717f815199d561ac06b42527e8e164c6e3298ecad8b54c8c8761,54225
r75hn939b_v3.csv,670f411e300aca34a76103b2023b755a7e914e61060b7d3a6dbb129ad4ddacdf,57567
r75hnn4dg_v3.csv,aaf2cdea1a6580faf4045331afe5aea44d30ab53025d863e472739f8c786e8e0,49481
r75hqq2zy_v3.csv,77c6161f755208f3284042470037fc42b332e48cccb6a5d91ea37ed205948673,50013
r75hqxc4c_v3.csv,eec90dde462bfe0f20b67f5e85533c7bbae070ceab6b64b73d475d5a09e8d601,51037
r75huyjst_v3.csv,79645382056aa1854edf6dc4eca3bb1c5c5795915a631d45900cdee7bf3183a2,33937
r75hw3fz4_v3.csv,ecf0d866398481ae647ce45763c31eff155dd743f25f486f4017f7d096113195,48533
r75hwfe8g_v3.csv,6e614ebacfde5a616925f156aa55a72eff99f61a7dac210d561a206d4a9255fe,53531
r75hwjev6_v3.csv,e0ac55d8486b263b28ac6316263f74045a370afe8d6f8809102dad9f9c398b67,45927
r75hxq8j5_v3.csv,5e71476da9307ad54de1d32acc5bf1e2855c466feeac001147109011cf670468,57577
r75hxuzf7_v3.csv,f687ad55fac6d84ed0abf48a0bff4505c37f8d05486b459a113a2c6cb74914bf,62190
r75hxzhpn_v3.csv,23e3eeeedff5f3fd7099e397274be3a1e913afb8f46cef38b61f6e6c3a5b7020,62372
r75hym3dp_v3.csv,81a3b688a7a6453552c1f741ab46b1a32f031fcefa2ad9feb82f7865cebf8937,45255
r75hzeupe_v3.csv,984b04d421e3ae71fbfa5fcd4abb0cb75f82e0cc349a98c25b416638ac16d611,57958
r75jkckmj_v3.csv,66d96ed0af44509ab8189be615294be483bd0af932a193ae8417833506a9f05b,32653
r75jm1hbp_v3.csv,2bc090b0c45ec0242cd03de7ee6f1f85cbcb1ee3991b6dca4f22e46cbad70845,33468
r75jstys9_v3.csv,ca20914a7498cd91d1939838a6f6426850ba5df49c9e15ed93e50b70d9a4b6df,32934
r75jtjgmp_v3.csv,d600a6b0b01a74249885c61efb09763ff4dfd932937e3eb637f10178c1a115f6,33804
r75juthjy_v3.csv,56b57ca9925cbe4031771b5e986b611341a6f52c2b3ee9591e155c68c359d89f,32020
r75jutqfe_v3.csv,9e91eb013fbd1a0f19dc3310176f70a8397c03542f1bfe9bb46276f52514a470,31849
r75jvbqst_v3.csv,42974a5d57160dce304939fa7e3cf8ac37a8e5ab1f719a10f4a2cc4786c2ed60,35506
r75jx6yf7_v3.csv,195486c5afe2c4bbe4481c751781a9a661aeb37e1e835392d762f0ee30d54150,49138
r75jz872e_v3.csv,002138141fd85830a57c27e361fe37f513319fe62555e7cef04b9d10e0c9f889,48826
r75k2zmvy_v3.csv,99e69ee8dd046cf2bc173821e537b5772e36478fa56fc9065efb51f23853974d,64431
r75k7wugb_v3.csv,a02f6da678881d4c8e0001393bdd45542a983bcb0cdf5cdd189784478bac0b62,62259
r75k94mf2_v3.csv,e9b3d316622272a00adb0aa45068f2f9795019eeeb2d90344e5a128cb8be57fc,62703
r75kdwcye_v3.csv,e5fa554cbde1ba16eddbedea625e2c04497519e0b2b0145a2fc373f58d552733,63507
r75kdxr4k_v3.csv,a6ac5906cd79cf4304e7301e3f5adfef859bd54b7d4b7ac13723598b1e5d0ed7,63273
r75kftqg8_v3.csv,6856a449cf0ec45d05e738317f4e06686a18e32a27e71b2f64e96ed5c0692f4f,62481
r75kftyx5_v3.csv,13622f3f667bd4d2dc202da62ae0981d0c1be9ec8b61c4c80fa202e9f6785fb3,63180
r75kfx8f3_v3.csv,641729ff3afa4ead6a94af0906eec3b6d5271948bfd943a7bb9f676a0f7bbbde,62340
r75kfx9x9_v3.csv,5ca61a53b8675814b322e44108d740737930c63a8f9bd912efce90e83d0f83ce,63664
r75kmr12v_v3.csv,37c46153121d8ff119ba8007b3a9357f511974c9611cb139d71965558aff53eb,62389
r75knsjv2_v3.csv,6124f6cf4123c34e8ad64b614d32442d4ab05e6c7d28919de40e0afebefd9556,62650
r75knskuv_v3.csv,ac9b4458d7fcb604753f1a6369c0d8a1b4d24e9c2e4029a6c8cace5371f0f1ff,61075
r75kp08tv_v3.csv,60463b81a0eddf9a7e55f1e9e815d9347d75c269715acacc36345a8c4e36971b,61537
r75kp3kug_v3.csv,3c09903ba5ea723ef206a7258eebd79ea0fdc131eb0d4c4b9a7123272320a67d,61462
r75kp3uj7_v3.csv,8890a76281b7ab2eee54c424171c3148da4f9af7f18c3dc5d28c2626065332d1,60919
r75kpw129_v3.csv,8a0c079d64b50207a43b3530a20bb73c63eeb80cab4b52959c2a9338d778c78d,60481
r75krd34w_v3.csv,5c6e6da2edc31d42bd1cce076509f14954c0e4562d560a541682cad023082121,61805
r75krrryn_v3.csv,877060ac3bfca00244538de49af027b850b932f6356b942fa1b301940e88f287,61631
r75krs0g5_v3.csv,bd5a9af4b21cdd4f47e537ba0bd6319157046027a4f7bb65e91e07edadf51884,60407
r75krs0r8_v3.csv,c7e7e922ee25fb79ebee515396633ccdd6c258a3841a8f07669a7d4b9dfc0b63,61100
r75krx36t_v3.csv,206dd607989c452094cb7d6bba96e3da526414b1234779d57e3295040216c607,62114
r75ks08gd_v3.csv,b69accee5228e39a09c2c12c8d6f2d8007d8e1350714d521e51c2eda79b924be,63282
r75ku6tdp_v3.csv,240bcf196cf97276b3598959cfa67b677d9275bd9234e9a3df88091ebff9f8ef,62011
r75kup3gg_v3.csv,f93b62878c605309346ca750c0f7cb3c3cdb7a3f7a27cee10b1f2ce4507c84ce,63797
r75kutv38_v3.csv,11ef5fd7047b50c43092ca8af0f1eed0faa590309115a8553597177027afdf9d,63867
r75kvhdb8_v3.csv,d4011b85c83cb3f914c198c3b963a022bdc980301dd3215a2fdc2083440331e0,62241
r75kvy2s7_v3.csv,77fc0ab4b76b67eeb57920bb91325bcb9853f941e1047998a0081a4235679b96,61953
r75kxfvuu_v3.csv,4e570c07c97d419d2e059424e94949fd8b23f4a52323696a160d64c87b6fa51e,61701
r75kz76ph_v3.csv,58bdf93e499e564aab81b6733dc3fcdcd42ae9125d2dc61b38a18cc4e1eb92df,63174
r75kzgec3_v3.csv,3757e42ab370e1380f49a986725f3dda36576f028614cb0246a4b08cc303b3db,61969
r75kzm0up_v3.csv,4ab25ed2cdf025153bf376b61b43cfd40feb499c92bbda560c110cd12ed4f872,61809
r75kzrzcv_v3.csv,9c30b62fff01d4fafcdb8fd0e9c281a9de565d55decd0e86334e102a6c679878,63337
r75m5ppm8_v3.csv,9085f44c5fcb7605327ddce153acf54659b3f05ce0544ef462ba0407ff9da3c7,62833
r75m8m8h5_v3.csv,c1622921405586928ec387ea0502be12e2c5818291a8c0be21a2b55ce4a3ec93,57319
r75m945kj_v3.csv,6dc5285424986cb2efc05e1a7bc2194554998de0badf48d078ed735e8bcfc3d7,62238
r75mcbny9_v3.csv,86edb47e9abaa1e76cbab262d61b0034de11e57d472405e9f8e7a72b96ae903b,62943
r75mcbucr_v3.csv,afad7e47f7a7dfbc69577df3994b966b0ba9893a43d74c11b738c643e430965f,62389
r75mcfvuh_v3.csv,5c3ec9b319bff0adc32e9818c64e4fbcd762b006dbb5ae995edbd9a289c01429,63400
r75mfdrnf_v3.csv,a97c8e93791a356363b226fc9b4f17c3eee4c4fb84c227b92ed83f4a689b1813,62897
r75mffx9t_v3.csv,a2b4ff0414e531dfd560461f225b737262cb26f9e16e370bd9c27e0766da0a98,62924
r75mfhjpy_v3.csv,174d09bbb0c7edb22fb146a300f930a66e53354f4b8c4737fbcee94f9bd50fd1,63054
r75mfm64c_v3.csv,bf7222d13f54c5207f9604ce3b6c0799473f967c4552eeb137ac990895faf6ff,62779
r75mg530k_v3.csv,0c3a61b5218a37424ef3636237bb828439de91b926bc9b0d0b249631da580a48,62810
r75mg5f66_v3.csv,913b46b4240b8736e231f0f3869697b7ed80f469a6e6b881dc6aad6c7f24f889,62910
r75mgnbpm_v3.csv,80ffbf57021071b14c93a32c8affb468cf2b2e5f6179d9c87ad458509f7b02e7,62076
r75mgnd1u_v3.csv,710a8d2b904944532c896102e14150242d8da336cc6745f7ca5a49ae4004a708,63107
r75mgntp3_v3.csv,54de40f87c79051aa2a120d6733712e0c84b055060d5935fe631e6dd4b2a59a2,62677
r75mh5udy_v3.csv,31a49abf6e852df773c3ed04874b71ea0adc35c6fa4134d4427d8ddb6c7242b1,63673
r75mh641h_v3.csv,7ff49eca294765ae245e0f5dc4b05ca0277d98c291d13b1d371b09b25025ab8b,62509
r75mj14kk_v3.csv,d5bf91f70cdbb62d1cf3188930daa032e136cae4eabab885dcca5d524b578ef6,63558
r75mnf8bp_v3.csv,a22a0a9f010f877d3b19e3d4ccde93b0413eac3886c4d9c24b71233f488ccfa5,63300
r75mpchg0_v3.csv,2ad4fb1c908ae6d93d23e87b336b5cbfdefa78e7d96fa6f6e6612c8478d123bf,63916
r75mrcmcx_v3.csv,0d80aab342e01598681028125843e5a05383002b9f3a6c7d14c9560d60b775c4,62633
r75mrgccz_v3.csv,abf6bb3cd037263b2b2cdb1d17a1dd6ccf660d8bc570e14401af38a024d40aa4,61807
r75mrqx4f_v3.csv,29b1b75aede3cdace187c52bb246cfb3c0f57b5ba897e73dea086a77e89aefd4,62232
r75mrwb4v_v3.csv,5602d7793ac6610d58457b1bcbb9003cc8a67b864ab9dd23b9c3cd62332301aa,62205
r75ms2xye_v3.csv,990b9dd74d7ea112076bb2f560cb6adadb086ca1b750b8d7a5dbc0857c3c46bb,61846
r75ms3p3d_v3.csv,5a3d76839d6b0c847faad8bb6c2578f158e07ea537113e07c201680b3827724c,63477
r75mv4z7j_v3.csv,b074257bae870fcd1cea436029afc155aaffd68609b167dc74d3f3783f0e682b,62767
r75mv5n5u_v3.csv,c85e16d599aa3d4d301e270613ea1d2364a41626cd22b28097a71df29408a2b1,63124
r75mvc31w_v3.csv,e310ae16daa71f660b4d09c96aec02df60fb0931a640f3486ba90d8334ebbe83,62711
r75mvs0uc_v3.csv,8e4ea5761d6a3165552f60a3605c115a7384a36896c36abeb484ea89fe838cdb,62556
r75mvxg1m_v3.csv,d6b54106ac5b8543a2143e7614da08c274b82d4f4cc9ca1e99a211e422dec6da,62133
r75mw6j7u_v3.csv,620e59c60627eff3e83f06fb97382fa97a92b3c1d7bd1fbff05822b81b48c3ff,62621
r75mw926j_v3.csv,a6a3c45c99e68d89a1d19c18e0cf46aaf3e785fbdb79218f08128f01b9d8c0ad,62266
r75mw94dp_v3.csv,f0467401e27724c67b2edc9a8b012372af0c2fa59c053ef751c41b0be27bd35f,62933
r75mw9n76_v3.csv,439756abbf7498ff751a830732bd2265152718303c6c0dab90039fab4a197124,62630
r75mwc1yp_v3.csv,1708107f0e17603a20ad13270df01d9423690426d7ca5975149a58b8feb1a78c,63782
r75mwjh0c_v3.csv,b4e0937f7cb2912526b60a60104fe9d3faac49afcd023032ed059e85d5474e07,63532
r75mwjude_v3.csv,ee00d94075dd376f90785acc66a5aff57145dc1460d46790bcc6945145e3220b,62207
r75mwnfbe_v3.csv,36e85ab1cff621b317fe5c1cdcdff10ac374e28a76618c1979e9af4ec8a947ce,62860
r75mwrbuv_v3.csv,500244c40bad3a94ad8635798ab604184818b028edf577f0bf5eb7ad41e4d351,62335
r75mwz2kq_v3.csv,ec75a7f0a9ddfe671baf3ffc4f1d545dfe17fd4c8a9a9d038c9fc922b2b2f480,64416
r75mx0ttb_v3.csv,5494649d6cacc894d4229dcde9a84566798aabfb665a147970656fdbd8efbb1a,64326
r75mx3s11_v3.csv,9409cf0d991b1e882b38f913dbf0a7ee737de858992507643885970cd45aac93,62260
r75myus1x_v3.csv,b8d6145cbeca72bab026d7c4e86429093c1641aa546818c84f19b18aa28747dd,63323
r75myxdst_v3.csv,b591b6b5c980030232eafeb5dae2d875fab9615cb5f4011bdeb3600cd0b17e94,62554
r75mzdq2d_v3.csv,e08fed74027d796875732a8c654624496b7b4f9a2a0d9df148c7788ebe942ab0,62311
r75n32pmp_v3.csv,ec0596bb2831ea3904be499740747f0939a67815e107302943274f35f352bc3c,32408
r75n35q2t_v3.csv,ae9225c9e79ea3601a80cd04953ebb68b2c08a9f3ef58b4a75f90a98e0cad444,31893
r75n8uub6_v3.csv,ccaad541969679c97558766737dd68c9ae21046540fb047f57e7e76a45790a15,32536
r75ncfsqe_v3.csv,00a77b9b1b1ed0d1e62fb99cd603f6d62d75f57365b7896782373e9f1ffa58a5,32134
r75ncgh4h_v3.csv,8d807636912dd8e519f7b29f677ebf3b31d575f33ba63015a8f90fa4ea9748b6,32242
r75ne0u35_v3.csv,a73eec7db91ed2d919e7cabfbc9a145c5a78394380c23b8259bfc248fc37c3b4,32283
r75nejkjp_v3.csv,7966271921a856782277250d8637199172809e563c83d64038f4b3dbd9f7f20a,32145
r75nfytcw_v3.csv,004686d06de0da397ea08eed411d66282fbae95289101e38585fc5969bbec0af,33623
r75nfzydc_v3.csv,0d4f1a2ce175486e674626e6288f7973d11392f8a9bbc2cb2dca8b31829b20cc,31910
r75ng31f3_v3.csv,03457bd24fd3071e748e90a851fea745e879658690d1b924661f57c7c3a324fb,32164
r75ng7238_v3.csv,25fb6c370e5fcc46299fcf3011838a88cef1a20c551fb22ea6cf849109242fbc,32779
r75nm4mpv_v3.csv,576f03741614696315b8143c3b877feb694ee20337f0bfafd3b3f2cb3ff3fd08,32940
r75nn7cfg_v3.csv,2497198237c8fb90421b9a7a8e944e255956e23b959adb76776dc051d4d94b96,35287
r75np3h52_v3.csv,aa2cdb9513031077daba1a4acdf1d68b777b13092ae8830438377bf37e410f13,45422
r75ntr5f2_v3.csv,f8e255d77d7c91ad268e99cbb0debb6acbed075c8119c5fb933ca8d80eaaff38,32063
r75nu6jqy_v3.csv,9363321358294153244734e26d507e36b25ea934c31aa44c1e654d69378dc826,31800
r75nuuuzw_v3.csv,0d5b7b3c98798b37d3b328f985339c96d933b3a6b475fc990568719cea589d34,32444
r75nvxfzt_v3.csv,f2674b421ef1eb52d17b9428a3ba0d41bfcb863354c7dc6186f6490634c6f781,33326
r75ny26cx_v3.csv,19e2e37b007a8e941c89b683dd7e38551f37ab8e2463ba52762e0db2ffb9108a,32247
r75ny2enk_v3.csv,62451adc32e8d3004fbd665228cddc6a735a50594da89055291f68b2555ecbb4,31837
r75ny7d3g_v3.csv,f0a8fe89fc98b76125ef482ddecaa7f22e029b49b7da0890c6210d178f10bac8,32895
r75ny7wny_v3.csv,75375d42973e690124764da093d8811b649549af9fe396117e916613e5ab761c,33221
r75ny7yhs_v3.csv,184519bde8c09f803f4198af185853d333181f0a9f3c86364ad4e807ccff4833,32985
r75nycrru_v3.csv,486a956b09dcfcc4018755a71f8fdaf96ea651f5441035fe13649e22de443b9b,35056
r75nydc2c_v3.csv,b8fbdf35f7c4299a1fd8fa5b18ea4d710aec871e14e9d335ec982a4f00bbdde2,33648
r75nyf3zx_v3.csv,07e0fe4cf5b5f2e39a42bfdbfcecc5b64632e1df5e3d638edc44338d4b3553dc,34382
r75nykw0w_v3.csv,e761448c83c9793dcbd9efd4d8a609136685a8c96849ff0a249d5e596db8714c,33542
r75nz1s64_v3.csv,ed2eae27d7226dbb21ba95a47c1806bd5480c17a57f72ca848de73a6aa2b8d32,37007
r75nz2gu7_v3.csv,c8383f865c6fd172c1d7d7f043ebfe1868b01dfc628b782963edd6e289230e58,37915
r75nz2y3p_v3.csv,81d485da2709befde2eb7c48bdbd4f6ed10e476c912b66997b220137408e982e,38939
r75nz3kej_v3.csv,580daf689648a72a8e7d88ba38465be111952780983678227fdb6a56e0224408,38375
r75nz3p0v_v3.csv,8252ba2157b460aada5d7467bbc67eba25357d00c4503b789bc1b08c9190e913,39311
r75nz3y15_v3.csv,73a2f99ab78718a342a1dcaeb0916c8cda6b77cf8fdf2281ed65070ddf2dd958,37300
r75nz4k05_v3.csv,94295fce662e27626ef400adf225783cba32bcd70ad5a2adb378c96dc5b9652b,35746
r75nz4r7d_v3.csv,02f86c2c6178044d1627e0c79d38c1c15aec27afbb40653e51d53ca8787898c5,36675
r75nz6tvy_v3.csv,d0d15905dc18e3b84b3f65130403b1b5961fc51291573d7a25685e81993dd2f3,38261
r75nz8c7x_v3.csv,9057b9b2d00feda208b2582f228d592aac2c514e1b944975457818029c460b48,40120
r75nzbnu3_v3.csv,2f4de21db5048d903905afabef051a431cc54078be1c33a75130fec05f696454,45074
r75nzd240_v3.csv,f6b4d56b0dc7d68384a6126681fa545138723ba48cb28f0d52dddbce7d4915cc,38868
r75nze143_v3.csv,f6f540cccf7923929d0c105054b114ac88f913cc5ecc82a49be351e935782a3d,38729
r75nzk6x7_v3.csv,85314473b8553408e9a4649794e7f95844a3923281e65a2686beba01951c1411,36323
r75nzkc81_v3.csv,442657c896f92ee3375871d1a6e8d7e9caebf9d4c2da7cc347ca1c34840fac1a,36123
r75nzntzr_v3.csv,030dab2e80f4a4ab5294e8a7870289a0433ac460268e83b8bdc3cb4be6cd0774,35008
r75nzpehe_v3.csv,0be157e233acc1e152a720b06ae1fe3746b8555bd15579f55522178da964f8ef,34384
r75nzsbj3_v3.csv,2e8cc7044d46446540c6e297ecb2f7c0c22b5f5ebbc914d1fe280bade9bf072e,37792
r75nzsp7k_v3.csv,4a5c7fb45ff792ac4f2381b097325ff1079a85b4b28f5a445a35932ae64d8783,41286
r75nzsu1n_v3.csv,10580fa5c05c0312994abe85a9611f5181877b9f6aa2215de92974bd99c81800,39830
r75p0fwug_v3.csv,fecb263028fe917dffaa2c792f9311f6f4ac42148084827b2a74e70b0dd1c983,32421
r75p0txpf_v3.csv,f2373eafff6bc7e975897c4d3983e2344bba29af5ef99bf07f5a1385c33113a9,32630
r75p0v6e6_v3.csv,8b4e8dfe8139d107a7d509c6a1851558a8b236f9648362193a94c0db47242ce6,32152
r75p0v9m2_v3.csv,a81262f7c77a812783edbfe2344009ca43b884908838f6bf827c4826535bc42e,32557
r75p1mkug_v3.csv,0cbaec6d7b47e49c4f01a8097d7a5403f4bfca51bbba911c83fea5a5d3c9306e,32997
r75p1nj7v_v3.csv,ede85a085ac2bf6e343b6e39f51b9168407a2aea3c2bc70f32c54acf558ba5da,32730
r75p2bps2_v3.csv,9bb9abe8cc1df0cfd307a46892bd18abcb45b7a3197d5db04de2fb175df38555,33415
r75p2zhun_v3.csv,095ed9d4cbb7cda701dae4388c81d113182517deb3c2c4a531f65b803c85920a,33238
r75p2zuc9_v3.csv,f2baff00ce70ed64cb8d4fd556acde9f08a3221bc15c345c99319454144226a4,33505
r75p34esh_v3.csv,b9b7460c643402756c730e4ce2bb7a9315c06f190c6091de968c0a5eb81c3119,33467
r75p37jg3_v3.csv,ef046ec45474fc7133ccc3352b90f84836a7a6fc552a45307d7ff042e13735c5,33170
r75p40jbb_v3.csv,193316744fe330b3a84855ea81b0916e11fbce51e26adc736fb2ffd75836d401,32753
r75p43fsb_v3.csv,acb167ef4060305640a5fa6bf6bd262f77855a768976ea45e9c8caa3238ec651,33066
r75p46dmd_v3.csv,6481dc56d0a9eeca266159c317c59ac43c87b701a4d0108686d70ab90879e5c0,32702
r75p5608u_v3.csv,a37b1a6969de3f19a6f1db449d9bb7be05f0479a1c7ab9984d5b583cc6682df0,33116
r75p6p4zb_v3.csv,2f598e83d9f50d88921945b862d4ef145fd840fdc8e93af1a1e57579980c59e2,32961
r75p6r8gj_v3.csv,f7e788737ae127c28ded79c5e3a02a454701b5c8785b40e2a03987f77d233683,33412
r75p6wjps_v3.csv,b6b7ac2090f12a85e713c6a1eb0d76ca3167a12bb2a8c22d3d610da24a191fd5,33954
r75p7mn5w_v3.csv,2eef44a2c62a3684471a709851869dad91ffa30c2f2601457014e3ebd8d8f789,32991
r75p8gu1e_v3.csv,81b2ecb0a444fb42a9a6938feca5b7bace0bc5b4139edfd7523b65cda7c74085,34093
r75p914g6_v3.csv,3279ec073d01b9d220b55eb8907752ca6b8413f50c835f78e53e10f90d2b88ae,33331
r75p92x5z_v3.csv,1eefb37e567650a8632f54be3d4211c5702e32b2f18090994b9695d169e4de9a,33734
r75p93bqd_v3.csv,7a8da95c9b13f03c65d3b8941d4230864d681e66c6ee510f65d4d3abd471706c,33013
r75p94mmr_v3.csv,1d4ebe13f5c79acab7d7404526fa5b65e670f6c09c5bda1204d7e6ea906e60f9,33257
r75p9d0sv_v3.csv,655fc9f656ccb81d19dd7044ed9012aecac4836180d4dd8680fd8d75ae45f83e,33587
r75p9dutw_v3.csv,4fa0cd1bb9c3dd485ce245300e39b50654ffa433df7b25b599f6639859501000,33914
r75p9edhm_v3.csv,0842910fbe4d81c4af4673f77240125b9b6178e7206e57fbf0c6f72a3bc8d153,33782
r75p9eth4_v3.csv,d48d88e46bf2789e68c5232e11e18826537738f80d0073ffa71dc2b9e859c3bc,33467
r75p9evgk_v3.csv,359bf1b92b0f3184d639fe9a4cbf415cb8ff15bf6fd3bce9f96052fe2cbc12c5,33574
r75p9vdft_v3.csv,b1ffcd087cf05ca59d7b5eb9d7746aad1cd10bda034d0f4cfd9a5262aa7e4f5f,34363
r75p9y7e5_v3.csv,2db2ba79cf12a246a7d9ec5420a26246b009d932ca6f4515e866d3d2e923672a,33902
r75pcwjb7_v3.csv,d4aa223960d6a6690c901cf6b35ff0ceabf0cf3940d2adff7de156f8d4050556,33937
r75pd8r6z_v3.csv,29dbb5c285ec88430f3ae05765a1f2390e1f2084ec86947da951405a504bbbe7,33621
r75pdgj1w_v3.csv,53642c2dcda047f98db4839e1fea1a422cec41a35e1db9e14bce92bbd6461a62,33496
r75pe3b59_v3.csv,bbde86c1a5fd523800e8ecd42deab3403f1cb8f73e2990ae9e70ae4bfacba6f0,33402
r75pe809z_v3.csv,20d02aa541bc7a63f17c6b287eb55ffb0f1c5a38662d9bcd0171c7700f222c6a,33808
r75pedxb0_v3.csv,d5dba9abd3b2ac61903cc49c66ab85acb1c650c2748336bb2a83cf4957507a71,33674
r75pek1vv_v3.csv,2be687d7164a6fafaeceb615f51eba34ca512d1939d054360589780969df16ee,33125
r75pf9e3u_v3.csv,5455426c6dfddf73c4059d3e030ff2aec6665057a115e11554976e53ef187b48,33389
r75pf9zgw_v3.csv,1951590d4c7a480879b5142b2113cd6a405e1860f4fa691caaf58748ea3faa68,33505
r75pfdbu9_v3.csv,18ceebf708e2957814e46bfec0229be49e8b0566365d7c7a175ad69935385cbc,33305
r75pffstu_v3.csv,9f8af0e247a000fdc0f2bb15999baaf6c048cec2edaace90a837f8643f901675,33122
r75pfsbqq_v3.csv,04fd42fcbd5ef963b6b457067171706919fcf9d8b6ab23d4234663f041c528bc,34407
r75pg52sr_v3.csv,f7acba6c30af26f550ba5196efe566625099fe0c343f30316c6225887ed049c6,34087
r75pg58xk_v3.csv,d25c08aa243a07ac4def8ae39eb358a3d22fe808dbcca24b594058f2d6d88c7f,33637
r75pg5gse_v3.csv,5a49a0edb21b60634b2e21cb8e8f2587b5ce2c5858efb348ab8630ed8c3baf01,33961
r75pg5kq6_v3.csv,503b19035617a112b8188e1c258bcc20dbcb0c0c6a6a41d12bbe40f59add4d00,33115
r75pgh7sv_v3.csv,4aea0616db8f01b3a4ea9269227d3fcde0ae2c5cebafb05f3464dd9a2ccc0162,34041
r75pghsju_v3.csv,56ebd00b07078a9431b94d380d1c9d645b6044aa8f2058f1481fe1bd496c45c1,33178
r75pgrp67_v3.csv,22371d046bdcb85f086c8889087de9e32bbdd0dabdeb43aa0a8b0155e42cf65b,33386
r75pgrrdg_v3.csv,81e4351ae6bfc2bd92e85c5752427b9a324d32ed26cd62867f2b25f0f9289158,33284
r75phc5m0_v3.csv,af1ce7f01d0af39fcc54f85c33c994270c5fc80539b0323cf315883d51f95700,33181
r75pjjt27_v3.csv,47c8217b808f11a957e288c589716948539c0f7cd669e5133bb9bdf3b33a6e37,33037
r75pkzrfu_v3.csv,3f5faa4b8cfa425ad5f785b30674b633ea0656dd04cfcc6e595b27ce296305aa,32968
r75pkzxez_v3.csv,6d7ad8862241b72271c238e1bedf551643900485426f48f4136b48bfdbb66515,33109
r75pm1z7h_v3.csv,09d5ddc8d7ddcb2a4bb2915945032e00194530812565c9eb45eb81721ba7bc5d,33185
r75pm2yj7_v3.csv,cbd1dff5ab1438c988b150b15ab95a1ec0cc29efc301b6cb662f0c45932d831f,33019
r75pm4j2k_v3.csv,7f2a9f563ec3a9753d40aea70de0b912646eb40c260de4a4a87559e78ebe5c7b,33445
r75pm5ftt_v3.csv,f676016e3b1087fd7d508c42af1f96f8d98972845423986e1b14f0196543c8ff,33320
r75pm86kv_v3.csv,11a59d4d3a46785b1012463c3aec4ea1d6013586c196428b62c0a9e21244f7cc,33608
r75pm87w6_v3.csv,48e7e81cab74264ce596b45a7b5f3126da858ed06c30b76b8d42707da5e49c94,33693
r75pm8bsy_v3.csv,7a38857972f2876533973e787cefa6909346d698573a2e610da58a677bcf058e,33128
r75pm8vjk_v3.csv,cdcfa5fc29751f1639ab78938bcb4d7044e838dc53f71d91f84e0622a9429677,33596
r75pm8w49_v3.csv,9d1a16c1c695261ed3d1b8f8fccc90c21505075f2f111cb0e413cb63155a9557,33339
r75pm98dw_v3.csv,0f52f43a305a3a21abd796f7123da3909861277b7cb0b19da27188efc96a8554,33056
r75pmbc0d_v3.csv,a7e1ba8399473be20e133f45289617dc32f3019cf3637074be4a3456d8775b95,33137
r75pmhutb_v3.csv,30222899834166983200a7c869069af7daf88ce1a1d1118aef17cd71c51ebcf9,33605
r75pmjek7_v3.csv,a0f49a73534e6fa00bfb30908cf818462c315cd913cee32b79107275f5003a21,32890
r75pmjtm6_v3.csv,83fc3382b59207774b70e25abba283c213e6ae459b2bc4d8ec723c402c197600,33466
r75pmn44k_v3.csv,e81d074809f5b178e5253a22c63f0f09e03cfaba45f281a4ea9fe7ceb1f35d81,33481
r75pmn8uk_v3.csv,2020c99ff7baec683036b437d9859807926f53dfd2a662f456cce88ff52a09f6,33459
r75pmnhjn_v3.csv,b3fa9287f736adbbcba68842168d0af5019a52ddd9d410f6fd116f3b83e8ba18,33600
r75pmtunv_v3.csv,df6e4d1a8e4b10e1b701fce02471ff61347b742e7394cdfb4f34341e9b419c9b,34116
r75pn2yce_v3.csv,00c393e0cd235b507597672e6b755890c0184a8d2bed6eb5ec199d8c3238750d,32577
r75pn98wu_v3.csv,cac6dbec5c40e78b157d7b9e563adc32789767360804def0ee613436f2ca3dee,33097
r75pnccjn_v3.csv,73fc86157819ca2e03bfd2f5b5aab351a45e4ac6eaaffd9fa370e5e952f227b1,33200
r75pnenru_v3.csv,b8270bf718727003998ab668b1eac3e2415d7cc69fbb261df28a26e44bfc33e1,33995
r75pnfmnd_v3.csv,3765b6a28b04d40a161e60bb502e2a57562b5faf558ada0bd2ec2d351e9417e6,33588
r75png3dj_v3.csv,d0e491ad9be499221ef14bd3613faf5ad0b934733f749a2423f1da67056aa3db,32979
r75pngc42_v3.csv,2ea3c57c99d064b996f935e67e96c9edbb99449ab6f8006c3aedc138a2899ae1,33397
r75pngywt_v3.csv,151d4b99d27d1480967baeffa475181f8a55e907e07dda8543665caeaf013c90,33463
r75pnnqqf_v3.csv,65067456d08b2c06ef23e0ae27196ef305ef393dbb63bb14553a0bfd2fa864cd,32735
r75pnq07j_v3.csv,9f5fe6f5e3012aa1e3acbffd5ecda3dd1fb516138d8c4e6f2bbdec21681ad7bb,32263
r75pnv417_v3.csv,71c417efa6bf0ee5c0e76d31654604ca60699c817e003b919eaba8e104f83630,33739
r75pnyhvg_v3.csv,2e2767f1b499aeb363190296e612fba7aa6f8f890fb18e738306bb3ca6d23ce6,33784
r75ppeybg_v3.csv,0c596f9cda396de7291018712d21d2ea7419fed4bb060de7ede96e99b924befe,38064
r75pphzqn_v3.csv,e2c071305e04567ba33ddfd8d514e29735b198feace4f71639d9c72907b60ec5,34478
r75ppp1vp_v3.csv,605918a46b6ee61464c5a84a26dca8b01941c4002e846c371eaa0a01c8437a55,34457
r75ppuujw_v3.csv,021562c196ebc39528af43249910c7421cd8e948336c87603070d2fceecd60c4,40294
r75pq3p4z_v3.csv,e90d23c60d14ea850eb0728fbf40dbfe3be7feedbf5b15058c2c25f127de24f9,33705
r75pq89dz_v3.csv,c6cfe405f6611b5ec9b1ba5e55b05dd422e1e68be3739fdd29e2745d7b7a989c,33365
r75pq8jm5_v3.csv,b3158375b4ea1c11f4ae432a1fa8380c089364b6aa10be3adb21a3b58863597c,33594
r75pqf959_v3.csv,c51c232a58f951def00de798dbd915e63f991aa5ba2e9667f5d86ae326b8f655,34169
r75pr861j_v3.csv,cef2b6f7ccbc4a1c217d8d2e8a24a7c6e4b5bc3e6d7a21f3e40b048f911dc5b3,36288
r75ps1684_v3.csv,863eb73ac27fd724dfcfabcaabdb3f65b8e5e105407b0be20db17f473017928a,33836
r75ps3wp4_v3.csv,c4a653200a8bfb4cfe426eeb6f3f1c8dd1ebfd60871cbc66b86756dfb36e6c01,33672
r75ps55eq_v3.csv,a10d664cdf63715aa8db0febf5e7f8e2663b2c9905a06a47d2a75c49ae219a65,33349
r75ps5qrr_v3.csv,806df73ab9aacc9ed569ff7538af031cfc8a661f4759d798ebf3963a9753d92c,32838
r75ps71cn_v3.csv,3ffa4307b38c21c15be9911d3c797d95f689b88c8021964792a3c37d6c8d0dde,32858
r75ps9s9r_v3.csv,58bd042ee23440a05275e5370e6c4d87ed9b633362c6aed1e663d290a185d006,33208
r75psb5g5_v3.csv,2774bf4c73832280686a03abe4040095f00ae084cbe6c311c3afd328a6fc78bd,33744
r75psb6uy_v3.csv,410e8092376bb8c206c82a72106a0ca03ca11d14fb98249153a5147757ac2192,33091
r75psbq00_v3.csv,e61a2b6509fe054d1e7d3a2962e1e42f3290f0d58ff366efc1db5a56e26c4dde,33060
r75psbyc7_v3.csv,e47aa57a57e408bd154e379050b5d41377259ceaff3d8142249aec336222c206,33433
r75psc60f_v3.csv,f3d4bbe1787ba22bffee7a04371d6de63e64bcbf47f2b11301802c88cf8a27a7,32957
r75pscreq_v3.csv,23110c4339ea6f7eb1c5abcdaaf4c20d306b98defc1cc5c76d650de59e6dee9c,33261
r75pshnmk_v3.csv,aceef262c868ecbc2b7280be54742004c62e9af6614445fc9d75d84cfc5957b6,33065
r75pshs9r_v3.csv,46b06dc01136602ec7becd24f14c9642a2d7c1503a61f7bfc8bce6d6588684f9,33078
r75psk8wu_v3.csv,8f9e1d5510084db94a0e19c89c6093bdebf7cd1e7255fa7f10bf9f8036bdd792,33451
r75pt00rx_v3.csv,bf47f24546914ad6bdc049f740133e1c6d4723c50970aef46f72f17205762f1a,33015
r75ptbs5u_v3.csv,8c0690823ec366f6513650cdfecb962e0f9f65d7c8be4308b7d39aeb2492b6b6,34342
r75ptv6y3_v3.csv,082371a1ba54983a5c0d21fb79d9127f66395b70c18131a4bf4bef15fb90a576,34073
r75puge96_v3.csv,bde36bc16e081e8537ab37ee257dbc9dfb4200971467f8009a62db6cb10be11e,33663
r75pugkf1_v3.csv,3f7bdd7e5d6467518a461b0b07b2cfab2afac134462af92e644c522361a0caaf,34454
r75puxnwr_v3.csv,c29cbd2a26d511edeb8bb10ff3288cb5d0a163d80a2021246f80858bda58997f,33455
r75pv6yc8_v3.csv,a678031bea69f8fd2b8e486160435dffde2c9d2c7f1f2fc914cc651133b3da05,33352
r75pv9jkx_v3.csv,e6b679fe5a0a68854c8cd587175963db6684132f601ecbce332759c326ba3b9f,33563
r75pveybg_v3.csv,30a0f704e494beab0d76039d4d98b3eb0239525c21beee97bff633f9c1e0b91c,33093
r75pvfy4m_v3.csv,3633a1f18feafd6ce3dff371212b1a8fbd915664b1fc384d0fc8f252f6604550,34224
r75pvsqnm_v3.csv,19079abdaabf697158b080ff914907716a20e45ffaed1c2714cbe94d73297c64,32978
r75pvvqbe_v3.csv,1873bbe6674c413bcc97e6ac499ec56c78bf554a7ae934f72ed142e6ab89dabf,33665
r75px159h_v3.csv,5ef2fd963bbc3ff523d5e2eb86ef44425137b9b83f7e9f517d8fc9a0e9d6fa74,34663
r75pxsxyx_v3.csv,a7df720d95e18043aa257fdad5e7b8c1ccbe23d6fe6369d257d7d74a98547af4,35442
r75pz7z84_v3.csv,9c2214d30f33bddded1d60dc47acfee7d2206f42231a0913eb1f0ab0cad5d71a,33861
r75pzpng2_v3.csv,14e8208a3494608124fc04fcbda8a911dd6c1aca1f87a74f658990114ae1d3cb,33450
r75pzq8he_v3.csv,2cc6929ffdcc3bdc903fe7621d2b61d42c28abc92d5c5ce88ce0a57a051aaeb6,33488
r75pzyysw_v3.csv,64faa09ba2d73cbeb4518e48fd739a7316784f4c4216970409e8ff490439dfd0,35233
r75pzz8e4_v3.csv,6cb1423fcca8f39ddb653fa0ba7202f7b32261f0685ba45c81b25ce72a7422be,35238
r75q1p83s_v3.csv,a457fc171c1f2a56686593e4b9858a6b919177aa34acec1baf00a9b907d06582,57976
r75q1p965_v3.csv,5726176b228aa106fceb15ccbee396f55a6f31f3982043da4892d441350aefb3,58012
r75q1pd60_v3.csv,fceb497e04a9cb4c2b4bd9cc610a686956a792f47d22b2ce95fe3b1dc6075c36,58447
r75q2f91f_v3.csv,42017981abfe975ad1070359e1892c1eed16b76d076bd4f51f7475b77ebb1de5,54501
r75q300bz_v3.csv,c58ff3b9939ce92769f08c829eb49eee73b184c028bed75d4ac642b1f68f1ea6,59578
r75q3h12m_v3.csv,c279e36370b80244e343b1f424b64379fa6078ee80bfd98af513e245118cf8ab,57655
r75q3jvrn_v3.csv,6f72d478ad7a0d04dc3082419b036d6c8c9d3c72ea96a91cd39bfa650a262b39,59208
r75q3khun_v3.csv,4a12c728e74cf65911cdf61a6c750fcb1ed15434cd2b72669e7579a5f02e23cb,60164
r75q3mv8d_v3.csv,944b310104f246941925e109b1e910ed0b75acdf5d9b4a59db5c78e15df9c1f1,61217
r75q3p5qd_v3.csv,6ddf7e3d7fb7cc98e0b93470120e6cfbe3634cc967e94b051038236a7854a69e,57276
r75q4fy98_v3.csv,051cacb2cb3d4a0a8bc15d8f45a9a35deb34fd1377c77c179770f7eb8876f5b7,62982
r75q4spu0_v3.csv,1acbbb740a90cd18542a659cdee68d2006a0c3598ff39ae9e02b412be38e86f8,61899
r75q4tzxx_v3.csv,6627ee67e01479d251ef670c4178cdfe3939f2fb0392637dd5df4e949884ea1a,62579
r75q4z0bk_v3.csv,50e40f02f412b0254d91e1a9e021c4903a95c397e196d50385a0ea3ce907399e,63673
r75q50deb_v3.csv,3e6aa7d30f0bc57599c9ceec608e3afe6a87debaa481c52fe516845788ba7b14,61863
r75q528q8_v3.csv,c567f22579ad1c027d67945b10a384a9e957775edcc628f5a15139c8d3a8dff3,62555
r75q54exz_v3.csv,139635bb26828f64bf3beeb0507ebd4a90d121ea0c7f08bc5b3b8cd5f0e82f86,61986
r75q55ztq_v3.csv,f429ff1e2ffc0946a183ad0ffd9a327c7dbb7d34a23644d943cb0dbd85878150,61646
r75q568b9_v3.csv,b046b011b6811b1ddd1a4ed0a7bccf71290a09e56d9b333fd07dfe3241b862b2,62649
r75q5brww_v3.csv,1c724c48969921facf2f61cae4dfdcec3508d9e3f81a6b23f2cbdaba7648d465,63671
r75q5e9px_v3.csv,a76ef5ff33edc0727a5230fd258d58051de56ecfc8a5fc76b2058517c2e0294f,64585
r75q5jy1w_v3.csv,ab9a126eb72f4f9b4a593d8d97f8a97acf95214e8fc91fece70c82d6bc9fd748,61774
r75q5k820_v3.csv,91197bdc6956d7065ddb2ec9621499e6d7a68de70c47800809598d47015d48ac,61785
r75q5p9gw_v3.csv,5208c3853ec4bfd9380cea7587ba3f047ef86f0f551f4374a804a89947f4b1e7,61721
r75q5pvr4_v3.csv,2c5ff762b960e258f2149a97f671da7cca07162dc2de900386f08f040239a5bc,62046
r75q5qrsf_v3.csv,a04cc0e9126a8ac8c8c9163d9e0018f8f29eaf308fc2c65506ff9731f8d06584,62669
r75q6phcr_v3.csv,50dd30cdd3c476cb5cba9fa139feddbcad2cb66fcc35661c44446507c5bedcaf,63088
r75q6pvze_v3.csv,630b3abc0523ea266ea23c6b60d6baecbf49ea4714ea5aced9e155c552d9a104,62680
r75q6rgtx_v3.csv,fee49aec03ea37aff307a31c6e5a830ba4942154d76bb33e9bd0529b3dda6f5b,62926
r75q6rky6_v3.csv,17107baa7f8d6d5cc33525522dfdbdb83c8a3a731788b2ffd0bcfed2896ba4a2,61763
r75q6yk2m_v3.csv,b23468dacefa5094f637b321f6d1059e1f9915e38e0ab3f71b72cb21f02524fc,62972
r75q701q2_v3.csv,287349f88d6c52216dbe0c57bb394fd4e935cff2eb5f7fd7945d7efe81f128fe,61130
r75q70buz_v3.csv,32c413654be49b35c062472a342db0f12b911004fef8e028d82cdd849a80a0dc,61766
r75q70scb_v3.csv,3fdeec77bf3dfbccd993e925c56e93503456c4b48da4420ce08507e0d6f3b6c5,62473
r75q7bqsp_v3.csv,442c18d8768adaa1fc01297a72f96b0d1945f7b6645bf419407ff865cac06c8f,61363
r75q7cqhc_v3.csv,eaea5cd01493010a19e1f5e04894f7a835d026ae908eba74b17b04c9122ea4d1,62609
r75q7th3j_v3.csv,ef9cda28f0fc4d9065a547a535713e527ee5a9923d9be00b9975219f10c10738,62449
r75q7ud52_v3.csv,3f44133a9aae1041a6adc260af04eed89f7a737671080da1f58194297ab215e0,61625
r75q7wqdc_v3.csv,467bd42f5ea28fa16983245312e4e7e40839aedc3be07ca4afe46e339067f9f5,62843
r75q8e65m_v3.csv,4848216e6b49dcb982969b8a6109a4f04b488eb4a757da29c26e7e9e0e5da8b5,50874
r75q8fyf1_v3.csv,5587ad395e083063bbe14880436395ad84bb412ecc6d84917e18ff702c47951a,53725
r75q8pdgd_v3.csv,9a6e09636be951ac130f7e89ffbc3bfc390ad3ff318b16b9f466ae0f01caab49,45340
r75q8pkqe_v3.csv,367a2f7fd94d3c375cb4283d29bb63377f609be19b45f07c4fde8a008a659534,45960
r75q8shke_v3.csv,1e286e9362dfd86df00aef9f35848bef0c673b2a47ae15f59faa3a59bb692e1c,50970
r75q8v8q6_v3.csv,7556e8c219798b116419a1fa55f2d24aa5a324779f18ca7ad84e7ffcf1c67f5a,50940
r75q8vvm5_v3.csv,54f4883453b56e7153bb547cf771dc1b0078a8e9447f22169c3216fcc8408c31,53477
r75q92gev_v3.csv,17794eedac6b32b0a6fb406f9878de6f3a3e703c194dd8258e4e7b5d63918834,60171
r75q9b7mg_v3.csv,6e5a44a2e09326f01bc4c2c22e1a3ad9913be866115db5f51fa61bfd9340b506,62867
r75q9mwft_v3.csv,4c646776d3919dc15e62f39c295e165ffec5282593ea0ca51f589d3e2e8f8be9,58783
r75q9qbr8_v3.csv,0711e022c1b6ec2e7b64527e3bf520d61a35564a0f899dd63277820fceaf0ce8,55219
r75q9xx3b_v3.csv,f6635c4b3a625c4f2065c17711e1fa489397388bb77bbb75c487547760097d82,61596
r75qb038k_v3.csv,e366f676aea553602f4baf99254bfb7bf60319c9c96e8e3c48eba517c1665b99,45402
r75qc14se_v3.csv,433aa9c211c4b9ebdae755f70408e6b4b1ef5c541b3d99d87c6890c8cf96fe83,52725
r75qcqrdm_v3.csv,cbb3fb9583dd07dac97a9193272b3b97a7eecaa89141428bee4498bf018511b2,56054
r75qcum23_v3.csv,3aab365840e615d9dd50c46d302e417edd5ccdb5325e8ef7d32d0cd2c6ca544f,61275
r75qd5eq1_v3.csv,d83c932008686322f1dd5a076feb1788e053c9d1cf1798213335cb740442319c,61275
r75qdg0d4_v3.csv,f6767dfc8fd66290f1a5b2d5369f58fe7d02d2993e384737e8fb629568ef2216,62893
r75qe2w0h_v3.csv,28f8f9f76c3868940f848d624638dd2f8890df4c7d048a80a36b8d4d633d2e0c,63388
r75qe81d8_v3.csv,351477498870c82301aeb7c367c781c8bd650ec5937b7bd6fd9f569be5d9008c,62124
r75qebn10_v3.csv,e3bef8cbc15da5172c9734966a8a18dc742cfad5b14b5419f46636669e7746bb,64272
r75qesugu_v3.csv,8a348f2ba79f05f655e02e1b9503772a7d4af67932a603c37f05683280df7f5f,64567
r75qgmpge_v3.csv,125ef6db05caed1dff5ff2e9b2786de7aefd6fc27d13e4fad154597fccbfc579,63934
r75qhpfqx_v3.csv,fc87b0ff86f38de569297c6502fad31d563e2c0c657a1ba02a9c2dd8e330c2d3,64210
r75qhxkup_v3.csv,eb4fe8f756cadfe82e442ed99cf704b6b36a05810df0b0fcd2793424dd209c12,62277
r75qhxvq5_v3.csv,148b97da1a95e066632cfe1ebf454988796b8345b268f6a5d8f490d81c6f310f,62494
r75qj5sf4_v3.csv,86b259c391a9155b37b9bfb56aee8f526ba12eb298754f0e25e44d7b77d86eb1,62318
r75qk2g66_v3.csv,c9ba7a93a304774d2ec6ca610dc15a7cf62ef2d22ab51e29e43702f8f947a800,62418
r75qk2h94_v3.csv,4fd217e9af79d85fe41845ce739b2ce8a2796b06ba6b54a2f438581b3a1a5edf,60726
r75qk3ss2_v3.csv,e38ec42fc6798346bb1d201a6f78864ffab28e1558c5287defe773daa64d4482,61755
r75qk4xue_v3.csv,a184d604e13402e589588e702a1f49dfdac9b5fd627e8088c7f15df5f2c8ed64,62135
r75qk5p9b_v3.csv,521b9700c0dab2d344c2e141830e3ed2f4f34afd9a21bd7980d267a7245a8927,62872
r75qk7qec_v3.csv,3a15f999b6387d6ca85f9ca306067fd3b3752c0e1780852cd7533cf0b62a6ad8,62895
r75qk7vhd_v3.csv,5b11c9d91d0bad39cfbae6dd8345921ff534458331467050c5e1c5f070852f24,63042
r75qk8cgg_v3.csv,d4b6991a1c50c957291a1dd21330de18b3ca8f4429d88be4fa686f0c783a20ba,62032
r75qkfs2q_v3.csv,4eae0df0926b8ae9e127c3eec85579c867b7aaeecb0c4b6da39b1e8013b1813c,64291
r75qktbb2_v3.csv,f0196a742c3494e44c4cae3d54a6549e53336354fdefcdd0cf2257613271a16e,64661
r75qn5qsh_v3.csv,e43cd32c4cc8efdbdda28d3045eba291ce854691479df88fccfcf750a0a45d0d,63398
r75qpz639_v3.csv,251722709666cb86cf2e86d84839c97e2649c9e57482a3a689ca6d1a39324b2a,61830
r75qrbhfm_v3.csv,eceb7d223fb390172e4d2fe826493f673f4642dd953427446fa12ffb1fef5594,63659
r75qrh9jt_v3.csv,8e2f9d55d77ae058749ef84fc4ed3556a1a94be71e1a8fdf0d3ebd8bd892d713,63144
r75qxyp6n_v3.csv,1197a3bb06e875d03bee0fda0778e26c3fda2ee0bb9b1b21e4aa8a052d355312,63346
r75qznce7_v3.csv,b186aed56e61153e224a04ef9e03da5b2d913bef044ce1ec9ffaa7e55d3cea8f,64519
r75qzp301_v3.csv,319099d247d35327018e5d3c8898a01c8450360bab0fa04471fe23f356f2189b,63356
r75qzp483_v3.csv,23d4f20707b4ee99a1cbf1b76515537ace646aeb88f3a6c7425c0896a148315d,63754
r75r04ctt_v3.csv,bbd97e485754c8064823b734e1090d99cb1762c703f27db35824fe2a343063f7,42458
r75r063xz_v3.csv,9eb0d1ca44e33e7730d48b55196377267dc761d88257730c72e1e77b3f232e35,44751
r75r08cqb_v3.csv,f2b6e71a5b2a95d35e9664ed93572f2bada40ca2712738c173d691fa3a33e04f,46528
r75r0fw1b_v3.csv,4424da51f9652bb08c1b8c7b80d48b22a7a32771c901a32a6e8cebe54c000ae6,48726
r75r2u4df_v3.csv,31622cb54759759c65229eec5aa7f6d1a9fc1d18abc7a6d73a74feffb5f29742,47489
r75r31wgb_v3.csv,b572e2df7d78d53c490df7727491f63c6d6aa4e5b519c90f67e95918374b8f56,50664
r75r3g8ks_v3.csv,d422dd73edf07cdcbab5f106d2b5993370ba867009a8523e29fb2a63ef3e2905,54930
r75r6emn6_v3.csv,1c4398de1c7e2e5b2d1d9e71f07c9b7a19968d7c08b2f34a8c858a48ceab3144,64459
r75r6nrbs_v3.csv,1544bc47647afac654f2d02cdd1f3078517d1ead25d036840683e06b1be8991b,59564
r75r7kyb1_v3.csv,27531aee64b912f38774fe3181d85a6f16765b4e09f67385e1ece41580769487,65249
r75r801um_v3.csv,5624965c6495a67f498ffd79152b8699a0ac78508e6233151ca204c783f30a0b,38209
r75r9cm13_v3.csv,4f6052dda11f34e23d70a7d3d193eb4a1223c7418b25486f95e3a733a9703501,54282
r75rbekfb_v3.csv,0a4c64bb94a3089f4713dbf798784943a824e5e147f19cc3d5fc2d6952c65cd7,40551
r75rbjqqb_v3.csv,fcea2556f79988ad286070aa1f4ad825095bd0a6dc00de4099a08578d38d5838,35731
r75rbnf4m_v3.csv,b8d0ba013d84c078769c20948c087050c09996073e29ed307b85471bce88c053,35573
r75rgnpsq_v3.csv,c0aa4018390483c4be5a5bf92e266e30ce518f5c9279e44047a5865b2124a1e4,64129
r75rgyzqz_v3.csv,6e4f61a80700611bb706989c7c3fd45b79384106b82734fbc1ea7fc0d5faa6a1,64876
r75rn6p48_v3.csv,64bdf34c888222e44baeedb7fb851f722033be16c6c9cb6ee7a27adb4e0cd18b,64787
r75rnvjfn_v3.csv,ba451e395c67f025dffba1981a8c3d886dc1786f269cfb0586ed46caa1a2255e,63788
r75rt5sgp_v3.csv,013e7ab25427a2803b9284a25d2f35b97685ef7e167b8030503f6e3e24aa8874,65216
r75rtxj9p_v3.csv,aaeab8075721ee7f97b986b1fc898ff6b6f318615632b14e493bb43fb385fec7,65213
r75rueey4_v3.csv,6e8c2ce15fbd35e1a7039f1e3b7bc11a5d715c1e0a08991e4c26c651deae3f31,63748
r75rwqp07_v3.csv,37fda0e6a400947a0c7fefedb0f0fb33bd1130ba4250ef13441d002286bb2cd5,65280
r75ryh26e_v3.csv,134524ea86335bded8756a620eb7443cc3fc26f2c52dce308759c2ae7e4ce5e1,64594
r75ryp2xc_v3.csv,947afb64a2e36e9e46dd57ce534bb95c4b62726f22b5aeb2a6dcf2596059308f,63463
r75rz3snu_v3.csv,7afc6177f0cdee4de419c3754e159925a2444baacb23124f76075653897bbdc6,64878
r75rz74s1_v3.csv,1b859f062398b19915c03f4af2edf9733fad05a55a30e0a02fc55993f9ae30c2,65145
r75s1dn1e_v3.csv,9c93d363d69ec858ede6dee39435260ec3153f0f17eff22811d129766486b79a,37167
r75s1z39g_v3.csv,f4c47e89479dc7d16d3b13fcd16b35570f14695243645bbefb46b17c88619a28,38462
r75s2dhwq_v3.csv,b5586ccdddae9783904db2bfe6c4f2b72884fc816880f6d4906f939750e67ecb,53246
r75s2ryj3_v3.csv,d8e038019c2719fb429b2e8a35a03e76ffa054c9856b515cab1893fb4bcefa7a,58273
r75s32r7w_v3.csv,cec2f9f2f671ee8b6bdacb33a40a332b99fca1705c303ce8612688f7a966a0b2,40104
r75s3c66p_v3.csv,b56b245f060842ca07662135c8abbf720b700a81329f8f9e5474132aa14182a4,38571
r75s3egn6_v3.csv,81ac45d782c9dab82aa767f769155079b8569038a1551b2962d3f4131ad91c93,40718
r75s3g8e0_v3.csv,d7efea9e93b73846184ed104a74cc3b96eff14ec6f002c87e97e6252c8d64617,38756
r75s3x65u_v3.csv,f09b3b676dcb00b51df9b8384f1cbdc074a390a50247317c866cecd32f499d44,42520
r75s3xnqd_v3.csv,dc89344933a61d877beb1780b9ccb04141bf838c786d435226167e6c13b5e337,40359
r75s3xp6s_v3.csv,914744f747a55dbea6f395d8206435f487fda294ca76d0643d548b73b1c4022e,39883
r75s424sx_v3.csv,b9ea97f63bdfd58b6a32483cec41494d945139d853cde8852e23038f344f3503,33927
r75s4845p_v3.csv,a187adfe9a312572620a667e3e8aebfbbc530f6e9672150e2465f7d04f9000bd,33664
r75s49djf_v3.csv,f2f055aed206529e9687b862d8d738c9dec712c18367458a6830205ced6e633e,33383
r75s4kqvs_v3.csv,3397464f9d4b1d023d11b867e4ffd3aacf934892d2b7f2f88d2ef2bb15cf504e,34573
r75s4yf09_v3.csv,299de0d60b5409d2dcc12d8cf6a5f14776516f60ee31a01137c1381645b063c0,33396
r75s62u1u_v3.csv,db3f3bd991249773ccd6829008d0ad5fd24dfa4337211cd4b03a5995ce763d2f,34271
r75s8dpb4_v3.csv,96a26c36233110d0524b0240da13f5a7178f28349dab10552ef3e4f822abe668,55031
r75s8p0mk_v3.csv,f77f27039f0a753e43d5ff51b71266c57aca87b4e119cac4e4b95b8b7c0303d7,61454
r75s8ttwt_v3.csv,bc1cb502fcf94da04149ff40a0e76b3875c87086562bfc1af34a1415cb309e2e,55857
r75s95qzy_v3.csv,f837ffab0fc7af068e665f1440f0fa38e935dff0793ef3376a95b8fba52367fa,48582
r75s96jcc_v3.csv,e0eec70b2d3f5b62eac589f040c1ae8cbfbf8647607e95e4d3d015dc95eccc19,43865
r75s96kty_v3.csv,52f2b165a8fdcb03b3a2d835a63c6014b95f27d1fe3337c738d02966854b9695,44360
r75s9k6xd_v3.csv,be310e2b46efbf5f4ce96a91f10d0654307a10cf25436577a5c0470e5c845c9a,46902
r75s9xjqm_v3.csv,67a77e8c19759ce584033eb228bc08e6cf82187e509325a0b3d584c33930fbf4,43621
r75sb2dhc_v3.csv,687c5c657025d51f831abe82147295ad842c407f2a8223f5e45cc5de953b3aaf,60053
r75sb6t9d_v3.csv,d0fd35734ad9e77e2022c2045cb2db6d5285930f3a410f6f94ca677060f6f813,59913
r75sb6vhu_v3.csv,4500492557ed12198a64226ea6fa04f4d61ea78b71370c4a240c95ac03abdd39,60032
r75sb96mt_v3.csv,4c7e2a05c50f24ef8dd3239018d46fa841805bfc2cb6f83338a96d248cf655d7,58373
r75sbcqsy_v3.csv,35d931baebbe91b7118c465b2f9c67a014108973146eb183b808931efc54e96d,54688
r75sbqzc0_v3.csv,05e898d887f2fbcbdb5b9fb5c8530eb12aa83e8145cb06b640fa765dafe3844c,59865
r75sbrp0c_v3.csv,7d822efe84a26f367f8b04325fe91521627aa6ba7c845f25f88f3fabc07f37da,59696
r75sbwfzb_v3.csv,7044a7aa85bc58ff97ca49b5c07fca443d1072c0be3e9933dae5251a812ff8e7,59299
r75sc5k0c_v3.csv,1ca5ee1d633fd0639d7ea7d37fa67c821d47bd64797584aaf0718b3d62736a56,53911
r75scj04k_v3.csv,b14017cb61003015ce30c6d97f954f324d63db05ab1ad426b26593e15fadf6e5,56200
r75se9v1u_v3.csv,06290efdf9e7c10f67f3077aa452f2920dc11ddec65c225d38a8137f8a578418,33680
r75sebu0c_v3.csv,7a966454840c2cf374619d6c56bb57a7025c791eca22cec379cbd87d7d0fe36b,33252
r75sec18k_v3.csv,29a6f135f51b812375e4a90f370b3c1d6fa121bee7355b417088a16150c2413d,32864
r75ser8q0_v3.csv,ef4c0324df0325abbce35aebc2144219cce895115f41080946713cb2145839a9,34280
r75skh6kx_v3.csv,1a67fb8cbb5b5816079dbd0a5fb64f4c59a7aafec4c513906411d3acd3610109,32839
r75smz8mw_v3.csv,da17ad8443baa11da3f07400f8b0322769f74ee29bccfb66de9902aef31707b0,31484
r75sngtu1_v3.csv,9a0c0e4bf12b1981fd7f3288d1bd33cd85d6691fae90283ff8d3f478e2af7d3f,32061
r75sp1s5k_v3.csv,38ec31d266ea466a79b065289f2c6982d619a0d5da8dae9af5ee07b13f92983d,32563
r75sp8fmj_v3.csv,5f7457c00f6ed29bb8aedebda8f60f25f167191cc5dbaaafa7f2436070955291,31626
r75sq98dx_v3.csv,65b94dce20afc8f625486f6a538123ea2cd806ee0ed2e5e245e5953746417fff,31720
r75sqb556_v3.csv,d7de80dca52be54425ee97f5617051574dd540cc28007c99b4c85b6336fd8af8,31712
r75sqfs99_v3.csv,74eea3ff0b261587a961988df497ea603fd139582e0dedcf136896973f7b4416,32521
r75squzcx_v3.csv,56146f320edba19fa0e1c1587534c0454561270040f91179fba2e94a0393bb89,31988
r75sr41cp_v3.csv,ef253487ee71fa823fcdab36a2b1f25cc385cd11bd821945900f5661490b4bed,31518
r75srk51g_v3.csv,cc504ab8a1d6e03e73431b47df8f446e375138d5d24d509967efeec0e0413ac0,31796
r75srkxw2_v3.csv,b59dadc126f45424b14998972f85b0121d15b56a98c346d725c4559c084596cf,31275
r75ssf4hf_v3.csv,a9749e9c9586e86f9a4ab0de992868989b698c396594e55a0bdcf810c88e3501,32068
r75ssjy7f_v3.csv,9e2578e97f91dd8a27e6a61cde1c79893cde9b7cdaee4a62a9943f3c181df131,32706
r75st1x0f_v3.csv,cfe3149f21c478d9d75d8ba560a0dcee7da9f1503c33b2696be66ad1cc1eeaa9,32012
r75suhe80_v3.csv,e33c3fa11adfde1a52325d7c5404ae28a3e725d149f5dc9655b284a5e4f6ae6a,33119
r75suky80_v3.csv,0c23665ab7032403a389c2642527dabe368a9ed88810d5d7888d45b932918241,32811
r75sv1cj6_v3.csv,8b19254c5f29d1dde2e7b61fa555bfe1259bbf8da559f747806ed04ed75f7b4c,32483
r75sv9f5z_v3.csv,eaeab6d10be83b0a33fe01135bded6a8c1e4f87c2686a8fcea16c560841c4e91,31869
r75svcmbt_v3.csv,483d6eac7ef93da07e75a8a5c21a9fadf75a5bf19ca346cd8f6b6abf4e20290e,31034
r75svvkvm_v3.csv,bfe32c35f9f7638b4a4cbdb21df55459853caf5ae408b448520e8ccee06711dc,31460
r75swhjbc_v3.csv,c27a2899526d7e6cfe744da524c801a10029ff9adf3a5c127ca0f6ddc107dada,32211
r75sy2c9z_v3.csv,668bc943ea540a4125d05b319382e68d3d718fa808cbed2ea482a8090683e0fb,31685
r75t03u64_v3.csv,beb58d3cb22d5587f5e64a039d5ea399190b1568e8b7a4604062c97c8dcbbe33,60417
r75t03xg2_v3.csv,4a106369ba798a7bc3d17627008a712c64844e3425e78b0f750e66ca4cc9d4c0,59797
r75t066w1_v3.csv,69fae5f351ded881c9d8de02be54e8e563146aed3f080b2e413abaefd8a5a0a3,60443
r75t079e9_v3.csv,a32ac35e2236f430360254147d948b35a99eadb850fc535a880f7e72714fca20,61033
r75t07ngz_v3.csv,612b48b3f5eec91618f5e36dfff3dcbd3590bcd0391908fc99deb4c3dd06f0e1,61716
r75t08e4n_v3.csv,9a038ff11e9f2baaf77c2371ea5a5e9135d00be2b4a5fd87e0222b60e64cb50f,59579
r75t0hqep_v3.csv,4c11214d2c25db0ec1ffec5ff0b4d9fb23183f184ecb030419947894e2d42202,61639
r75t0jk3e_v3.csv,0bbc82d96be563cbf1363f7a2c04b49beb85b5e9d637516542f19d9c5c0bef80,61681
r75t0k52u_v3.csv,ba534173a7565a6928d96963f4e48048baf7f92c324264b10f2cc7b0470c5b48,60663
r75t0kq70_v3.csv,5d872f5f1add998aaab213940818f62fc4a1630bfba8a438c7292e85d825b23c,59596
r75t0rvtd_v3.csv,546a63d49cfaedb054f4fa12417cbd48d2efec5275da59e176a322a34ec102fd,61580
r75t0rzbr_v3.csv,61ae5690c37efa851b5aa3694a848d85f1d642e1c72e6b24f56ad61eaaa2d9f6,62415
r75t0s20n_v3.csv,54ab8fa6182faa284dd75e8f46e5b809a61444c8ff3febec8d01a3372d2a4c1c,58929
r75t10ewz_v3.csv,395f7fdb7827c58d729a91d9ca5869ef3361398a44da5737bbc7a16f151c8a4a,55502
r75t1bwz0_v3.csv,f4647a8c9dcf79c6b8b10ebf1abd056a09d63a2a56ada5fbe9e266a0cce4007b,43166
r75t1gy6v_v3.csv,40603c954a5753004a8fdacf381770c1dd977e2d850f3aef766b0a925db55acd,45097
r75t1km5h_v3.csv,a776caee690f6939236400907cc1cd06456371f61ec823d8ffe74fb34ce4c2de,53110
r75t1v3r4_v3.csv,e609189cd701333689a11679dfc2fc73558395eeac1b4f10eb06f36413362d08,48504
r75t203r8_v3.csv,024e368707fe9bb9518e1d156e8031e9ef4e46d44c269af1b1dc9db4c8cbb51e,61410
r75t21xrm_v3.csv,d2dd7a1c5309cb3ff05fc8bc94ed68da6f5631ce6991ce6018061b7953067783,62223
r75t27f6u_v3.csv,d2553147b8a7a63f4d25d1f3ab555542b73285b26f0d163bede50c6d8dea116a,62893
r75t2v9m9_v3.csv,bc2222eaba2736d67e7b665ffefd63f4fd459ddbe913edf28eb8df54605dab63,60765
r75t2vcx1_v3.csv,3ce0d6d9900fb6fb495ea61455c054e3ce4c397ecde2cf1acb4960ff39c50bad,62240
r75t2vn8k_v3.csv,eda92aca3dc6f622957c769aa0dde1408dd0afc1123eb28d0e551f0b1f557422,59620
r75t34x1y_v3.csv,23f500c61df7a510eb0bc1064a9720381cd824b1d3ad7415294b43216c98162f,57353
r75t3b337_v3.csv,41a74d3dd1140670d5d046c0b8e87b3c91357f808ff82cd1bfd6e050ca43f9b9,49084
r75t3rhp9_v3.csv,fa567bfa76739367121921eb18bbbc8707ddab8d2e08b5fd64e5d93a944a90c6,57502
r75t3rmus_v3.csv,362759357aa418764ae3504e4ff3b36ed8e8a300f32ef0524efaf378415145f2,56775
r75t40zz7_v3.csv,9d3683ddecdb5a212c78557e50cf9c60fdc8d4926af1eeee7d58d0825a1a6157,41242
r75t48uuc_v3.csv,b631442d1e8d92d55ad3b7913e368e396789afea0f22a21d50b637bccb111149,38075
r75t4p8qt_v3.csv,8f6f4d1a88c6612fa69cc51536738537b217bb55a87c6d11eac7f969380e6bf2,45132
r75t4qgq0_v3.csv,7187d982c379967697ff4a244c4164b356cc7cc1a32e567d5c30774caab82d5f,40905
r75t4v94f_v3.csv,3af23845e4d8346d7803df8f9ec264aa382018695a850da885e569738e5a1e41,37738
r75t4x3tz_v3.csv,7a512063015186049471ab54b5db62ec06527f5fa23d824754df259f26011b21,40070
r75t4ycer_v3.csv,cda360cd1490b6b9d2ff20cf40e76c79f038a43a54c087555b73fd5e01e9bee0,39069
r75t4ydz5_v3.csv,25ede4199055cab724678e15765625413f08f75a3ff615a6465be3c38a3c2638,37492
r75t55m0g_v3.csv,2b36c4a8fcbca3e27a66cfbefa4958d0ddbb3efa2841eb791aea0a75a1396a58,35474
r75t62nur_v3.csv,6519a6313afe06942680be0a5d5dc02575865b0c35d3c6b7deefdac39cd3ddc8,40820
r75t64d0g_v3.csv,ca830a3cc3b51b1f050bcb65acf21f48b400b9e3ae30a5462bcadde93ac4fa3a,45989
r75t72nz1_v3.csv,fa58ad87a6f8c445be284e483156113a62bb0f920094528dce6145396eb6ce54,35195
r75t73ey1_v3.csv,5c3bc4aecee98b7650d37397441f69e0d67e7f0f20a1c5d8dae76df4b003df7c,35407
r75t8c4jw_v3.csv,5ef3e47c9dc38d38f5e9d1570e7ebab05a2a2a2fd4e34c7d5708a9491975618c,61028
r75t8ktfu_v3.csv,17bb2e4bc4382faeae9929a128b7362a9b73a123b3d2d3545e5002d7941bf170,63453
r75t8kzkc_v3.csv,224b46c1982899986f0013d682c674ea914de3eee4475f2d0d8ce92048d77992,63303
r75t96q9g_v3.csv,fd01830b1d1e29eb12f4fd8d923470ebf4315951904f0f18030056933747a08a,57952
r75t981ce_v3.csv,3afcca3980adb7950302d280f961104971d6d6fa2871290a4b405d233a3472a3,56592
r75t9d0dk_v3.csv,3b9c217c85f8fb699719fda251a076cc9347118d8efbce6f39283f95ce6b6f67,56930
r75tc9bsd_v3.csv,08aadcd3c787e113296770b799a9f2b9193ece9f249af8c144f767a55e7ab6d0,59435
r75tc9z3p_v3.csv,aea770bfdbb26f2273e2dedecf92a50c2d22960d6b9f304adcb826a9d06085e6,56835
r75td4vk8_v3.csv,4da953b0e605942a2ef2f6fc5731ff25dfc5963e72f4214a74e028baacacecf7,48416
r75td8w0g_v3.csv,17256ddaedc733dde5eb6821dea5c93e5465b2bf10f701978cedfa55c87f53ae,41448
r75td8ydw_v3.csv,9edf79fbac278a5891ee6f4c70d75c092f1970046ada448d21f9582328e23a2c,41709
r75tfn1df_v3.csv,c03d31886a70e9c505eaddbe4060e6d4291cac6b95c7f65b05b159afe6fa5448,54863
r75tfrd4p_v3.csv,7a5457860d4cdc858f81b48a4090b4222c55e8a47796272ec2054745f8180dd3,51863
r75tg4v6h_v3.csv,0563a6322acf80ef0a48d697b39ec86f8f70b60eea5dfacb25eded061a1c71af,39340
r75th8c3t_v3.csv,a4fffa2c214773e41d7894a8b773229565df9e11e6c3f9ac4e3fbaa4fde56617,32544
r75tjkc64_v3.csv,18cb41b3ff047752e0cb6239c196a2f1e5648d52fdd36bda6bdedf90b9b394b3,32362
r75tk5rcy_v3.csv,fef379cc165f60f14357ec53a48ea9570314d53b6ac708eeaa2571d26872870c,33502
r75tkwkmp_v3.csv,5f001bcf728ea7e06daf3ccb6d83ac2dee0d30b72d0a0b62e78c7fbbeab6ecc5,33260
r75tkzt2x_v3.csv,7cfb4bd5d30171fd0bba837c1866e566569d7b468b58df373611e07860bec4dc,32206
r75tp1skd_v3.csv,660f0d6f8d864ab057b13cbb34168b9c3547b2935ed95d696d564ff4185cfc0d,31605
r75tqennm_v3.csv,3b99b9ec74d467768922797820b5a08d48b04e40bcb717b0454bce5feff6be92,31076
r75ttggy6_v3.csv,860db22bc82afa2c1007f72e47efb406af148930ab30c8eed219309ddf74235d,32477
r75ttuk49_v3.csv,ce0f0c3aa3b7a4def3338c28ce37c1f4c000b1a9a2ae0dd0a24af5018cdcd9d3,32046
r75tucd0r_v3.csv,c9f14fe30f16a2a2c650bdd72ff50c0a143f2e3066c2191dbd57a6571393c6e1,33044
r75tudppc_v3.csv,4345e52da996d3140e55abdf8dd883b61d6c2dfb4a3448d28735bbdc4e02a598,33294
r75twbk0s_v3.csv,e69f33a9d2e286f837e9c777bbc5fb55805a51cb6be91aab2e1749abb063c425,31567
r75txb7d4_v3.csv,7ef22a2b0effc2bf1448ed18ad336c2431dba665ede2814f7dac2bd88a8456e6,31497
r75tyjp19_v3.csv,e9f2816994bc42083d04dc65c83335088e831a9bebb6f9fe7eb12d04cf4b5af6,31924
r75tyw5yf_v3.csv,296faa86d614f47d3a77a12e063047de10bcbed58e1816d70037070f679fc587,31731
r75tywm7y_v3.csv,349d15f72ea979558efd6303c3c3ccc794124df9777cfc661fddaa7c4a7111b0,31451
r75tzwc85_v3.csv,e0cab43d6b2b7dbed7e57b8299b026b3d7930b9d67b4bd4596bb3e3284d11a8f,31505
r75u0qhq1_v3.csv,89a3d4cc5419af7ecbb2c0fcd80072c718fe2cf770321ec7840093068cae4cf7,32327
r75u0qjdk_v3.csv,d2bf854d98645de20f6549e4edcf055982ad52c7841665f46fa49b565f38f26b,31247
r75u19j42_v3.csv,ff316d98bace55a889a286a5d085bc01a9fde360d2c78fc26553ba7d4ccb4d05,31422
r75u1f4xr_v3.csv,f6bae5509675c69ef33945230537f1ddc3d569a71c962641ee06b9a9e3e49786,31971
r75u1v7sk_v3.csv,5a7450891cc07c08c0a1af964c60bd7c80dd0db5bf70a7a232d8bc8e4cddadac,31462
r75u24m3t_v3.csv,46336fdef6bbff03c601bbf8b9e89583503b537e88112191a7beb70994c2820d,31268
r75u2rwr2_v3.csv,bd31a04a53b5c5af945eb8a2ec23c9ebe09c7d7a28c4f1e46dfe27166acfd49c,31125
r75u39pcu_v3.csv,ec727873d338c1f6a1db9122888b782c141935c7828238144b2e21252bb899fa,31531
r75u3nbjj_v3.csv,6a8f397c9d6b9d5adf72b51312e6c93f13434bbcb73805a50052846e3bf3945f,31303
r75u41spt_v3.csv,a19c3da9b19b4eb0e773c7fee9ecc97151d46a9344d2049cf16837b6d604de5c,31400
r75u43b42_v3.csv,edf9eac579c6a3b8d1195ec9c6afa607b1014f6044716344bcb7707bf5c8c583,32177
r75u44977_v3.csv,642f383ab99a9aca686351783bcc069b2b1e859e38debaa24dbc1c35c9c18cc4,32520
r75u482b5_v3.csv,01d645fcf007526c5a950c23f4a4a57faaefbc0be6bb570170e66b03fb901025,32412
r75u4cx5h_v3.csv,d1aed232a088563b5f1c3000d78df41abf4768fff2ca4f5ed1e183a20255fae2,31748
r75u4n7gt_v3.csv,6aebc7bbf6adc3f4d43ec7950eb625671bccee2be78eaa8412a63e49383f36a5,31694
r75u4nkb5_v3.csv,36e5551acc70b5450e98292dfcb567cad13e413bfc7070cad90544ade5049b67,32508
r75u4qbxd_v3.csv,7e80392845178fec35d629dc3de05496dae43191cee6c596b0c3f23049d80e94,32267
r75u5y5fu_v3.csv,8452fc56cdde9233f57dbd7bfe5cf3ea7bc705fac6de58ee2417e947ee0ff78c,31943
r75u7jtdr_v3.csv,5d2caad45565bb870516b0f246e98e1ce45ae01277dd8cd4006882676c723ac6,31846
r75u976xu_v3.csv,40e48249bf83b577a2b0b9dd2098ac7c41520cc4fb98bd6aea2ed349bc6bf59b,31711
r75ubr9vc_v3.csv,2bb985f995d9693fb2aa2e9ff29d8141055e060cf31832c54a7df69f39a11fb3,31020
r75uc6yw9_v3.csv,f17d819d2cf33e44103cf7b829c4cb63792c089006a81a6b2c78982af08bc64d,31726
r75ucqm1q_v3.csv,f6fcb8676b3d99a1816059f159337dc7ade7ceda05d07fd6f99890e5f5b8db51,31472
r75ucur1z_v3.csv,f45830f9e7222ad2c5f28879dc2f5ee44f00899fe11e57fa662dfdcc5c053a42,31317
r75ueu98r_v3.csv,c5d028c8bb9aa4f195ae0bd33195d321cf134bede63d6f4710e1c32df86969a4,31542
r75uez739_v3.csv,b430c42a3ea13877e219d27443ec90f7961f3393d1ad08334c46f30d2ff70e67,31357
r75uf46zx_v3.csv,6924ed802ab86f48d073be5382637a5e5eaf72b868ec32e0ab9cc2462e7acadd,31701
r75ugck6r_v3.csv,ed29b3c1b57dbe41c549181512d44245ae5baae2008c8f74731b1621f8f1b2fd,31570
r75ugfthr_v3.csv,a465804d5d8739950730d91c55a33b84293db0d64db8fd90a9c88ac7754671f1,31916
r75ugfz1y_v3.csv,4533d3a842ba89fa1eb68866378d2ab9582917c3f5a6e5dedb5e078f8750237b,31592
r75ugvr7y_v3.csv,4cbbfb5a2f1ec670434a30e5b958bdf7214d3dbe9fdebbbc281293a3542ccef4,31868
r75uhjmsj_v3.csv,00ee07bafecf60d75eb7f0815841287f6db5a955c4414895653bd766d58edbd2,31626
r75ujh3zj_v3.csv,3372e93ed04c8c05363976294c11d29934cbd0c0a7bad4eeaadabbc979d07551,31520
r75ujhcbt_v3.csv,78b37472e11e691a1dc36e85c03c87504483cc8debdd176ac373c3663dbf030a,31678
r75ukg9ex_v3.csv,416dc290f367a4edf76e82b0de63e5de842febd2f249db0596d619cea335b811,31665
r75ukh8g6_v3.csv,66c7d9c0c6181a311ab0b79c2b4d6774ffc3213fb20f580008accf111e6a7f23,32021
r75um37cx_v3.csv,cbcdb895b34f1dc01a8e4843ebc03c8176e0b8d41da3a61b68ea3dd72469b6c5,31982
r75untw51_v3.csv,32c7745f6bfe169dcbde4bda89499cdc67e436e478057ced53a344e7622d0f0b,31576
r75uqzttv_v3.csv,1e4a2f7f98ea34c8cfef9a8f1bb2c22aeb198736dab4079cb28ccdc62cf62a3b,32002
r75ur0yex_v3.csv,dacea670528b8969c603a5c97cceefbc85bda217765321758d9b40380fd53c9e,32130
r75ur7ttb_v3.csv,09a56f8517abb7098d7a360a4aaa1a6f64a16082e9e79854dc541ea50a5aebea,31281
r75urkb31_v3.csv,02f9b4f1dc510e76f2d24bd9ca2a1bd9f2276939046d9ea6c766b202378115c7,31837
r75usky4p_v3.csv,93a190a2b5aa57432be9ee5d4af80aa455460ba2d9826f5d6568a1abc7da33a3,30971
r75usp99r_v3.csv,a3763f2297a9ab87e110b7da01a22d1d8f1d4703a6dcbfea92176bee18127d95,31860
r75ust66s_v3.csv,e247433e3a66273d92928ce2bfba0e09850a121124c948b53304ba48920a0d64,31404
r75usz16c_v3.csv,0592dba10187615092972deb878dff0288dbdec1fb23fd959873010939eaed8a,31687
r75uu13qq_v3.csv,1544c0d1bc55e01799f76ddfb7ae2a750fb330f301664a2123655693c6098429,30953
r75uu40qr_v3.csv,ec18a06359f5e81b214808c89b38f9ff8e4505fb5d59cbe389612631949e875c,31041
r75uu4rkf_v3.csv,d7bdd036f4cde8a2b1cfc7bcd68128b161f676f92665a9c1b1e77fa9873006fd,30834
r75uuh0bd_v3.csv,41d0d2c1c0a2821f90e89fc1c19cb79f033f5c2e7aaef84be5797bf082898e4a,32048
r75uuh4c9_v3.csv,53b7d41e1fa5c8e4467e8a8b9c9e5acd9676bb9f6fd06a32929d98b95f8c5883,31865
r75uukdsv_v3.csv,f32c7d8612051f492d1f2bc51edae12b8bb83ca2881d74492e61af096c395d32,31172
r75uut5cx_v3.csv,3663e6204b6d0c88b391b74d5af131f2240aab9405fc81aab722db03a04f8adf,32267
r75uuzfqf_v3.csv,156e8bcb708cc8a001c23040e3d2edc8aac5c62697df14b5305a7cc0bbc412fd,31826
r75uv5v2r_v3.csv,e8aa059bb1d0ba8494d79eece88eec6c29b138a06d6476288935a681abf06d16,31832
r75uvtz5u_v3.csv,9e8e46030ec07847979185b3ee95c2450d0db77ad747a5da58d07cce7ea8626d,31968
r75uw7tsy_v3.csv,20ff0d7d35dd9ba327e2a673dd7f6c88fcb6f1cc8a5f042fc095a04882a3a6eb,31953
r75uwc0d6_v3.csv,fa35477569d8fab85862b23f2ab49b69f693de75d79d2ef4c03e3f38b8ee079e,31392
r75uwcmf6_v3.csv,b23634417b11285cfe3cec4b4eb4cc3a3029bd0bf32a7add17e8c9c80d059803,31755
r75uwem0n_v3.csv,6f5a7da9012d6942b5705a1b0442be1592203ff496e9f9c8d6511ccca011b1a4,31968
r75uxb4q3_v3.csv,5798a077afcd510b460c5eea6a3e77609d1da6f0a252e6ed0fdb78df2941d145,31663
r75uybcj9_v3.csv,7e474ad0bca228fac04261f4a875221ce6799bb43fc804bbc004a47b3c112b19,31350
r75v0bmt2_v3.csv,812830660e00409f1e64820473a8e9275577e2dc5db56391f643cfcdb0e71021,31574
r75v0cq9u_v3.csv,2ce9bbb2cc3d9400c81ab0626a905a60f877750338b79b372ff57f4e693133a7,31647
r75v1jfnf_v3.csv,137abc0e0a2270e2f080322c4133696de8d2270c1ae1c43ce93accc40fc1b04c,30741
r75v2m7un_v3.csv,f35ca4591a0589b6bf244aaa7ee53fe5aa3088f2715655aa6ee388a36f67f552,31153
r75v32h6w_v3.csv,fe2b266e7c5145f9f48b50ca1afe8a0c40d08b6d776d065abeb30ae692bf0e6f,31259
r75v3nwcm_v3.csv,607fbf70cddfe000cedfd309bda34bee11d090faf15e1d4e337419bf686b6f36,31634
r75v3u6x2_v3.csv,084e5e36668b3332ef04f08ca53e5f3ec0af8a8e5f53502a585893e2f0807cfd,31284
r75v48dsu_v3.csv,90d1b3c1c252d0b53351a543663b6562885053de6668af88b2c940301fff2316,31354
r75v5exf6_v3.csv,9d56b4d3bdb6eb7faf568de2f232aa1905e2c099d8ca24fad840af8a04ee62c1,31348
r75v5wgwc_v3.csv,b6fcdfbb4a766f89a65b2974a5def13ddef12cfc28d39edba8c0d1c9299ae532,31595
r75v69ucq_v3.csv,b733392ab68cac4f2d47de7c086ee1807eee1a69ee03102b8cb647a3440c2d39,32177
r75v6m7cm_v3.csv,961658f27e1a4d31e2d2ed97d16019bc66df8e176d6c306fce8a342f2e18fafd,31365
r75v6q98q_v3.csv,cc762a83f6c32cbb84b07e4a16750f759d4cfcd5fdcfb719e939e719a0ebfe70,31546
r75v6wx0k_v3.csv,6d5cd10eb83ea5ec466d4add83c1535fc243f6d2dad8305b647233cfeea8320a,31233
r75v7rkec_v3.csv,88fb68641496647dbab15b32eb7c010ae8207c523cc42e9950caa95bab7df074,31725
r75v8q7gk_v3.csv,76e81bc8025d148a755d68166fb569b53ab3c0f70069951dfe1997e26a026173,32077
r75v8u59u_v3.csv,4b3724e81d0ed2ad13705ef787eda7e3f3916eb7861988b7ce5005c75964eeaa,31626
r75v8vf56_v3.csv,f26fae81904eea0f96cdb8b5edd83875ab4dc0c702216c921ecdc9f4dba4865d,31287
r75v9w9d0_v3.csv,cb686cc3067ff23edc66c0aca9d00e3d878dd2ca352a169e677eb7f09e643a3c,31356
r75vbuetv_v3.csv,cffb2838b77c98ff2fca5de3012dadd6f14dd72336181fd0948f36a3456fa32d,31613
r75vc0xse_v3.csv,8dd7ecae05ea512b131db7bff41b9daddee56a7c31aba6bbed1d7f0bea897b96,31324
r75vc6t2w_v3.csv,33b533af5c5854f6bbc9076b00a002468ab324e4267486aa79818bd77e2526ad,31450
r75vdtb43_v3.csv,7882f727cfb05fd0c92f0cc7a110fb9a068bf5aad9a2b4607ab12e0ef2eb9481,31408
r75vjytm8_v3.csv,13e9975c19f16fc3e8a8bdc507027e655cdef429648ff956881852b5109efc27,31182
r75vt0ptm_v3.csv,35c8b4a9757203d45e64fb13524db2daf0abec7ccd4c6c788cefd46e3f487b7e,31861
r75vunqu0_v3.csv,32a84f33aaabb9cafe671266f28c5812db8f30b693490aa8a34add4ca8ea807d,31278
r75w22y86_v3.csv,c386498b765e29b123e2712c0ada0b7488785b67a46128cf5e4be0d83e8d3739,63246
r75w2e0up_v3.csv,e898e50e70e86234541d9252c661bdce8356bdb1439a92be13b279dd71f35054,62313
r75w49bdm_v3.csv,4e982cab8734773a361484d44ac17ac98efed624ae4fec525d18932f81ecab5e,49854
r75w50ufk_v3.csv,a4c438355a6b64004f5e38912e4ef8606ab1c399cef0cbd31072ddf747307e89,41031
r75w5w1j9_v3.csv,0c9705499c4d91884b682b0d44755741ad2fee7227fd7544895764f0c7692e61,39017
r75w935tf_v3.csv,895b79d76c30dbb5ec1eb6bf3a73609c4f519aa9b277f0ecbb5984e2b42e6584,62292
r75w95zw3_v3.csv,559a4e714415239630d7852cf4853557958c7fe71b14f0aae29ed81655304a5f,62430
r75w975b2_v3.csv,8694a1f34532936ea8c88badd02dd1a61c95fe353f70199f2fd4c38bfa01de0c,63600
r75w9eq96_v3.csv,53f2c878711635998dffa74365edad6d6792b7dc4cbcc56d93303306d5ce6d1b,61894
r75wc5cx6_v3.csv,af14272eede46173c3030fe4170e703db51e452802ce5a8f0887ecc675cce58e,62750
r75wd4hx7_v3.csv,e214ba471e0621c067cd1124362c6e0bb69bd730b8aad175f3490657693d8a18,60055
r75wdj76r_v3.csv,7f62504210262ce43b8bacfc74e9ea017aa38925b6893d9fe1a217032f8d70ad,60093
r75wdjwfx_v3.csv,83cd4ac673231fe77795e3827fa96b30cfccbabddf1acfa0427e26f5657a2183,59804
r75wfdmj6_v3.csv,11730f1221bdf4ba787c79d6cd741bfab8d1c376a7f7a51097e2f282382e6d21,58489
r75wmc703_v3.csv,cf0c3cbb4f4b879aae9af9751937e5eb4370d0fbef84127299c32aa7891d9bb5,32379
r75wpp28j_v3.csv,682310da74ef5e4a5e414109ce61213da5002a8c26e8b69a42392688aea178a9,31444
r75wpt0x2_v3.csv,d4eba4868afdf77b905341c7a535117308fdd4f208096646ef78e55204bbfd51,31986
r75wq1bnm_v3.csv,16e1a7617dbeb25fb12dbb8328958e919a0f8613c9a02e887a3c0535394cfebe,32294
r75wr0pkj_v3.csv,371de27e83ea0ab05b7dc64f79afd133ec4218f35a383616b583a05f5c658b70,31476
r75wrnebw_v3.csv,9d72eee1bd0973d4e8d978d4ac20809739e9cfa3e9b309c4c4fc597d41cc62a0,31865
r75wwevd8_v3.csv,d6e5200eb37a309c36a20a4006daa2bebfc3b0dc18a1c830208eed9096fe66e8,31663
r75wwtxm3_v3.csv,440167f1cea9b048d87900e9de8ff8ae834f49e6dd04e1fbbbe3116c0bd1dd9a,32657
r75x091yj_v3.csv,16b028641b04fdb99eb679685ef34f9bb67367c62f162ff68ad908bede2bab0a,64336
r75x09d1x_v3.csv,524a14e1f619191af948b2f87b2b9c91ae8746f96ab5791b49e4bd3e6d420659,64219
r75x1xnzw_v3.csv,d6fcc6d58e7c0c6f28d37f84114b008c7574126a873411a64919455f56b21b2f,62619
r75x3jyqk_v3.csv,cec77993b6cd7ac24ee81d6e9968a57188d250e8f6cf59d1c9582b67369a93d9,64077
r75x3pg4b_v3.csv,d6f235a1a4bbe663296a1e093bab5717c8b3823549d9838ad28e4a4773bea0c7,64667
r75x88j4b_v3.csv,7d4326028e71bb2737e02822678866680b23504dd6e0c9c2b27b5a1aea9fb50c,64888
r75x8fm3z_v3.csv,0ef7337be6ae15e4fbe7938c4e0685c9219c43ef6cc1071d0f2eeeceb8c07ea0,64412
r75x8jrbx_v3.csv,c0172f109dd9d8129e21262a387543a71816e57c023f2c81c995d71f6db40533,64231
r75xbttyd_v3.csv,ae3a11e6fcf2934852de15f497adf32dd80e61e3d3fdd7c002d0bfa28ff47398,63516
r75xfh6rb_v3.csv,da6375109b724108d83dd61268c5d9b82585b6f026349e57990def2089ff3a92,63100
r75xsfh8g_v3.csv,dfc01e27cd0cbc198b5ea791c07a47ee1003b393f67548e2b06e2551f2472b57,39419
r75xu273c_v3.csv,cad1cdf88fc80669007cc44f007b05c57ee079ce801aa37672e91df2fa24a5c4,47454
r75y3r0k2_v3.csv,a22a9ad8aee9eb4938ec70c9568fc971b5b4a0f6ca02dae603b499d704fbcbb7,31182
r75y6dd8f_v3.csv,d900c3c6de1e3bfb652d52afcbf62e50578287ee635376db638bfe3212545cd1,31284
r75y6tsv7_v3.csv,54d4eb009cdd43607905930c8a358b21e705bb8c4f5e152960455988957eb75e,31445
r75yhh6u6_v3.csv,bff523632bbc09cca34f4a0e0a77bc07fe798d32dcdbc1c87ce73287e4623e05,31190
r75ypykwb_v3.csv,5f85785140a2c1dbb30445f33b1eebf01f80d2677c1b3ae8482696f7be088601,31054
r75yvzmw0_v3.csv,207828ed5f716251d1401bf6188a885e05b21717af78b61689b8b8847dc10d52,31243
r75ywbf9e_v3.csv,78ff7c9585e6789f549d98a987773f4a617e48b2030dcfda9fac62741875bc55,31498
r75yzmukx_v3.csv,7753eab98c32f7b29045c63962c376d42c2cc6871d251267592e951b96c5af93,30373
r75zbvhjp_v3.csv,12ebc9be651598a3d984d876723f80f4294d95aa65f66674c607dae392781886,32768
r75zcyum0_v3.csv,823394262ec9b8d8369f01691a07e3ed40b56110405ae3ca88185eaf5604eaa8,32444
r75zj54cf_v3.csv,b526dda7327d84c806cc95a2f139e2fb2f9c2309ae21160455202e4997eebe01,31452
r75zryr4p_v3.csv,348e63c36f58362a89e9b665636050e3681de2afc29e8f2ba404f54998d4db79,31344
r7701g25z_v3.csv,125017a506fa515994aa6e941e4e0902ed3fcc4778b73c8cdbbeab029b25e42b,33549
r7701g5kk_v3.csv,463ba4ff98d376dbf81f902bee5c4956de66aa1102a2f6753871946b01dcb68b,33362
r7701gk2f_v3.csv,cc767a58cfb2ecbee8f7f9b103310f5ddc40b96162bfb723687e24ab85c304c7,33795
r77045bzg_v3.csv,5f37b2e327725d1f6b5d644fa6a37f44b909ba857756808acadd94aab7fd2961,33027
r77058z6q_v3.csv,1d7dd211592da32049364dd4e126fc965b58041623906b992e207b73a8bd6084,33285
r7705z0h2_v3.csv,b682f0b6aa352a8c28d4362111d4a0aef6887043e15c7196501a398a14d426df,33843
r7706ee6h_v3.csv,99cd4523153188326ba35e1a0f5bcae4c8af00e8d1104b22a33392d1e828d4fc,33215
r77078dnz_v3.csv,28ddd4029363bcd4ab440e5beaf4747307ff349eb84cad2df0d8e586937118c3,33021
r77079bmp_v3.csv,722956a39003bac67cd6e67441fa0db911aedf8f9a5f3ef2e9aec60d31cd1043,33864
r7707tcdq_v3.csv,7430f3e57c17dd2ddb88fc2e0e04f66afa3eb8d5cbe1783e3c40bd1e687cfe34,32322
r770927z1_v3.csv,df1fe02fb115c2649c2c9044dc6fc5259a033a0c6634d41942c23024323c5ce0,32205
r770cvrjz_v3.csv,e9d0fa73ba6576e7d9bfb8c6806d493f98b33b7a854307707473192ae676e34d,31668
r770d9hjr_v3.csv,e3a35c9e4bc93277930a5a71024651bde4447ef88dd6aa30802897abce378f10,31811
r770h16qv_v3.csv,da90104055c67e88698e0ed0e2df670ab1359509296a982c11b2f42e25af279c,33961
r770h1vz0_v3.csv,791d107a7b201c552e9ab2d2e34e2411e942f9bb6203e5d9b9a7b6c4e5002226,33859
r770hsstg_v3.csv,4b1f2cbef1bb823816c0a973d843fe007a7bc365c8c11f77d38069bc6fd47b7e,33736
r770j9rjx_v3.csv,64884b24ba9235b6fc891842e83e6d45b162d2171a5335d989745a8b2ce8f507,33440
r770jcbkd_v3.csv,837efff5f2304fc61f8c509851012f191d30d714a854b51be39ecc949845a333,33633
r770jgcn2_v3.csv,03a6eefa373d42cae2d637cd805bafc54066efdc07a0fd216314912808064467,33213
r770jj43v_v3.csv,884ea613effca6580f9c4f4e974541d6c22fa43fe76e56aa169d29e3b0a115c3,33744
r770jy2xq_v3.csv,80997dc414431ea791b848bf0306de9cca650829d09c1184459f1d3147a2ac4e,33521
r770kg2vd_v3.csv,58839abff6fdbb0894e31eaca6c56a061f2db0825bad4a7c005509ee4e8b2904,32132
r770m3ecy_v3.csv,477587dc01fe298616372c455559f2d051fce145b5b1ec1b29b50d8d60758689,32061
r770mk4xu_v3.csv,66d6a205e7ae3a5de4cc64adb044b2fd58df135b312315ee3c7c7efd6568d304,32139
r770nmuj4_v3.csv,59a08aa7f4537c02fa08bf0e70f10183091302d7bbd08234ef0fd3fc62eb5c75,33854
r770nngy2_v3.csv,2168efaa9e09ec0f19c1229a13ded389ad0df38111a11eab7eb943b68720c8c8,33682
r770nuwzb_v3.csv,b4f494ba895765a69eee94902607808d68033416f556e98871798b4819e17707,34115
r770p5n2b_v3.csv,a2bfa3b0929ea2eba49436a6b26a5ca86ee25dd0e689275e0da1d432b11e783d,33195
r770p71v8_v3.csv,99c6164ab379502f66433f883b2f0d533c5c6901b67c5e91fe4ceccf9ab445bf,33539
r770p74e7_v3.csv,40c95f6609f156cc2ec130fc9d6dc039fb2551197392f4285fe078da01b7944c,34004
r770p81e2_v3.csv,43696582fbe46ce17886326b7a569fa865b245a4bc77256b0ea537f4db826c25,34146
r770pqt9x_v3.csv,85f1ae76aed9404c5e3f52b0439fa7a751a731cd4bc57dd429e90928e701cc56,34015
r770q4cgq_v3.csv,4978408369580d329a501c6005e9087a48f66589bc3690d8db45eb67c3bdb0e2,32027
r770q6w0w_v3.csv,4b5b2bc75fb00515baabb5cc780e01d131f2ef197237cba612bfb1b1fb22092c,31816
r770ren4z_v3.csv,cec72229444759206ce8f9bcb6bdc98f1aaaff34709d1f1743f55d7a2f0df69d,32692
r770sf70v_v3.csv,d18e08aaa7f434098d02ed4ffc25b66a7485b7a038df9b4ed7dd99e7258d621d,31840
r770tgpmm_v3.csv,41b2f82b0d80d297f4b7bd0666bac6ed184dfbb96597e6e149bc582d69c8d80f,31583
r770uqw0h_v3.csv,62bdec959a07a9ae24062cb804ed64f62fbedf12c848bb878ba5a8abc8514e70,31841
r770utzgu_v3.csv,882aefda3b6306a5ad55e1d976cb4b1ac6e1ca2246eb162424d1a1d56d174e9b,31971
r770xhjcp_v3.csv,426c23338752a1392bae9cad711a06dd6a47bee53e95094f2afe95c015cbb52c,32093
r7721ew7k_v3.csv,8c8c94eb193902fc7a7c59cbf49dd08e3ccb888116d3b36d5f256c6a33df1eca,47559
r77222dg8_v3.csv,1fefa691dee8af2d195c2c724ba5073bc366fb8834ddc5cf9a2761a05548b70b,33152
r7722ffpq_v3.csv,21edb2a93811a4380c279f09d502eeadeb2173ac2fdbfc4aa75b520f9ec37a2d,36179
r7722gm5e_v3.csv,5cd85872e4ef73c00826599eb5c02ff3d7560b438ffd706965c1cbcc31c405f6,37047
r7722u61v_v3.csv,7f86e4f4249ccfeade332509f2c916f5676c1ebb3904086c7e53108b415f7e53,35145
r7722uf22_v3.csv,7aae9df036f135be582917fe53e87c6490d82831667ffbb4ad3ab05ef2bdf754,35359
r7722ujx0_v3.csv,d4f54404c344fc7efdd5d573dbffbb72e599a993f40557298f9acb57550fd079,36213
r7722v5c5_v3.csv,24988f6d2e710c8269b378f14a13cd4f8725ad37d3de7faf947ed9e846eff2db,35439
r7722zvz4_v3.csv,13ceb4a41b68fd32e38ef9f1188b6d5d203c700294cdcc1f4e9273bae4ef7e25,36284
r7724p0ru_v3.csv,4054c599dc936f3b8929dbca1d4ea77063ee9073c706d1b68114b8c6fcfd4a57,47796
r7726d4pb_v3.csv,958ce76c24f0f94c0b4e1e051781985f678122d494c5fc6ddbad2591be821d6a,50733
r7728b4qd_v3.csv,56db671f6d01764cfda903a5183c3735048c83b4c8afa7fa3e8c5979ddf32793,34108
r772c6t4y_v3.csv,289a58d7613d7cd38121a47203915de59a885dd99ae6b8520b3132738bcdcd75,37128
r772cp48r_v3.csv,b6c587092fae7727163f4cf68c61d1cb90839ebaedf650f4f56e9fd2253142cb,33232
r772cpz10_v3.csv,fed73a879025e7c1afb4f4ed767ac0193d6d2f1f655f1a86d32e6d04c8279dd0,33350
r772hgb71_v3.csv,e294f21b4e9bc1ac3e58957d83e424b36675ac8d57c21b216446606e156f8302,64598
r772hgdn3_v3.csv,bf63e61a38eb84fb8d431c8a2746ea072c4719ffff3f70215f839cc36f30510b,63002
r772jtp24_v3.csv,e3edaaf372c26c2829f38083586d3ee16648decd41215a7289c112bbdc46a18a,62982
r772kudg3_v3.csv,09f522124b78460f7ab42a750e9dcdf2aaeed74cecdf8221e272a2f588d676cc,63715
r772n0nky_v3.csv,fcd8b60d1b4a4fede101209a93d6516ad8adf0d01f795d0a824933c64adc2d45,63406
r772n2sz5_v3.csv,ab18c7ec6fe14c38cb669dfa8ac8b16c97faaa65f724abc6e98c5209bdfc56ad,63350
r772n3dqh_v3.csv,8fdb656e811e8308320bc975c1d4834ae984d4cb41427e79f31e7b2b50f3a6e8,62484
r772nkj21_v3.csv,e0d46173cdf2fca59ddf747f3ae714e973d14cbdba4b14674c78a6b24fd7a9e8,64169
r772nu8j3_v3.csv,19c38cda818fd6797fcf6c8b9b4bc784de0668c4153b0683579907347c3138c2,63390
r772nubvw_v3.csv,db65162b486829b2ea904c845647b9c69af6343bd7972ef59594dd944e8f1a28,63986
r772pnwdr_v3.csv,a37c0f07e17475de412cbd6498e179f484efebd425d8cb4c04ad177878081643,62733
r772qtz05_v3.csv,7f66ddefc80fb0d7c19db3eb20ea096cb767a90bcceb8310585d6d848843ed64,63766
r772r9hjc_v3.csv,016f0b5aeec7a64fb549a771eb02f864e710d416a26cdb8bb18dd1a2228b4c87,63438
r772rgqb0_v3.csv,da6b16d9471400562794ac620f0ce79183f5adf1bf088b4bdd155c6578a13a91,64237
r772y390q_v3.csv,18dd58f9c1991caafcac01fc175180c11dcfe1c1dcfd0f6c380c67e72959c577,64564
r7731hke4_v3.csv,e7eb402bc41332e0ba04bf79c4344d829c31ae614d578b10b75dff101ee3bfd9,32381
r773278tq_v3.csv,bbdf5a7716d1f5f4077d9130c51bc71169d4077adaeafd2926b4818c9a734784,31309
r7735q174_v3.csv,ecd590e0a2fcf198c29342881845abbf9bda31a0da0b95e15252013b104d8eb1,49828
r773k4hyx_v3.csv,6a4918195ec4200b43153ebc56fc23aa72331e563c70c3471ed451d0c91c2252,57586
r773k4rj4_v3.csv,40c7bdac944c5b5cd5a82dea43301ba17f162fdde97003222e695c7324aae8f9,57762
r773k68h3_v3.csv,dcc4b6d0f180d43442e7b07fd844d64a005efe0eda00363bb0325d76dee42089,57586
r773kv3k0_v3.csv,237ec2de110dfb2780b6f352b09423181509c847eaf41708f080e2c305f8c38b,59967
r773kzsvy_v3.csv,3333cf5e17322d4a08f15c37f51cbb01afc069bd2816a72e90d358d348d6ecdf,61008
r773kzzx4_v3.csv,e7f3f4d0f70f97bfac2e8cfe125f2da7dd7da604b8f0887d6fc0c171b3210c80,60444
r773s57vs_v3.csv,14b2514c2167bea554aae93e3cb701ca0017e78fa4e613973a56b0ff43615de1,52055
r773sq6nn_v3.csv,48babcf9baa483ce5f29e2ce6c9af7fd71553e5f267a4b3c8178037c02895fae,53853
r775c2kef_v3.csv,78586e2426875f6546683f12e1eaa98b9fa969f42f418f38d8c1e4826fee3f92,30783
r775m0hzj_v3.csv,3430db8f817c73ea92c013d0c46259182d2211205ca34baec5e33f321fb2b053,31086
r775q2eyh_v3.csv,211424228b33ba6b8f68f503e26dfbe10cd0f6de7e43c50551c3845f8364523f,31256
r775q62fe_v3.csv,26e3aec302bb4eecad196021d6a5f794381a79001fdbc0402012d5eeaa5032da,31144
r775vj1t9_v3.csv,700b134479b6115c59a58d813d7b751649d2fbfcd8f97d58d6e9c60d0f45562d,31556
r775wkgd1_v3.csv,a53552b69a29cc6da305c4a5fee4e8453bc877ac74a89ce2979870cf95b6cb86,31363
r775xsk24_v3.csv,1b66f2dc7613d4d3fd1c143b3f9163860757eeb7de7a7de755e2a75bd78ef013,30919
r775ymmyv_v3.csv,43381c9b7027a3d8364e231beed586232a74602227fd6e6334b15d18d101bb0d,31355
r775zwyw0_v3.csv,5cf4cc74e192dc3b2d8d25e1dcce6e94e21f5699c1099b6180618a34c58a1fac,31712
r776rkkfg_v3.csv,1ab69dee385c15d153f602425369bef608791a40ab6e72e890b93a369dd05978,60661
r776rrre6_v3.csv,c5b9341a752d9d3c9fb2f04c517dd4b36fe3d5461f1d2b053db44b091e4eb7fb,60602
r776xbm50_v3.csv,8eaf670c128a3ad304aaff6ee87078e7427fa2af02e49850ad62bf39d248765b,60915
r77728dn1_v3.csv,a6348db71590ae606414b91273ed5c62dec952fe02c2c1739fe40655f7c38cc6,31292
r7773k611_v3.csv,c571952010d54c1180a0a5ac05750a0e121a9486a1cd760986c6ad8a900a656e,31346
r7776t2u6_v3.csv,520d9d101fa330c241431b3246752e3aa4ef5c1e056a09299f184c45e4718bf3,31316
r777bh24h_v3.csv,957b9d538e6adf3b85204f72299121161980188e0605956bca06a7a360abf7db,30822
r777bqnfn_v3.csv,cc2d928f52fecce0e35d5894ad87287ee3bf3b3e53a4ca384d38a0851fab1281,31607
r777d1ngj_v3.csv,6c2d8e8d74339cdf15f85f33ae70ec5e1888d00766e0df00c4e046a39b096b0a,30933
r777d5uj4_v3.csv,fd461694679d9ec60535e8343210f2c15f9fe5ae76cb5a573481ca41dc971286,31065
r777dybdc_v3.csv,52be00d6feeb5e4281d1dffa9afafc647c7733f0cf4cbc72f9cc9648275109df,30811
r777ku89p_v3.csv,3a370cb306f3c680d954dcbfb23279794c65884448fbc99bf79c603ba412d0b8,42346
r777s96re_v3.csv,855ee8a7abe6f9d739d8ff6e2a0fc83c747188d1083bb72f786fcd9fa0c0318f,39176
r777srhvy_v3.csv,c14b5edb4f259e8183d8f0ee605799ed09a77ed3f7e35435f9aa07c5d4dbb1c0,35830
r777we70g_v3.csv,9e97c31f2074ef637a52f330d6f5fc3c686bfc224525c7012e074b0f2f109931,56388
r7780hjj4_v3.csv,c67c49b9702d1850f0b76933e71629ce50412a34751e6056f65c9bc41100083d,62400
r7781b1f4_v3.csv,e81f7814d628c2dfdeee63989fed78671a23a46fe4da2da7df0f21d4b84fdf7d,63005
r7783f0nx_v3.csv,92b432cf6bd8b625c2dfdf7104451c5470e3f35c72ca87b93116a0cba99b9a42,64149
r7783ybu3_v3.csv,83926666bf846b8c770572f9db1c9e9a5767404a1bf03cccef9b514aa6de577f,62985
r7784qmyc_v3.csv,7fef00b1dbf8307874c182f0dcb0a491c47095bb143f5660dbd80c8483484999,63416
r7784xmsr_v3.csv,75d1eadb219613801a376431cefca037fa87028b0027a746d88c7149fa963e1f,63118
r77872tk5_v3.csv,680c49e8bf2746bed177d56e8f6aaca6c17e79415c26b7692c6740622f687d42,62059
r7787nrjk_v3.csv,1fab359d7d369697f15e1e9e104d612dcc70c1680d13b9f1b50ec5724017d033,61826
r77883k1j_v3.csv,935afe93aba23d525714f19e15e04d5ceb0367674900df65bd342602a5ef24bb,63881
r778d3hjk_v3.csv,ec6e8a3eac39fa223f7375f7837b8413f2cb84b3f141a760287ea23ea0dd3d18,64453
r778kteez_v3.csv,9f789479f2da01c1afd76d07eabb6d0ea7565ae385b72a9853d32298df358696,53352
r778qw99e_v3.csv,c925ad868d7a11c8d9e7c0afbc9628bb72964104bb08068ca7372c7cf44f176c,35623
r778se9tc_v3.csv,5d6e1767b0299d343fc033857b64fc1a47a9982e56d74bd8a3610294d44ab459,56472
r778ufymh_v3.csv,4d8e53bfec64370790ca10a7cd9aba60906a2fc6c1a3e6b1137bbc275bb7225e,54133
r778v86nm_v3.csv,53866ac467699cfc336abe42dbae6219a5214d04103ce3f0af32c33af3a7cbf9,43015
r77996ykx_v3.csv,ea4c1485b948b5d7da30b6ae7dcce123de7acf37f0431d02af5aa3a9de21b147,61606
r779d3wwj_v3.csv,5ed944efab433247d3f9ba525152726a4a7715e588fa18bee10269ec3909bd1e,61755
r779vynqk_v3.csv,9125324b7d7215c62b7dc701ae7edb1de7865812188f3f7e3922dd0a0b8de9ed,52553
r77b3dj0c_v3.csv,6a105f856c345ae6b5b85c46041363a2b2bc4c550751fe364a7a2891ce441dee,32289
r77b461x5_v3.csv,c02ab1365f14cdc67e4ef198f020fc33830f710bd410fc10ee6bfa927d63419f,32864
r77b5tj6u_v3.csv,21898bebf991b22bdf2220416a2b503158946c3fbd0ff154fb91cf0dbaa8fa15,32845
r77b5tq6j_v3.csv,40ee5c9668575f8c826df6cd56dbd6455760b678870ed2c50593b6d926f87b50,32086
r77b64h8z_v3.csv,e95b571bd62f0a19234505ff914a56427dc128b34692a09971b9f6b63c18fa73,32306
r77b6xxtt_v3.csv,70ee3fbfb2e280007c5418687426554caeb59c2608be28f82e87a97c86dd37ef,32785
r77b7d2q6_v3.csv,54e3f1d8602bcefdd13d46f57548471330501e5fa68b526eea75fcf415c1e69a,32615
r77b7emrr_v3.csv,234bad59192f2add3ecbd92f9adfd31cda9627ccb4594b97f461ba2e0b7d6ead,32547
r77bdhvnn_v3.csv,d88128ac3af607d29e708350919fb1b26b87e97fbe4f3595575fa2ec33b91f97,32606
r77bdkhqe_v3.csv,345c7c13a25507edccdbdc77604b7ec8f3fe4e3f5d7f90d14aedc584c65c6726,32855
r77bdksks_v3.csv,7831b5817f09e58732ef01f4e77da8b0677763bfa02e4a6b3322c445b64e52d2,32602
r77be58jj_v3.csv,2b49d48690f7f32f4111228a251a1861481e69f5add5893963d66029458cb9cd,32581
r77bebm9h_v3.csv,442c83ae0b5c5e5401ae338b498490efa6a0e31f30319f70ed6c3bfe0700c32d,32249
r77behhbk_v3.csv,f7b8bbc8c211aeb4f49518a4d0f090458485e743c4305fe1a22b95317dfff602,32157
r77bffvf8_v3.csv,cf0d53dab23c45395f46cda93d055d01575b5d835801c02620460bab050f55bd,30903
r77bg6evk_v3.csv,b6901ef4260d4d63dad153458c6b479b7b0c6963952e38b07abb21b4d3ca7112,30914
r77bge3q6_v3.csv,cf32c31fe67b3eb3cf7f198c3c9e3b976851c141415a76294d2650e43e6ea4c8,31060
r77bh27zc_v3.csv,93a55a296a2c0e90302ad446b3e54acbdbf2fcac9e1334287b122b9cf255e9a8,32396
r77bjpt9h_v3.csv,35a8c850329680a20e2f665675199f9fb584c216272a48e37e26bfb84ff75313,32693
r77bksuhw_v3.csv,e9a06ed90b0b9e3caa09c921a9fcc97e1a60b04164615409b2c31e4a517ae410,31999
r77bmm7uh_v3.csv,701ef28c4d74e07412af6dbc0e0476b223bed8a5174df87a37470e45b36b70ed,32459
r77bmwzju_v3.csv,aab00bbb7be6236966e1d9b1c7fb1513b78265e36c581bce02bab86f26e4958d,32030
r77bmxxs5_v3.csv,41fb19ba91963b0614fc4746e872337b7a9eedefac4a76a857eaf92df8064797,32251
r77bpcxs3_v3.csv,0288a1fb87929e4ccd7e79c663715b758c2ec9d43a602acb12be341a18a65b9e,32491
r77bpqtnm_v3.csv,f84d0c0bd1cf5cb87e44b524a11aea98314bcd51dd91b61448f17c1b7239bcea,31690
r77bpt0fc_v3.csv,44aa7c16b3c8ee0f4ab4c8c8e76523617fc927090f60d85491ab62c430b17a3b,32267
r77bqeggb_v3.csv,ada3dc189309acc026416f2e7395de62bf07d84b087b55e71e26879f7e72e6e8,32308
r77bqm62r_v3.csv,7715cb4362f1d96479360bd921dd7aa09d8b0e712d4f97b5d87e7299e5d3b962,33053
r77bscvjd_v3.csv,76aee3fae8ad163c0198325e0cfe6644153655599e69494caa5f0a02e6703951,32430
r77bt7vk4_v3.csv,31d420a5e67173ae012b10a8eef14beb34289d8152ca758e62ed5530e8cd5909,32565
r77btrw5r_v3.csv,fdcd017e76f1223d8dbaf11cc333c3c6ad688bb699ccbce8d6e177683be5433a,31174
r77bv29sr_v3.csv,70040a65b92184304f7ef591cd36d1581eb02eac4b936183f32014b9abf27a2d,31079
r77bwbg39_v3.csv,f771721ad392afd25a04be260c2699f7b866e7ef2b127b2288ae301b883cc28a,32308
r77bwjnxc_v3.csv,7bf51362c5233044f87ab8d7410aacbbb52dfe6adc0274bb1bdba9e0727e52d2,32096
r77bwzxfr_v3.csv,338e6c88e32fe8046b08eadc3a22609ca3d410d30a38194500d5d260f166a4b0,30607
r77by97mp_v3.csv,eabbe20dbc4735302440dbbca53a70694f0091b4a10b4ae9142cedb5478edafb,30590
r77bygj7r_v3.csv,0c954ee13f75c298b5a43ac777156ba11bc884bb5ee1013d40a43c00c71fbfac,31100
r77byj6rg_v3.csv,adbe5c27b514a43f5961b68e2dc0eb6d42136af3d3f4eca462902c5d7ae94e3f,30731
r77byw1sn_v3.csv,bc2981f160a16fdc480d5c7dcf21be5faa3ba4c76fa69d2943a44acf0ecd2249,30656
r77bzxmrt_v3.csv,db0c34262bf0d4b1938c4e8012d20e1e863ab8f407afdaf360aafc98da71a1c2,30587
r77bzxwxd_v3.csv,fd7fcf037dacb797cd6baa2f938dcab65fed012eb6b9a4c329085a089f0672ed,30410
r77c5nn1w_v3.csv,16cbd4a1a248f73dc3133c00f33c5ca98571706367064072d96150b29d94e59a,30634
r77c67rg0_v3.csv,d7e31c9c19c860c2af9ffea661f8795dbfb6e510819877dbbd07709b4d5e9dd0,30142
r77c6ypx9_v3.csv,3e581f0ed6317dceb35327b4ce5e98126a67c0ebf73e6dc25a0970b1414fb306,30341
r77cdyp54_v3.csv,3ac071c75ce4cb4fe0c4242e64c8dc38884d7f9882bb6440d3a2aa4282fa1aab,30513
r77cee56r_v3.csv,c7ae993ac16f843457b7d3216bd9d832b654b7a743323aa563d8f157845079bf,29773
r77cer04g_v3.csv,8eeff5593e7b47fe1dba06f789b57017e707a10f9b1812742101a3db3a6aa2b9,30823
r77cg2cgk_v3.csv,de4bd27fbfae00298cda0adfdfac2b5355ba09ced2157d486a892619868cff24,29811
r77cg2hzy_v3.csv,907345a288c0d4d069d0280e273f956bf2e3f88231a226f7478831df6537c3e9,30887
r77cg90z4_v3.csv,2c632d031b8a5daf8a51f093e12cc7a2fad7a96a3f39dcc90bfaaed48d61b8ef,29739
r77chc2x2_v3.csv,6e0dfea410aba31da06592422800252e8c8e2843334e2a2c6eb38f7b380bb00b,30589
r77chddqx_v3.csv,aac650b42f233680fc8a39ae0939075960eb0d91e1dfee2f681dde84e7ace565,30288
r77chgwj2_v3.csv,d9eff6f723b808252f28b46a4c572f9b8b514db4678bfe851c0027f587647fc1,30145
r77chsktc_v3.csv,fa753fc6b85f1786a5d7d405a6725420fe1b072d9fba5cee31ca1699d5901bbc,30079
r77cj4wp7_v3.csv,b39f144bc55702b0dd13c49f94bbcdf60c9684d69d8f6b99095cb5aa7ac38f0b,30003
r77cjyq4q_v3.csv,7a8d619e0a0e3c6cca7e5f68a365ca06dfcc3869d0628507b3b74d8aa4c4bf5e,30387
r77ckmn9s_v3.csv,40f72fc83a4ffb8e3c0458ad8086b5586ec8e614b14b971e1577aac85d077340,30008
r77cmfxjy_v3.csv,5760b2b2318ddddf6a6625501f8ae088355c98f8a6b9e6de628d48c002b5ac00,30267
r77cmxb6n_v3.csv,e6daa47f122721069581905fc99c8e06f336b4307d74595f3e343437a563ed0e,29823
r77cnur8w_v3.csv,79edfd981fa21ea4bafc22a18d16394e423f8da3c4c8ac5faa3c87d2ba51949d,30480
r77ct4ugk_v3.csv,fce7b021b2ed0d6d9761af04db671c4adaf70f6d99fb25189a9fed72d3c1aad1,30132
r77ctb3h6_v3.csv,4b8c49d554a1eeb52634e4c702e81268ea2710ac2fc4b64fdbcf5c15247f4a06,30610
r77ctdjku_v3.csv,93a70c17ca03739dc6435bdd11486de54b1683ee8a7d0faccb990dd9fc8e9bb1,30285
r77ctjfuc_v3.csv,980bd07760022c7e029cd788a7bc0550c3fba5a80b244f226f7c53334e23692b,29633
r77ctjn1g_v3.csv,ef57daadbb7cdbc8821556eef6ffd1ea9396cde7cda47dd481632727dbb216a0,30325
r77cu5xr2_v3.csv,12b9704088b2d44b54b44f0ac37a7510f3a118d4363e10a28671d7b8b1c3d4eb,30217
r77cumegq_v3.csv,2adeb91eabe4e4faf4257f55835bf8e9435b7361eff3f8b8ed1fff1956b45ae6,30561
r77cvbb71_v3.csv,301eeacab2676c4453c63612eba9803e68c6f078d3f1dc308070937685e2ad43,30258
r77cvpzbh_v3.csv,58ae6b6538d44dc5c31330b4dcebe451a212933c7736a9ec388db5d4597d5366,30898
r77cw2xzj_v3.csv,45a529389c5de0e7dc98572fb7c7343ae8787f4d63380c6c5d11db790f0f090f,29795
r77d1bz31_v3.csv,b03729769a1bd8de424cb90a52225718d1bfa84ba57bb8032b4ee32a90a29a90,62049
r77d1zfnn_v3.csv,d3771508e958a24eb5d7ba37f1c5db6ef5309efa173e9e2605b57018d1ed0573,60106
r77d2uebr_v3.csv,1cf5bfe1d98897ee3ae2f028987d8f17ae1bba920944e8b511ef8c41af8b5fd6,59896
r77d3cxrq_v3.csv,fb629aaa6eb628f1c0fba385051efc88c3035fcbe3f024c461e9f124e7590cb8,60379
r77d3g50f_v3.csv,a69f8c656850af614e225271cbcd753095f35383fff9cac1259e2a35179afd28,61052
r77d3gmk5_v3.csv,e488def53df6969a4b1a84795de0d00a363f59d47e4290d68c12753ea6a6dfb7,60877
r77d3n211_v3.csv,87c570ab5672e855672bbc10d3511528c130a1073025037cabbef6c1bd88cd47,60340
r77d3n8du_v3.csv,2a993ec9188bdc301f3972b2f296f75110f3c59dbf04f4e6bd3899c806a86bf7,60582
r77d3y9ut_v3.csv,e810221ec79503cca7745cf584475be8c67c7f3c70771e885d2b80beeece7dab,60910
r77d41b63_v3.csv,97f652c5ae34fd4567bb38a918b8360f7e4d08b02741352af3656aeed499eccc,60845
r77d4mcem_v3.csv,a317b8fe6dfeb74670a0f99eef59afe5a766e3dbee93bfbbc3eb04a033337680,60684
r77d7mk78_v3.csv,3772811c6c95a3b223c9330e9e0ede0378c0a716d9334ee72c7ac71c49684b73,60882
r77d92k8e_v3.csv,2b958c1ce97f588077c87e2413a22dec4b883a8353963e780f8aec3eaa9e4b9a,60790
r77d94h1k_v3.csv,605ffce6166baf60d29e3fc63cfa738c93d7127a3740961bb11ba7d1f09c2e8b,59938
r77d9wv8f_v3.csv,2f6a2ffbf8b0d24318672c09dd0cd2fc701395f4dee33ad080bbcf2dac71575a,60740
r77d9xyy0_v3.csv,5f9d1901e6c7dd7bd1bd4b59f12710ccf6d1bce85467af3e6f83a306e63c3f67,60608
r77ddeev0_v3.csv,fa0bef90ad63495d435d70f063f4da6d59a4a5acc32d029f217001ec2f53f055,60699
r77ddpx0g_v3.csv,2afb00c0920dc2b795f88d9c1c6275691dd209a4ecf47775e9cc6d842909666c,60610
r77dfs4np_v3.csv,6a2628efa3894f6e3b09ac1d78d57d3ffa90d15aeb05ee2667922d6137649fbf,60681
r77dsg1me_v3.csv,0d1b72dd59c5deed6ca2b840c505c14aaab847cb3ca03f001b2ea8638c2911e7,60296
r77dt9zs0_v3.csv,388c52b58ba0dcd9977e0877e2fc64629612dbf6195acaf62cea6c2516d70817,58151
r77dtfs21_v3.csv,aa50429330757964a027fa22cb3dd23ae9ef4aa4a51b91188ef461f20a4a25be,58588
r77e514v7_v3.csv,cc20137bb0dc4b814d4ffc11bcbda6b920f7298e1ba41653a900e6714afe805a,59809
r77e51j2g_v3.csv,006daaf47a33c2c37419e12b5145fdf1a670b4e431f39e68b871213aa3f1bc55,59955
r77e5gkbv_v3.csv,5009f0280f80de669d69c17463a396ef13dc012aa654945b5f6aaee9c6744385,59799
r77ec3gv9_v3.csv,9c041e49215641a11f48932b06321a1a97124631b79db5b97af489c98350d170,60180
r77er1v31_v3.csv,797999066e6d2b80d6cc4f9c0dfbaa164afb41b0332a6661713e9212809a124d,51896
r77et9cnz_v3.csv,f90f410add98b01c18a258201cf08dd981b4e410d54805c2bb0316e052ef3f8a,59224
r77f168pu_v3.csv,fc3558970e3dc91854a1f49d58d35bf179adeb4b9f57f5a3578f63753b5f6fc2,31067
r77f7uy1c_v3.csv,40e4dead4b5333ec2006d822c0b544ad3b2561204df081fd785d2cccd5bac544,30409
r77ffjzx6_v3.csv,dacd67e12dbb8f42c21eecf65f016b83a95afbd418faf72f48625b33d87b2618,30837
r77ffz7jc_v3.csv,4ff9f7ffc93bc24036e1cec4862b52f4c9f44b0d285caac3cb370a98b99e18ef,31036
r77fh3zp1_v3.csv,ce046f8d7513b57e643cc19388936543e76fbd7e620e61b53807e73b9b9518c9,29665
r77fhpgdx_v3.csv,ccb43e1cca66f651bcf7906e3e4dc239120c837345af223669d664994e9ab9fc,30349
r77fhqgzk_v3.csv,14512b7811b90aff7adf44c2554f6e6e2810a9a438b650b9c4cc95d1e021cb51,30247
r77fhweek_v3.csv,4f8653e45231f11b66fc44c22febcaf8ff059be3195fa9a028a5e58a2be91195,29809
r77fj02bk_v3.csv,9bdfaf895752b54db31924c2449d6e1e4bcfb25b39b67f2037a4786e9bc72889,30967
r77fk2hem_v3.csv,4067631a99db1e79ed9576e3c9d3c3a6699cec9cc5f31bf9a830cce07eb337a7,30129
r77fk6ebm_v3.csv,45ababf642878cd803f2e0efaf5f36754dc50a502817daa902fad45eeb4ba89f,30399
r77fkctng_v3.csv,1497cd3250f29df18babf2bdfbdf91d683adf8d6953b9f4f471f36b8337bdab4,30261
r77fkx33t_v3.csv,0ba6c069f6fe9521802d03b306913ae8be999e4362a8891cc9f7888b002e4d41,30380
r77fm9uyq_v3.csv,3bcebd4f415ee1eafddd3eb8b63e7afbad0a02a3a548932a9137de6abb6842b6,30262
r77fmkjfg_v3.csv,622ac3a4ded6ba4b7a19f2859ddd4d761ad96124847c9e422f2ede2a3101ba38,29998
r77fpgkey_v3.csv,e014c4232c8d85292b2f9def3ef62dab30b2d7e655f66a3063fd62e83b535f50,30514
r77fpq1sg_v3.csv,86d069650a7635468658589c176a0cce1e93c4657c12157eb068bac6731ed8df,29955
r77fprxwj_v3.csv,e050ecf6d2f083724d4f9006329d9c390bccfeacbb04af6a7a02e80a327e6df0,30182
r77fq30g5_v3.csv,fee6a6ed3599916add8f45e863f141b783e80e6ef379dd7fdc6c93b6b0c465ac,30504
r77fqt7v0_v3.csv,87c8b643bb67d2d7a7407ba46dfbae3c5ac07462cff017df072e9207dfbc659b,30078
r77fqw8mm_v3.csv,46552912e98ce294e74edf28c85b234383e8a3de3b31906bd82769e98fa40bf7,30835
r77fr1ymd_v3.csv,5a4aa42d422b40b4316a59b18f6470619b01a6a212163cbf0032cd257cfc1b97,30070
r77fr4nry_v3.csv,df18e9968ca0bffb6aa6e0308190a8475b0d12c4d8819877cfa194fb19977d14,29642
r77fr5j45_v3.csv,4eff67d6748ff21198fed2cab2c7ace86b66246c3a2f13071f8dfd8fa1944374,30580
r77fr5qds_v3.csv,0d89b253d4a72d5ac33f001033f5b3e63453fc9336735d6c21ed27e56d0cfdeb,30639
r77fr5sgg_v3.csv,d71731ad867d42cbbe7aa25a3a03114dc38af7eef8a5c5af8f0c63165042962a,30938
r77fr7mq9_v3.csv,fb85c460041334932bbdc788b0886c9dd4d513a3f6ddf4234f14f7c9e85eab9e,30460
r77fr84k3_v3.csv,15e1f5825ddb4e3c8bed97be80078a3c6d5b2d4116a927693f6e59f15071c9bb,30325
r77frfv5z_v3.csv,ab2c1a19d94a108547f42ec6862fdc528e3a9327b54a698f9a1da4bb87b60b6d,30368
r77frkwnd_v3.csv,83094d506e748be7c657eb68239e5a7a223a42df4cb8c41aa2d1f1f66fa5b311,30296
r77frsw8b_v3.csv,c1b83e7b2951c7e70481fd80dc1a5fc5ab72e5f46ed6778aa0f516e5480b492b,30716
r77frthjb_v3.csv,f2ce61409c1e4ea73c732ffb74dcb8d6bbfa825a16ed8cf0393a120edc3a001f,30657
r77ft6tv4_v3.csv,5105e4a16236fd2a339ce459dd3ec64d7c3120ac1fe8b0c3712220bf5f48d11e,29762
r77ftqc9k_v3.csv,66ceaac8a0e60d3055fc924555aaf2237467c7aa89f2c7bc956baaf8f9cbec10,30148
r77fuz8k0_v3.csv,fab19b2232117b34dc1579cf69ce724418f00988b0af3aaeeb907e39be554c08,29929
r77fv360y_v3.csv,5c3399d6eb2db5623d506f4a09e93d34eca8a75e271b28a43a389d23b878c8b5,30299
r77fv45mb_v3.csv,154d5d7ac854aa9f7d80fae0761b9330e0853a26dcd7b13afc23e167073d4329,30197
r77fv932w_v3.csv,51c7f625feecc5eed33fd9f819957f639f00d5f6ad533faa98b9d51dc2c25b69,30050
r77fvf6sy_v3.csv,2a1770b1773ec20c019463582521ca50d52c8ee218e805679f374057412bacb0,30401
r77fvgkty_v3.csv,0b4d81153add792cf83f022d4ca612c23bfda329ff7bbebc02a3f50f6e0dfe1d,29999
r77fvq16r_v3.csv,9fa49f1e1723883449fdfb27c245c907e99e2bb76a8ee19d62690f11d7d99fc4,30452
r77fvun48_v3.csv,3bca844ade5d34f311e12b44dbf6d9c23d5cb09b445578aad2e2f876cdb4149e,29791
r77fvvys5_v3.csv,edb3c0e7402104c0302961de0ffc66f45bab645fe0e6251dcdec0b8f71b3c8ca,30822
r77fvzwj4_v3.csv,0973f6cf81193be27bfbfc269ef986b9d3d080a07b4a047eef51a2c78ccf3027,30337
r77fw6qr9_v3.csv,cef644b725fb699ebb028105894411c9e32003faa7461641743713ea1fb08cd9,30190
r77fw9f7e_v3.csv,090d5c0adc8cd665b7c790d71d06d2f8e0f541a92a377cd1f522c00b57b50a0a,30476
r77fwd747_v3.csv,d72b41f2f30d18ddc291b198f3f96a7afd06d77de480975d5bda2c03504494bd,30402
r77fweng7_v3.csv,5b382d7531bff2183e0a7e050e98f9f5f7e5df419cedaade47b119106e601ce3,30954
r77fwj58g_v3.csv,b137dc3e7a9ead3573cd366ce7ca034d2e0d4dc355ba966636d5b712c0c0f4fa,30510
r77fwwv2s_v3.csv,7f334733b03bb7ec8c77047f46c7ba32d3455bff0b25cd811ac5c13aeeafafb0,30612
r77fwycbt_v3.csv,336f2750dc6e3e00a47bfec7bb76de82ff7429ce435372a2a662e5bacbf06681,30362
r77fwytfz_v3.csv,126b1c5edc7ce61705d47c69bf58934bc318e442f1b64393e5a417b21699ca42,30590
r77fx7313_v3.csv,29872132cec143eef79ac9b603dd6cc9430e2ba90cd124d308fd9e45eb913856,30310
r77fxgfw7_v3.csv,3d640ede14ee5e8633e1603d2f03944a27d752f60911c4d8e82cda7c91314da6,30238
r77fxkcjj_v3.csv,4e8b183bcc0c5e7fd311445474cc774caf664e39498f0691c5995352f0235fbd,30506
r77fxsbtn_v3.csv,ccfd34290e4b96587402024c6e71b283b571dd2874603f5ed4808f4552c577eb,30520
r77fxute2_v3.csv,d7c8c35f5fbd287da8a22f7f520fde0058e9e3c684a348368a5c799fae436189,29882
r77fxyb3q_v3.csv,0774740d431929b796928a792d07b04d4e485224037e52c55c5836dff1cd0b6c,30406
r77fxyfej_v3.csv,14d2065e633632f37a1ca17a26b8ee37ff67702949cdb9ccda39605bae2e8df2,30511
r77fxz8wu_v3.csv,d3389de3a8af05d0ebeb6b2f33b7a7a9f219a15e6da69c6d26ef11f8e9964754,30811
r77fy07fq_v3.csv,de5c7c441654c3357403aaa3824b8c758637b34e394c204b07fa4a9c49a90b8e,30651
r77fy2fy3_v3.csv,717ca7a793ebf6d070c0466765f7a5e6bfe2c3d8b9776c0cbdbd85230b34c41e,30666
r77fy632c_v3.csv,9536b05932de9b9e9cda76a3fc16d7a40fc627f2d44fa4319cfbc4b040158b73,30885
r77fybr8f_v3.csv,a6891ec239f8dc6dba5936065678053276dc19d65e019e680d77dfed861dec8a,30180
r77fyh2q5_v3.csv,ffabf5f81af2d551c7e22562baccaf4db2fb5eccf321ae3cb19f031102b7a338,30770
r77fytmmn_v3.csv,305cb09a01b1c6e23d45d85dffce95ea39fab3d86a4f61c2a6ca97414e6d0801,30245
r77fyybu6_v3.csv,9c7b541eca29a58103a95947dbf47c4f54102b41f81d96a68fa31927dea254b1,30196
r77fz9qvy_v3.csv,e9d4ab0ef9bb1d422bc964edafbe38154b9c5ddfc7acbda15e4e3b2e9d8c66de,29781
r77fzcbjt_v3.csv,fc78529cea831c87d1d2e502307a83c6b97236c1d878d32aefdc056a265a76b9,29799
r77fzcq3w_v3.csv,3b55a510ea46267321fcc2a6be0c71ba83feeb4be41764320b4f851f5eda335b,30234
r77fzecd1_v3.csv,e53f523f30e4728c3052f302a822f196b4ac3643e0a2bd3415be4bd29fcabc41,30214
r77fzfgn2_v3.csv,e7d11eb52214a1acf0cadeba0bb5b1d3c6487d3690c1105d1201b56b6b2008fb,30502
r77fzh7cd_v3.csv,e8f6e3daacbe53ededc0a0717169a411def03d16eab90e0ab61caa0b2225c819,29975
r77g0s59f_v3.csv,c79ef7ece857a8cdd3bf306f1eb5d841f3733c2bc053ca0c018e36b023453a9f,35317
r77g0u0ce_v3.csv,4164c06a671a276c282b53da977f8ba75e393f317d3ec1909e05ca7779e36c18,34361
r77g0v31v_v3.csv,24031032a575704143a0d9088a6a2c0cffb889a36ea8c1c3c569127fbde515fe,34167
r77g1sjmy_v3.csv,ce8da511252687986a46c7be02370a4ab64f4b525ab9ef157bb6e05d7d3b33b6,32026
r77g5sdv2_v3.csv,2ec96017461ec92fe165f7b1b1447e430199b6dc3d5c43f75a5c9c4fb6b6bdf6,30149
r77g7b29d_v3.csv,db83160eb68cfae8a15179ba5c3705456b9f83d60e3f0763e6e518743e4279d7,30330
r77g80mmj_v3.csv,4025919085b8c6621aa500d09711874dd3d93078dccb58297316926886f5ba78,41223
r77g8hdqb_v3.csv,29f88de04a3825faea8ff47d1011d42c2d0d294e2a6d0c1b0451e5935be5f2c1,44385
r77gb0ggj_v3.csv,36b16f611bb550fd17580fe167c18c8225a294566b5f8ee3b1727d98b283c337,46447
r77gf5rjg_v3.csv,ed6950368f674f2e1f6d59596562cbda8335b623a2739e580171ca48a46c3485,32090
r77ggzvgq_v3.csv,d5d72f967439b63749a2af92ec345893fe43b173c4e33e0f83e4615c0bbacd88,30403
r77ghcmbv_v3.csv,fe2813b39ad6369d97ca9470314b2e417450511387bee761698f6700795e40ff,29985
r77ghftpb_v3.csv,c87bf02b66a2d002fc931ff6a26ee1e4dab57395c83cdb3dfa8bd0bf6d3ef70f,30148
r77gj0hrr_v3.csv,28cb5070cec03da789f9fc5c9ef9ab6c79026fc124bde6d8a58df99ab3f37053,30957
r77gj3wgg_v3.csv,3928f361f528f94284d8190a3a1fa229cc974fcd984ae1e719e0caa0607940ec,30783
r77gj8w1j_v3.csv,92c075e010473e95619c4b630246a30a751bc8aae6a150d95905511d7d2e48f9,30243
r77gjcrcs_v3.csv,2ea4e806ba3b61b621dec87456956fdb06c8266ff70f70038715cd20bbe5ffe9,30055
r77gm8r6q_v3.csv,18d78711f0193987b47ca970bf650acd074769a853a03e3b5a32dbe2c121519d,29866
r77gmdu5s_v3.csv,279ff801ca0a3bc7406cd76a96303bdcac9a7b9bfcc9c2ebe8ab67a627c3218f,30539
r77gn0egc_v3.csv,931d159ab6be0068eeca1725a8788ca8ded8dc642b56b85ad81030603a5038d0,30759
r77gntzud_v3.csv,b8d951de3398ce2f879ac5679610b076cd3b0b291166d291379297624a05d15b,29938
r77gpc3ff_v3.csv,1eb3265833de6633ffd34857e8c98360db51aaf4cb15e81f2403aad6a8f816f1,29750
r77gq2fvs_v3.csv,7245d17850a832e99c28777885161b514b879f3cc12324ed1ffda7adb7782ffa,30281
r77gqgwch_v3.csv,dcfe4bcaa7eac8ff91d7a882450ba4af3608d58c81d046ede3f6882c62778ea1,29992
r77gqpf7p_v3.csv,a67711f4eeb62e09631970f1e5e64b669d2d495eb8ecd84226212251240618d8,30441
r77gqqngn_v3.csv,29b16f0a95e002edbe9c85c83d89d1157d7c78a8ed594dd61afc73bfc7c7cfc4,29520
r77grnny8_v3.csv,99250641eeac2cb922e7eba77534e8784fd5c0ce7153ea1a4a7cacc84c975468,30151
r77grwpb6_v3.csv,899e3850b9c720cb815e739565be5485078ddfb68bc6673ed3064fd80bafceb1,29930
r77gs259u_v3.csv,b7eccff6029b4356945d62c683db55d6f8ba42dcdece73785349349d9191188d,29985
r77gstf4f_v3.csv,24a691f28f682a0cfe47970f8584a2a8cb549d8cdbb580bb3b99cc513a6cc5c6,29880
r77gtyyu1_v3.csv,7bee7742d826fe15e3c954979847d4955450fab6e3c078ab9c89231ad16bd05b,29952
r77gw467y_v3.csv,88fd42db62f5bcdfbf37dceda7266b6fb25fb820b7b57044268838d87e6d433a,30025
r77gw5c4t_v3.csv,9f22fd47705b565330f437c754b7a51846933d7beb9d812cfc17f661d5920726,29989
r77gw91j1_v3.csv,f090fcb75dac810664a8305b36c57e2931acba50bdcd93c9f1ad56db82f0c530,29941
r77gwrwmb_v3.csv,72a6eb39264e654ddf5d75e2fd051f69c21d56dcea210e58b273cc0f59688304,30487
r77gwxv0b_v3.csv,932cc6690d93eba89a9f3832f885ddcd52d1d1006c819b7768bc5ab00b933c18,30168
r77gx048k_v3.csv,e011bd65629ad6bf3307decffa7b838a989a45ed3201f87e4501c288afdc6e11,29690
r77gxhpm8_v3.csv,19fc4bfbf64c5862723a73ab30cba7f40e5f388f65994fd0554e2c21a8139ada,29795
r77gy8dn7_v3.csv,c4e11bbff8c3f602c8b4209f3b96e72a3114a57ab7f9fcdb6ad5802a6c652346,30571
r77gy9kz6_v3.csv,84d4bdbf58256d71fdeed6dc5413cc74c55d6a74e515e2db7d76e60ac3d678bc,29860
r77gysje8_v3.csv,c2f1e1c428b3d818f21f469eba2f33ddd57f8412502b12e6d3c639c159aea10e,29733
r77khd3et_v3.csv,dd62bc1c63c45d27630d2b2f692d8844ac6ac2524c518194eab3c69778ac3270,33485
r77khf6f3_v3.csv,175faa0267cd38ed4cac9455fe6fa72536b21d452f8ae5732c3166d1a6670e58,36422
r77upbdjw_v3.csv,8a1a902d6ad00015f08fb7a0d556937cd007eeff6e428010b59bb93a8568a3fc,30472
r7h0259wk_v3.csv,e2509f964efdd73a18e4ea4b0ea17e710af71664e7266ce90bec0f8b622aba9c,31501
r7h028rrm_v3.csv,4da72034edd97829be35ecf6b63c12d91d27459704de5266ead588b19e9970c8,32022
r7h028yeg_v3.csv,cab52c0836700e0f595838f40c8fbb9ccbd325022b9ea497487640b69f473888,31323
r7h02emg5_v3.csv,952acebed6ae27a626df7c5fe5e60711722c1e0ac30b9de960648af7e55ec234,31656
r7h02g6mw_v3.csv,a6e4d55a911c549ca0fe6c92e195974eb24ade00dfc0cae40014d0cd0b844498,31667
r7h02nxx7_v3.csv,8d4870c9b29e501683193244be2681952bdf56b8b70772ecaad754ae5d5a8df5,31715
r7h02q6jt_v3.csv,dade2ff82ee14f2388a046ad07ea35545b45f008b1a16620f9324b9d13679440,31394
r7h035sg4_v3.csv,f60c82e6f5562ced87446fe3e7fefe77cda5d8793c0b2b2243d4aa0b59e9637d,31199
r7h046dvm_v3.csv,731dca239539eaa41895c8efb7ae83d9fc640c006a31fef195353bd7c00594be,33243
r7h07v18z_v3.csv,8bef00f17488dffbed0596f4909db8cf1b82f26dd82797597fc9ee45b821edb8,37514
r7h09pshx_v3.csv,7c85ec09d501349e28c4314a291e0402f42681e45b0b091488abe32ce69fe18d,32545
r7h09xcnt_v3.csv,b39a1fa05e77e1074d52d9801144819e52cd9f4663bb523084b51c3d54466d63,31671
r7h0c3fd6_v3.csv,3632f272562512bfc14f6f6f1dd7722b84e868c84ee8ad6d70ccdce3fb18661a,31588
r7h0c48jv_v3.csv,c3f7b7af5e4cea9e281c53653fc0e744c999e87947a4166c313df94e68a1f629,31402
r7h0c4g07_v3.csv,8cfb1b38c30eb7b647537bde91766018bc3b71e201e71d027be91a754e3d4e6c,31513
r7h0cekk7_v3.csv,71cc43b3ee6891b9ca45b06f00bef56e85726231e6b31df7f5ce7695a3120dc2,31916
r7h0cubmk_v3.csv,8f53eac5fbf2d07b0477045f4df9003bde4ab9523ca5cf9a2e1704576ca01335,32027
r7h0dr4n7_v3.csv,e2dad6c3dabacdf89d96c8aef9cb88a226364c7481bf756cd2b2becbed462702,31796
r7h0f4euw_v3.csv,7e0352d3df9fcd4afda49ebebd69d7b308672a1de77df92934aa254a22f271d6,31377
r7h0q3g4w_v3.csv,0b2a1113f30fef32fb8549187b7378709f00169eb58aa11d1a17ae48face7bde,61534
r7h0rf47s_v3.csv,45e0bc531f36ec201cc98e05fff06bf208420a00fd7d3f47295323567f98652d,63445
r7h0y4dnn_v3.csv,6e61c1c99f86d917ac7af34afb531dc8e5c2a81e33dc05035857c6b9d321b910,53580
r7h10bfmv_v3.csv,30eb2375635db8359487091ffe4465f3ded9f8166d3bab1fd564119d067d92d8,31052
r7h10mpgq_v3.csv,166d198ac71c3e9cc98583243daff2698d4923c55259a9781244740150382d13,31239
r7h10t1ds_v3.csv,dc93dfd962517e03ac6c64f81f57cb61a95a19e6aea23648195fc7c6ef930be0,32043
r7h111647_v3.csv,217d77c320a282f238ec170bb86279bf662d6d68c14b4d7810a36939068356bd,32118
r7h115dq7_v3.csv,4c265fb0bb6097ca3281b9e8736ed2b76d05feecea97ab45fd6015b3d04179a9,31034
r7h11e0n1_v3.csv,ab84bcbae17bd4089eb42089e3cf36910a7db3028f7f160587d512792ba17852,30908
r7h1220sy_v3.csv,c1cc28988e22d800b1c4dcefc5a9d1f73063ffa853c33707bca3c6675cc8f3f8,31513
r7h12y73j_v3.csv,14f770297cb54ed5aa42346a79e026b2b651d46768f76e17cbbd9791c62b00c7,32417
r7h12y9ej_v3.csv,4a180329daa853b5f1ce1faee90b3a98f31353fe806cae30227128e7f32014f2,31239
r7h13u556_v3.csv,f5a2b86fd127e38c4e6115abd4c38e6da73c5ec4c5a56eba6fe722eaa59c76a8,31405
r7h16kr8y_v3.csv,45ee4ad2a9232cbe1cbaf188ca84890441bd4e90c05314ff2847ff97d16c092c,31201
r7h17jut9_v3.csv,83bbbbd0069b79fa020bb784943cf54eb2007597df639dc6b36d5af8c5026c93,31197
r7h17k8sp_v3.csv,17267d0b189cf6bb1694d2d3b189821bd8d2d3a13cb9b15af7320f2cbb8e8a75,31651
r7h18301n_v3.csv,49486fbc339941c8a14dd33e8ef9edeb44b6df25a471073fbf3178faaddca704,31357
r7h18kky9_v3.csv,b696efde8cfdef9c572061b510ce7e3f807c931937fc720d43590a8eed19f638,31834
r7h18yvct_v3.csv,8cb020ca94661b9d53509e954c9cf6565efed07cd8061fe976a17bc5c57ce785,32066
r7h198517_v3.csv,95f238f59f47365e434d158d2696a81cf53fbcfdd65b24eab0ff8574aebd05c3,30680
r7h1c10br_v3.csv,e42804451817486b497ea1b5f833883ab8cbb57f788c3348d8c50d917c2143d6,31783
r7h1c3n1t_v3.csv,5af3c08d5a338ac9e2742edf7b61c19308ce8f651990818044ddd657a9f723d1,31740
r7h1ccjzp_v3.csv,bfa337bbd39fc8d9ac39bfe5a07ee02588efecabbe1b24ec1223a637eaf07be6,31116
r7h1cf453_v3.csv,452f3019323907ee71e1d1255695aa1a017df1d0a3b2d0da0c3ca7feb282ccc3,31198
r7h1cwrsw_v3.csv,72d1af1aa2b9b1c8a58a7d614d8ea6dba176a9c8a95a1f4da18a1e8f369b6eb3,31583
r7h1d70cq_v3.csv,3553805eefeab0e77044178ae4f589d4891919ed234ba94af49af0ca713ddf58,30878
r7h1dnt31_v3.csv,3437d590720e74a15d26025e1dc7a50b662631204d09a752c5425f4e38dac20b,30862
r7h1dr7wn_v3.csv,340947df865ea24492aaf5b935da3111fd0f5c1c2e114e3b2890708c65056651,31387
r7h1f02nw_v3.csv,e8f914c197b1a2112bba62953c185739d3e9183254fcbbba1a44b25bf4846142,31694
r7h1f7397_v3.csv,ac7ea6c226760ee204eb1ba01f308deaed3cfdadb6770120f1ca9b207282e90b,31489
r7h1fcwjb_v3.csv,f86f77240a976819ee028dde8946711ab3ba43410bacc34a6fd098d2a8052cba,31433
r7h1few2v_v3.csv,f86f62a7cf8b8897657ff8631c404680b8b94b2f5bd19d8796294799aa219a26,31294
r7h1fmu6d_v3.csv,8044f1d9438bb2a8ab5fe95459c32eb2fcc6087c8bd8f20e69919b88dbdb66c1,31516
r7h1g4ndd_v3.csv,fc4ef55fc3f66a8a585db3416b1681e69ad12fd1d7173587aabe6b3f7b481bef,31775
r7h1gm34v_v3.csv,ff609bad54c242d87efad07652163b010956bdcb262a6bfab74b5b4c276a33fb,32271
r7h1gnmrc_v3.csv,6ef42950c8f937a37eddb317054c07122fed8f5eb4ede58d9d1475107392cd4b,31848
r7h1j3wnq_v3.csv,88f9ce5d4da458132b121804f9cbaf7de89334a6471af0637ee5db963f723276,46416
r7h1jnhk3_v3.csv,2d833bfac24f981438e15506df082cd4a622ae41a27c59a3a8dc451bcbaf0a1b,43212
r7h1m70e7_v3.csv,e2ca8eb47d8ee38f81cc03915609c88b88f35b6f5970e6c532ea5e5675da4efb,41389
r7h1n327h_v3.csv,ebfec0b462d41df4eda64afcd93a30e52d06c3c87047ced0fc0eee29e1480e55,53493
r7h1n7p4x_v3.csv,0d8732ffb8b2dcfec7ecfd344e844b81e67b0c3b326672a7082590b8088bad5a,54630
r7h1nrbtk_v3.csv,29c7704138a7fed489a1ebcb935a72fbf0a8908efcc76b445938766b34f4013a,49888
r7h1sj9yy_v3.csv,162290c85bc4702e66065085bc2a97164ced7fe4c51665d3375b8293381ab81d,32354
r7h1sr47g_v3.csv,71427d072d0d797933be90765be7f00dc076d501769fbe20024b95de52e50904,31695
r7h1svrfg_v3.csv,d44a455b4d9fa76676c909fc909a09a76723e6c1c8cbd14264d6fbba04780213,35673
r7h1tgt0u_v3.csv,85251c5342959959fa21a3ebad654af339d5299c2b2f6f56e4303273b2bba69e,45495
r7h28rzxd_v3.csv,9d04252fb245bfd8f8bac417587768f2c30ecdc46ad09e9fec5836eee63d82b9,62458
r7h2b40mq_v3.csv,3b08056c102d41c454aeaec629393734d545e8a4a5d9ba3d7a5a16b78f0baf15,62805
r7h2nwx16_v3.csv,d9f11f0936181214f2ed9b134ed457eb765ce057fd615886f138311db3bfdf96,62163
r7h2txmjn_v3.csv,84a3bb37f588a4f8fe5c06feb78619f4dff13520a67d13f7f96f63bbd19e087a,63491
r7h2ufyvv_v3.csv,d6ef7040cb6aec2b6f785a83a9bef3cc99d695a5a897ac855a8dbf8b89d74467,63150
r7h2v5s8v_v3.csv,7645efa8772e8cf89eeef1722d7e2b90bafb195b9da071beedd25b4b00c8f126,61786
r7h2y0sb4_v3.csv,aa10d42ed67f4668cd4a1a4da037d0abab9afe8242dbe40e89ad6c530dd2d610,63118
r7h3g1czc_v3.csv,6e1079f338474b43b98bb28a2e0d870375991f99bcaa815269b4dcc0195afe49,60811
r7h3m91ws_v3.csv,b9db261ab797970d94c5d8e541b222a28096ee126d87e26b19203dfd480fed1f,61981
r7h3szyjt_v3.csv,998be3fa5a45343f2128252f6e8ae0a768349f83d040748e29735ebf69942b9d,61103
r7h3tnh67_v3.csv,7f137251649ad5b73dfd03e6b0186bc00dc4e341784ca31a42f022104b008fff,60498
r7h3ubnyt_v3.csv,87c513bcd4e8a4db0619d59505ea2b7d473dc75ae5fede91fd28e0cc553eeb72,59819
r7h3udyd3_v3.csv,9453c2c4b9b7b8cfff01b6396de067fe51fdf2d6237f2884f46ba7d1f50b3208,61644
r7h3wg70h_v3.csv,3edac127a4b6eabba3c1bbe918139916cfcaac46b843557b1174f9a87849308e,60856
r7h3wpk9v_v3.csv,631e959710e254a7bbea8953f84923844d3e9ac6f3f48e54841e5822c9bc242b,60525
r7h3xfjck_v3.csv,310bc850ebac2ba9f86f344767cf66de0e2bd2601453ab5033c0ec5e2c1e9d3d,60208
r7h3xfxt3_v3.csv,849fea3547ae7a460d41e9d2158433981a99e157e6031622917ecec0ad2b387c,60005
r7h3y9nvz_v3.csv,a0ff244916a4215dc39912eb932b766d9a67c57dcb52d11d5b6d427625d2972b,61234
r7h3z8gn2_v3.csv,569f2ec592dfe0c1458e9ac7f3e9ee440eae3c98bc12b9c7cfa7c0e5236c3c15,59966
r7h40ut2p_v3.csv,d288accdf5ded39680c5e01fc428de38b4252687f6b756e0af2b9cd05326795f,31962
r7h41uhhg_v3.csv,e5311abbf7fa309fc9cabb8c170f7100ebe793c4b828cfc5051dec11800b8837,31100
r7h426cwf_v3.csv,9cd599b8fdd0d790d6f6b4e9005d68085384ee99973a95db96cf0dcea145d5f4,31641
r7h42gvgu_v3.csv,2b372933944f4fbb179f25aa043cf00f0576b0eb3785937d311d19a4c39377e1,31644
r7h42trku_v3.csv,0d3ea4d1976a75c7b9db3de75fa7b0d75b1905475b02e489116a0e0991dc9315,31225
r7h44wku3_v3.csv,a31ca4613ba8d8f8446a56ed665f4b6a3a415eda168d1383275de92952f58e54,31808
r7h49e0sn_v3.csv,25680a4f6f779c975201724d1b06d6a73b72892265ffff5bb0d7d7ce653758b4,31146
r7h49e3kx_v3.csv,ffe7301c0772cb212282f7c6088d3ad0e865a1ba033b6c47a6f076403e9bddb1,30981
r7h4b6fhn_v3.csv,c707ef35f9e299bc8395362e828789acc28aabce0399222fd94e46c78b2c7101,31193
r7h4bhxjb_v3.csv,ca08352367a15c254c79d027129efcc94b99d1897036a72d76e9fbf283587a6d,31713
r7h4cx3pb_v3.csv,3fd9e98c8c0ca14bd17fc134bcb7edd4db5cb87a424df076c1fb09d93c9098fc,30856
r7h4h14wn_v3.csv,6203bcf5d35d429a3942486ca81503455fe465a0b5ce94750df65cfa63c055e0,30852
r7h4mjj26_v3.csv,87ebfeee8e2796e78dfd2852892d3c5bd125708488528bc905fcf40eb5eafb23,32140
r7h4rytgd_v3.csv,ebc467928f1a07ce3005ff20545b5e151a1ecea14b4170bb42112d764e853c14,52989
r7h4ryype_v3.csv,0cce24fc8e41ce8f8ebea0948807dde486123672e0d5fc21ac8ee12165161a92,53497
r7h4v7n1j_v3.csv,4a26424538751b2bf25d42e2948d4258170b74bc07a2308cee4afe4174811c8d,31657
r7h4vekwf_v3.csv,a2cc8fc8f4ba8910d5ba32687979b32641db14c38a1d21d6ccc591d40de44b72,32424
r7h4vwkyu_v3.csv,f187d9fd1867bd27b7e74ad7d9a461d39571e110048ce3c237600d13a2b1bfcb,31947
r7h4vxpgr_v3.csv,778dc4a30da94060313e6d5469356a785cb098a7f9601fc4c051e9ed38492c90,31760
r7h4w6y53_v3.csv,17fba5ba02661170e9cb72bfdf27367bc90b50c14977f434343ae8ead426eeee,39828
r7h4w7z08_v3.csv,5bbb1efdfe9c530c9bf05bbcccd0035d5b49356a8e5d6239887700d01e6701ea,41015
r7h4wmp9z_v3.csv,2f7caf8e4b8d5903d515b2ce50c0bdcedca2ace5e3e5dd205ecaa92aa266ff6d,39908
r7h4wtqkt_v3.csv,a5077124b6ae798858803a915b21f7ef2a14e23a2790fcc0c1d5d63d36dd32c6,41888
r7h4xp8nf_v3.csv,f340847a07f6d51c025d0307f28bfc201a5c4260118602f53d733a6223d09d13,43720
r7h4zmynr_v3.csv,ef305918645bbf4ec8a2b5e1f7842f85c97ae2e9addcadb7d9b58bdae82d6cd8,46029
r7h4zsrff_v3.csv,8162ce8368aca1ca2baf5e6b271e465acfbf36585ef9c0def57edd9f35c9c0a9,47520
r7h4zu8ds_v3.csv,1022967a9b9e1d13cdd7102d4342abe26dd65a9d397334bbd863d24a6228d3a7,47097
r7h50n5yc_v3.csv,7054adfd50479d156834e939cec641d457c66a5c9574c1e9b0c1bf3ceebe5fb4,32417
r7h51d5ju_v3.csv,963f9befaebea1df9f4eb3dea10f1f12cb31189238f11153b5e9dbb84ba71591,31081
r7h53b334_v3.csv,3e192fd1a207eea3dcf31a5591b405145544e3d5e4ad8cd75fea554f19291777,30150
r7h541x1x_v3.csv,321864eb539974727e46a141a3846c5538956976d773ee95514a9492a959ef1a,31102
r7h56h6p3_v3.csv,b9556b228bcf2247d098c7ce5aa0742e2e1f0f3cd55a8ab7fbeb933506e18c83,30454
r7h5b991j_v3.csv,fbf625e336cb454842d8b82d4362142957231ba0f81be321ae9d1350a14e7bb0,32015
r7h5cm8w2_v3.csv,6d61455a9cc1ab023dc92adec41224997f194404e0536f11e3c367519fae9e22,31691
r7h5cywr5_v3.csv,3c384ca0cdefe20179238ef9278aaea645e2546f0eb36e39b88c177361cc880f,31590
r7h5cz9c7_v3.csv,6c61331bbd1119a59bef2c2d02962d8269836a0f82d23aecd45d71ae7b97b0c0,31591
r7h5jbhkh_v3.csv,9fb43f13965c4758448d5db2cb25e75a4582d81b4d3c738110e9231a6e2f463a,32384
r7h5jrq4b_v3.csv,3e21b2d1ef7f5e8719601a2132e30c112a3f5b4b090c9bad1eb86a7c6509ffe1,31499
r7h5jtejw_v3.csv,5b92a387e1d5b8fcab7aba85c68f73aa1d31ccc2135a1adbb7309934e2582580,31435
r7h5jx9de_v3.csv,d5bf7be19ebfa8172af209c3cc3201eb695e3668ab5b99d0f1191d02f197b4f4,31223
r7h5ks76k_v3.csv,d75620ecbfe121e521549fe829e0272dbcf164dbe8d92d3b465d8e38899d8e0d,31398
r7h5kth69_v3.csv,e176bf87084ce601126c1a69d23f7069e94c693c5f863fa39a47886b7c25446b,29645
r7h5ktq9b_v3.csv,19bcf303afb08065158bec86f612d8e1b7408a337446ae63f4bd4a6efcec3e8d,31293
r7h5kv689_v3.csv,5b9ac8a7f0b52569483d06c1852ef9e003ef9ff9858512cef418f03643e6d827,31571
r7h5m0cxz_v3.csv,f15261b518116ec25aba747070e63d2880c4301fb189c6aabc8bf54ba5906347,32078
r7h5m0ghy_v3.csv,78d9ab1da6942fb12aed92bcf5f690c5da561904faf5bc9e57c997b8c3df5dcb,32185
r7h5n9yr4_v3.csv,de03c6337d8d652785e31da12ac372c5ec672d88323d3105540eca3459719bf6,38478
r7h5nc9np_v3.csv,96da716f7bce3c4a6ea4f17a9e69e536695d880e416605cb6419f7562cdffe38,39751
r7h5ncbrj_v3.csv,210b8ba39386736e91760dc6f4b09931f5cd1b25a33ad1b2b82da685ba48454f,39251
r7h5npd6w_v3.csv,2d304c736fd78b56533b31b68b2d3dbcf353f171821b7931266972b280f92278,32114
r7h5nr4py_v3.csv,286184eb6dee67822b7da0dec337a7c0443d9dc086788fe02f64de10bb3507e6,33961
r7h5nss4h_v3.csv,cb4b6cf7c3cf8e459190b20e01b8372243682f5ff690d8133624bbb665d7db07,37014
r7h5nt624_v3.csv,c63109ba59a42529d631866b120f41ffe3c73248918ea5f371d0bca27dd9c232,35395
r7h5ntwup_v3.csv,ea61ec8fb069e76cf8d6878555151fc30dcb238d074ab15e2c4b3b04c1469c76,37042
r7h5p41v6_v3.csv,2aa67d4951b9a96dc6631173ad286e0fc768daebdbef810952f38f29816fbff8,41576
r7h5q8xfe_v3.csv,ec3f8eb626e35dec357300a2326c5d2aab8379337de98fc30aad467096eeb1a0,36356
r7h5r02sw_v3.csv,37f63b3a477373a1af6fea24532f97ab8cbfcff7c19b09b162d4517b5fb856b1,38542
r7h5r119m_v3.csv,e7d8f0fb4202832974175edb20f014c150a95061c199c77a064e61ef6ecf136e,38483
r7h5r16f8_v3.csv,79fd220200361edd7ecebb21c46715ea00b05b20fa7992d4767a63a4e15f82bd,38949
r7h5r5u68_v3.csv,5e364f2d6ebd4394d8fa0f0a4ded54fed6d76ed201ded71280dd5963573ae0dc,38915
r7h5rckcb_v3.csv,1f952062b85ecc04e5193deb0fc94027aa3964d3c6b38f2710214abf8373a092,45808
r7h5rgqfp_v3.csv,e3010c5ba8d5d84be4ea7b9ed3408d44ab30437612b7cff8bbd4191ea5f64496,45584
r7h5rjy1y_v3.csv,7cc5614b2cc08a1cc823de97ce955c9b96f04d76b2017987e0f7d429b7b52c0d,38452
r7h63z9jf_v3.csv,eb789f7a0f926e0959e3454a14844701dee2657529f2be536dd5ea3ad93b8969,61186
r7h64zmm5_v3.csv,186d14db86c279f42ab76be4bdda6b071ff65ad2a2bbdce26d307eb8c4554038,61138
r7h64zty1_v3.csv,6cc9e179b4c22f71bb148127dcaf6c72a2bb783c68d2bba557a0f7d3dfed52fa,61423
r7h654y29_v3.csv,998aa8f54a163952b9441fd229d7387c6566f0c279dd06405efa727f7c7ac3b7,62053
r7h65585v_v3.csv,f28a8cd41a75f8e631b99dff9a4cedd3b21401269ef060074e67acddfb15d5fa,61576
r7h66kzxe_v3.csv,3bdd2010ff1a124e6f015dac7a8d1836c50c5a4b16cb21cc40ddbf5f0f60cb0e,61502
r7h6775h5_v3.csv,f50d0b08bccdd06fa2a5eab1a8def8775ececb768be71bbc3035722e235410f4,62156
r7h68bw40_v3.csv,588ef3184086384834f3100f9e091fc4b3cc91b3f119b23cb712551e299b5c9d,60525
r7h68eyt9_v3.csv,bb8d550ab2836b1b44979d52f7c412100960ce859349d3d74057895b8b268a30,59421
r7h68ky92_v3.csv,d65157d4ca2c2ec1b89e4b10e9c80fb4af68173a3850b3a919ed0f572305bf43,57670
r7h68xkzw_v3.csv,1a36e7c642807bcadb39c2828ebb56772e80705d9348cd18852911673782315a,58223
r7h69up98_v3.csv,0e9cf96a6bf22b33c9048d06d6cb6f0fb311f6554965b67afef920fcfe3314e4,60706
r7h69ydxe_v3.csv,bd8c6a944b9ee8156da04974bc340a7e613d61b4ba7905dd945ff6708d2cb312,60835
r7h6b1dz7_v3.csv,2440ab27878fe93ad2b9de1c66597c9a47dc85f3ace67c4b4f6cc27d1a64452d,51770
r7h6b45ej_v3.csv,34adc4ebf16b7ea7f1f922141576c5261bdb1c79860c7ddd2ce2b5a4fa1d6a72,52607
r7h6b47gs_v3.csv,7c2060c17bae7616d4f970f9feed0a63764830340835931cd6dfcf809766a1da,52228
r7h6bd8cn_v3.csv,9c974f26603409dcd30880c319f5e35922a6d0e94edb523ec460c6a97b785685,55691
r7h6bg93c_v3.csv,978d746cd3fea65d341f55b14a6317624b1629733c86013b4a14e536ee3ed37c,57887
r7h6bhnht_v3.csv,d362a9d191336ce7642f42762911cb7318855375a1e21a189db224beb448f847,52183
r7h6bhqsz_v3.csv,60c1072629807c76048314fab48236985cbebcfa874335d92e60574cc4cf2196,52013
r7h6bktjg_v3.csv,6125e405f7e5643d095f8b2d2174cdd17f0d71f04041c9d3629444e6e20ad077,54297
r7h6bpz92_v3.csv,2a4e7180152b6db871d3484ba83270d6e7dd14e4c87988f8e11f3e0784c8f3be,50161
r7h6bqtn7_v3.csv,7070079039631732ea4cc18daacc2b618ff2518294f12fb23df7c05d3731a982,53010
r7h6c6sup_v3.csv,5a99ae179cf6d7ed37fe7cd6b14e32465c3de6da3b52e7479a0eca8b52c6e89e,60564
r7h6ckcdj_v3.csv,4e8298d0e534d1a6d91c0d298f67a34bd5ad82c696ca0f42a913694a9b790bee,60467
r7h6cksmj_v3.csv,9457ba32084ff1584acd4d090c4104094474198e084162574b07b9db2f5d3500,60628
r7h6cpr39_v3.csv,339241da528b7a5bfccd7c74d261d3d0e3f24ce966eb942299e3c63e92fea8c3,61195
r7h6d2fvn_v3.csv,a2c9b19a3b49cd928c9099d802566af0ce5cb1ba6f57a452ceea47a1e79d4900,60863
r7h6d4m0v_v3.csv,6569e73fc681030f448753fefed6fcc393857f4b30ce83e94d5de7297dcf53bf,61727
r7h6d67ny_v3.csv,22530f87b12a138c0b02a51826e63d5afdcc015cfe6debed81ce6d465ff9d239,61976
r7h6d7fne_v3.csv,3bbdd88d8e1c834474442e704d7793f5b9504131da2241aabce58b0be0d69af1,60560
r7h6dfgpq_v3.csv,9fe6a64f9d4b6ad0c6b399843a9e4f041f082ad7ab982118fddcc90396db9b71,61596
r7h6djkzc_v3.csv,45da3913463e4463b044ebbd16f98d830ac2b836f15e5eefc2774708c1efc32e,61778
r7h6dkc56_v3.csv,8d9ede815a2de48f209047f6cd13eca74b610c2b8e55bf27f0568400590d1723,61669
r7h6dm7vy_v3.csv,20324ba081d9caaf7f3557028bda0829dc2ae72ec9a9d4ff5935a6ae918eaa1f,61110
r7h6dq6ez_v3.csv,e6135acad8c0fd86188c9e2380905708571af75c21b44ca346614f16d514d631,61025
r7h6dt98d_v3.csv,b8223071e7e8b6bef05c7da051e063bba35119c61dd7fc44373acbb2020ff47a,62010
r7h6e3f6m_v3.csv,00a4e26ca07f3badbbabdd77884afbf31f156aa7d88c7f3a5730d1ae25d2541a,60359
r7h6e3st2_v3.csv,afd041e27cdced483feba4b3623a0c045e15b8b06d274620efe4e57e7dd798a9,62070
r7h6e3vnb_v3.csv,ce540c0869a543ea8901b1f0457ea6cfd60587b352197e39236dbfb09cd1e6bf,62563
r7h6embxs_v3.csv,4d9c52832c9bd19f237d420d42fcb7708981ad9bf5361b06452cd3060efbfd93,60711
r7h6f2cmt_v3.csv,cd72c173baaddf301eea3195e511a8d738dc44dfbbd692f6c666d2e7d107891e,60582
r7h6f33uj_v3.csv,ee80867c5d78e3bf776ca07075786ad369b25195658cd7b57c7d2fcc593ada09,61756
r7h6f8cem_v3.csv,8b039bc9e005aa22ff5d52547fad8d8c9583d4a8846167dac081721b2a2dc7e8,61194
r7h6f99vu_v3.csv,01291bc76aab52fdd4aadd5ec67eaf55450e8e67d497e2dab47ac8291b997952,60771
r7h6fb8gm_v3.csv,147ea290894fef35def433eaaca4d226eb7b8f1bb3a1f361235bb0022cfc8b4d,61151
r7h6fdsmx_v3.csv,a6f81b2ae256b44ce72cb9753c0d22bb5043b74b4eb3087b7b42b812e583a172,61549
r7h6fenq1_v3.csv,1893888df18a1aaa9c9c8b86f93bd7f8922a18283f79eb47cad5ca4b7a3b34fc,60636
r7h6ffdcp_v3.csv,b37ecc24098f3a82354d0e038a0b30c57d1f6274d09acd16beb3786ffd82e73d,60970
r7h6ffvvx_v3.csv,718b079347dc3bf65b2b701f098564f3267e85d3c8ebb54ba6e514ad3133d54b,61708
r7h6fhme9_v3.csv,9ee9033d212710afb83ff653044d0b0000d0fe9c7799054ac416c06a71611e07,62330
r7h6fj09n_v3.csv,9a1cb68155ca3004d84028824c8757b3cc8ea93b8908d1c568e73cbaf1cd7aeb,60524
r7h6fsgmz_v3.csv,6a734688e38ffa81c232fc6a89accfa0229dff6ed8886e68eeee6b478e17cb20,61250
r7h6fu2vc_v3.csv,c133a45bcd5e30be9ab984c8eba91079e1dc844a719113586f6fd54dfe13cb98,60648
r7h6fu62u_v3.csv,28cfb20a65ba773cc19e0d338a05d12421777c9e9dceec6ec84b1d099e8f24c4,61164
r7h6fx2p9_v3.csv,fc1a40022507e02f8184ab49f5d63e990911974a1554eab00fbdf0b8e1858150,61104
r7h6g3xgj_v3.csv,9be835305a7c43092c58f848fdb9d793753768c8d669c3b807977bbafd03354d,61434
r7h6gn2xu_v3.csv,51cc498d8a7fa474355200c97eabaeb9d73a769636f7761c5773e59af6a01490,60852
r7h6gn8qy_v3.csv,78d08591d3b74b7caa54f2c04cf337b6d8294b2a4fe0f41d76ca06037ffde450,60866
r7h6gu33v_v3.csv,935088726c2eab56a223e33345f600e05dca1ae6cdd76720acde39b29417cee7,60904
r7h6gyp6t_v3.csv,6f0332f2d15a652ce5bdd6e0521890b58d916abf763f633c11852af4d70454c0,62328
r7h6hrrxu_v3.csv,56107b2fb7ce647e7173906d2c34e198f9a51f9b96e4f48aa775ba4fa80bfe69,60302
r7h6j1vvb_v3.csv,0c868f9d914a92e1615701129cc49e7724df81953f666347a2789c891944e80d,60809
r7h6jz0dv_v3.csv,6433db4f0b86efac497864e9a9286cf05fe4e5a5396d5d9037d23cd1af4d3e3f,60272
r7h6kxbfy_v3.csv,1756cfebfb01d9d9ea505f3cbf8ca6a9980a6837c776c669f9b903c8156e6234,61029
r7h6m7pxp_v3.csv,058e747d4236e26e8bcc6643e827e37ec8b3a84369dfb1e207012631b9ca14bf,60196
r7h6n0pyd_v3.csv,89771a0d2b85f95e0e56efd8a0abd1833d47a454ce4d1dd16d54a25673f45a34,61130
r7h6n0u9f_v3.csv,b1079db396c397adb6e065ae811dea737b293a617b1c354f8c043d0cde48f18c,60911
r7h6n13wr_v3.csv,97071553a235d8b30a98724613e4c8f89479b9a4fde4a5cc51002ef03834e7f5,61674
r7h6n3gnb_v3.csv,5233be8fcb73a8217258b1742573b5b7a00a1a2a2eeb9a12245d47b03f020f87,60983
r7h6n3jgp_v3.csv,80ab33e00a0b90f40555f5ef57f8fc72117abd3e789880917f33ed1e92f40701,62279
r7h6ncxp0_v3.csv,97197e1693f7b3f1cd6f3b02973f569bcc2035fa89c60ecefb101cba343b42d9,61834
r7h6ngsyh_v3.csv,3ff9aa2101435d4c243ac2e7d389cb795f6b19fe4bcbdcaf9f4544f02657cb4c,62569
r7h6nz6nr_v3.csv,0c13e9570e67995d1186d1631c03b6a8d88ceb43a092adb183194cee4aa3afd6,60903
r7h6ptt3c_v3.csv,2e243528fdaca3851bcbc00828c1705cd40b1efecac0531d0be13d86ca929359,61117
r7h6qe6wx_v3.csv,d39203471299eda4afa22c0f763c27bb6236bd300378a865cbfc898709d53be9,60779
r7h6rfeb7_v3.csv,89bdceaca0a409b1e8ab0ab4d59d37587b781398cf68e8758631a89c649eca14,60086
r7h6rmhsu_v3.csv,cbd1f09efb79f030f446b5962cdabe5afd17e4311a4abd0f9b4c916b5da1b84d,60778
r7h6rt4j8_v3.csv,da6a5f081451ba5d82342d741af744bc139396f94fed2f88fcf63c521a2f963b,61038
r7h6s2sc5_v3.csv,72325aa1aa900bfcbe404fed5aa85c7485453033929451d322a88a64bb6d47c6,59967
r7h6tmd8c_v3.csv,a6c78405997b90044e87634bb8c6ded0e9430925a9a036b851d3e237d4fd0b88,61612
r7h6ujdvn_v3.csv,c62984c282b386c8410de2ca5d5eb8865df0d9ecc957cdd983aaf8a5fa081e35,61291
r7h6w6pjn_v3.csv,fa8177ca213bb278eee4f1d2dc411daafaf2ab6e045d69dfef5e7baa9c82e89a,61698
r7h6wctcw_v3.csv,26b1f69ae1f0ca3a259cf9811fef4c1d95faa1989388affd8dac199253721a8d,61677
r7h6wux8w_v3.csv,41163ba5e002416d3972f603c7a05a4a61fa65ab7ebbdcb18d2cdd9982ed3cfb,60192
r7h6z1140_v3.csv,91b0fa19689b2e437b4eeaf26a0997a64a882ea46a2ddc9a6b157a38b7c4bca3,61175
r7h6z9vxn_v3.csv,d29132d270fa9164a603033d1ff02babd40f4d5c72211e7ceb751614b0384d28,61134
r7h6zz5ns_v3.csv,38c71122dd04c8feeea824484cb5a70026648fb1bef3580127ee54884ad39068,60092
r7h70m33f_v3.csv,be46e8c0a81d434e2dd51b82004aab49133d4fb4c2a9c45d089bb748ccb3ad5b,50760
r7h712dsh_v3.csv,b594b5d3eeae6af039f724b81632fdc463ba338895a0ed1bf9486dd668c63b51,60550
r7h71ttsq_v3.csv,d6cc37589a729b2ba62458eb0a6643fe64f0a5dfd6a2be9e0edc09f7471b29a1,61914
r7h721cnv_v3.csv,d574307fdd853af912d2ce4e40725389e10f36edac7deffeab6925ffec30ab37,46588
r7h729uem_v3.csv,8a97e9bec739593a5afef5294946d552bfe19a3456abc04b758d2be4ba1ff0bf,51831
r7h72ec7w_v3.csv,961c6b2dae893dcbfe46677bab079ac7a9aa12ee5c282e8faa0b24b9d11e6043,50175
r7h72f7g0_v3.csv,b90118094c9b6af1c0fc74d21306d3816be40b978900538515e10be4f2a0c24b,53948
r7h7348s3_v3.csv,a29cfbdc6df497160a01feb0e5e8646a46ed5dc9d1c852d7bba59c335dc81dc1,55973
r7h737cmt_v3.csv,b71ac4db126ddf004f26769261a4690daaebfc998c7989a4811e6c067b6507de,58654
r7h73cm4j_v3.csv,3f6763ec2b5d524d35730c8f792ef06e867292ff3b47487d7103846e336c1d6c,60138
r7h73hpz5_v3.csv,d9bab3d5f4f90b2e27a716cf0d839c0a984c7ab3886a99f139a93fdb97cecab8,57661
r7h73kq5v_v3.csv,6553de5f5b3baec5b883180c3a89a47e052f5071d6cf22db9e785635c17f8b74,59053
r7h73u5x4_v3.csv,9e4acf47f3845b3e73e09349928e6ee33da69ccecbe30101a7788116c21d03a8,60723
r7h73v37g_v3.csv,c10ae3a2adbfa734708f7a07589a103f0db90cb88aa374a8272df10810933335,59906
r7h73y58k_v3.csv,71d5d71e3bf5de9bd88017f7f0024a743d6118fca87e803b58722985fdab8e19,59239
r7h742jyk_v3.csv,ed92d3f8ae7d64db63ec0932605983730d7ab16870c6bdb29a4f50c9c709576b,60110
r7h7481x3_v3.csv,409497e4b4b24f16e614b482ad9c3ac63161f1d4a51bc7581c9f020b17eee8ec,61146
r7h74gpkp_v3.csv,20c4569f03d0b14b235f629430783eafc851d5e3758665505c8702d10e25cd2d,62150
r7h74jx17_v3.csv,65c11bc3d499841e44b9dd93ad259d52dd654a238ffc14eac676595f697db4f9,61025
r7h74s9qv_v3.csv,5758ee02fa815970008b9ea3b7729b5f1eb8ff577ec33b02aa45d7def4a3127f,60208
r7h74smr6_v3.csv,3c1e320cb98ec8b6e2dd675ea9114d765a1db82c174c7faf416e6981f0bb7654,60531
r7h74snj9_v3.csv,7a53b35c89ef0143befa49db798eb4ca7926bb27909a9d0a4dc400e74aec1021,61157
r7h74vckx_v3.csv,f1eb22f2c70bafa9057e4c827d6599081e6f89b67dbe2c5cf3875508f1c516f9,60254
r7h74vm9e_v3.csv,509ee0262d844a210d4db02385bef38a8dfaa4ef62612982cfb8dadaeb24c7e8,60626
r7h74xgmk_v3.csv,5f94e16142b765ad281a4d61cd41e0f83119e33fbd280c156131aaa1770052d1,62669
r7h74xzd6_v3.csv,bfbd26ea41171d8ac8f16eac1a4f0a766a8bb65a6444dcdc24931b5e7286e87a,61433
r7h74y5dj_v3.csv,e983c3b91d0430b7884e86da0217301b55319a4e03d6e769eb55188f37d71604,60379
r7h74yrfh_v3.csv,b287e632aee4cabec3f8798d5522ca662b20c7e79fd8a3cfedaff0eefee394fa,60924
r7h74zfpg_v3.csv,42f54d713b320376ca46ba2a7f0829a6701a27a389610e20123e54ab6092c76c,60237
r7h758fuk_v3.csv,c6341bdf7c3d388bbaa2b2bc594b831fd6455f16fd0d76d25394064c9ed0098b,60734
r7h758z2n_v3.csv,bbb519d195952f0d0d27f626fccf184ca3aac393b58984c47e77047f4680a46f,60831
r7h75bcn6_v3.csv,8d9ca4cbc310b92cb8fba7dd9f63361907e275fae91412806c20c40c3e425ea4,62208
r7h75uf7z_v3.csv,5a01a4bdf2ddc0ff08c9afa28e7ffea1b4258b95f280e796a3ac5e71dbb55eab,61456
r7h768vnc_v3.csv,1a41f45425b047a027175ba663bc5434d7c024a43d52e8d85063125b8ca53abc,62262
r7h76q60e_v3.csv,c1b2fcd33023c758f62fcccccc69d9514d9b3dd3e372db322dd0d75a00bba1d9,60031
r7h76vpv6_v3.csv,9a57dc81f5ecbdd1ad5abf24f44366ff4df8c4ba2603f0bce915f2feba9fd77c,61938
r7h76wkrj_v3.csv,56479fb5123b4ecc033153b8261fdeea675824a6ed6ff5ba28c4bb2a7e402580,60968
r7h76xt5v_v3.csv,092b1fc8d701f34c0ec12f3b58e4b73fefc849a91e3207149adb60202d5c6973,60280
r7h76ybvx_v3.csv,28739a5157a582f6779f3a55327cfc47f4749981133c6b4e6247d9d109a5f080,59803
r7h772466_v3.csv,d6c77f6dc489c82dc25f782daf5a3c57a3d27fd4ac45d0d027554620d626c52e,60750
r7h7732ng_v3.csv,b5c68e714d8e7e46a774d2356923f965df62f1e0ededea815144f97898f7f4f8,60844
r7h77j371_v3.csv,7e89680b4a5775b04c7eea690379b27817b2df64d71d5f46da840e1b1015db32,61355
r7h77rumg_v3.csv,77f7885858be12650641757c8d567be714f286c8ab870a79c8b1cfe8d678bbb7,60687
r7h78f12j_v3.csv,1c47e4a51a5242d2d37f6679cad7672f74672f0d7e033f8e418885a848d04fb6,50154
r7h79y6xj_v3.csv,146de76ac99cc8cd040a9de71d838f678a6ac2623074e6cd32cf965485ee3328,58880
r7h79yuq4_v3.csv,641e95625183f4828d044421bdc4565af40a200a6320d716a143afe2de18e5dd,59233
r7h7cgzfj_v3.csv,f0b625e8a83d3251e6a05ab8185bab9466f8d87d4c768a146224723fc5b45826,59309
r7h7d07un_v3.csv,9d2aafcd7438e98f55f14fd4a8dd0f3ef2428c76ab8532c8f2b0988411e6fa7f,60393
r7h7d0kbg_v3.csv,9e6023c8239bdecf7669fe05e6317ff22334662c07548787c49ae633d9578060,61767
r7h7d69ep_v3.csv,a97e06baeb9ea9969fedb0d1f1f78163401b63b09e22553ce49cb0188e997b18,61214
r7h7dgnf1_v3.csv,3c6697f78a4b4172d5bb906908191d5a3de2954931ed91039de28f8f14cd83b7,60442
r7h7dk9v3_v3.csv,d3ea1879d356ee6cb7a605a1bfef2fd8191402f066f3d7d8e2a991d0bf4ed13e,61364
r7h7du44j_v3.csv,452faaa59a6f4389e692c1c8f4f217f7ff7838adb0d5ba5ff4a953f2f535fe2a,61370
r7h7dzuyj_v3.csv,ba5644e0c0e5985c3c803c2ee4716914ce322decf6d94b8a20da67d59633bc7b,60810
r7h7e5ev8_v3.csv,ba75fbafa018e45d17480bf1aadcd1e80fc6a28df42c47ef38776fd38df47984,61827
r7h7e6q6n_v3.csv,26574632c2f49a72d2a5a289bc73857afb8b35c6dbc0825c8232796681ca1866,60434
r7h7eh9kv_v3.csv,9bc8af3138e9d60f05029059d35faff521094d2077bda3379acd2b048297469c,59812
r7h7esudc_v3.csv,fd251460eaba5b020faf77a3f35e7a3e72dfb39a0cc11c8b020e5fb2b13e1cd3,60132
r7h7euzek_v3.csv,e8da92422f48e790bfe4ab6ae08cee269ab83d051b58fc8fd98924639c13cf55,60604
r7h7evhb0_v3.csv,6092552f8863ac9bb3a8723235a5d5673e5e9244638985e1df9742cec1ac32f1,59536
r7h7ey4qh_v3.csv,7c5ad30ad8aa4511483f4edd0966cee06ef0e724be372ed852b86392603f67bb,60078
r7h7eyken_v3.csv,e840de45d921996a2f1b51e5921efd12f5e6596ca7e161c3291f42dcf4e25e05,60259
r7h7f0scn_v3.csv,3d47ebbe7939fbd1d012f3ec7381a783b9b1a6b16a0f43e63c750977f961c9f3,60048
r7h7fb1t5_v3.csv,e4a1d35bfb39ccc17e2c7a216e2d62f954b92ad3afc19d6eeb17db38b1425496,60443
r7h7few7n_v3.csv,fbb95b914d9075aa4129dccda23c38938cf73bcae549bda5b760947dac3d6fd1,60003
r7h7fkqzq_v3.csv,5da00f0c094d289e3bb64af90fab8442dae2d390de55b083d35f8b7c99bb3711,61458
r7h7fmnp9_v3.csv,e3a9d0e2d9ad84ff060234733294c7a0a444aeac4e73139ea1a9dd2e0ce71d4d,59551
r7h7fvysj_v3.csv,577f3940670a40112e9b262ecdd4df399ad13fcf7bc49802688cbd822a2832fc,60686
r7h7fy240_v3.csv,57231055f6eedee094f3e794b2146054ba86f4d0a5762ce5730aea3fa22a2da2,60389
r7h7fyh4b_v3.csv,796f73b10f01da7728d0d0732afec40862954b3c70e81d83a85c19ae77f0e512,60950
r7h7ghnry_v3.csv,6d5129d75d7f06f92b333522431ae14e00fb6e3c49c5f6e93563362b1767295c,60703
r7h7hhf0f_v3.csv,1bd65bd50b3fa9ffa78f3d4fcb254c4301a8818ca8fe351ee4b70e5ad4187192,61059
r7h7hp0w4_v3.csv,e017bb23d3328a5e115c799ba5ef7e3b7b3faec1f509b82f1b526c582f217b52,62066
r7h7htcvu_v3.csv,d0663a460ce5af79b943f6f19bdad84bf9de0df8b304df1a992e594790be3350,60698
r7h7hvmg9_v3.csv,a9609e5232498442cd93ab4714f530d0ec7b663ecf0fdc44dcbbfe0825706621,61162
r7h7hzy3f_v3.csv,c19c97ae59cd068f2e173dcb6becbe28ddf18e27e0d79f49bd8fa8970dc79422,61711
r7h7hzz2n_v3.csv,e0b455d7b614d35cc5e49791b5535251b22dc8e7c4d3e2b31c67f90f125fac63,61845
r7h7j01td_v3.csv,4d9e197e114fc3cfc5e910bbb3445f213d531a5ac4e88ce3a8c95ac64f53196f,60440
r7h7j1c1d_v3.csv,530aa89abc50f546ee53dacbbdcfe1b6c83cb30528b73e867eb09f7b40a41d05,60854
r7h7j2ff5_v3.csv,aa98707760e12ede092b767c8d78f9815d21a62aa96828da8a83a92593904e5e,61381
r7h7j377z_v3.csv,3d3d571a2566eb1c046914f31167ff4f5a5fc38e762521583d59705d06ae931c,61195
r7h7j3u1u_v3.csv,b9af56f2918f3707521f52e67ccfd6b959df64aed773a86242d150687cb8b541,61046
r7h7jjp6k_v3.csv,b0aea8114fe858d539e39acd8fd70caf1330dfbae89d1f62a1b8c56df192de1d,61046
r7h7k73jy_v3.csv,8101dc3230ef49a40b9808bef77ff3d70ec41af7935d3b970c766005b872c0c8,60122
r7h7ke8c3_v3.csv,60a88c4c42ee499ae561af1c3bcbe77457b83dcc4635ca5eef127cc45ecc3d20,61678
r7h7kkxvs_v3.csv,be92743a043c8f4532dacd321060dd46a3c76e5c57885f5a6aa89b27b80d8c6d,60722
r7h7kw19y_v3.csv,90910c35fdd1b882211b401ab9f2658fb0e06239a00b0673b2a06a8776b83b47,60990
r7h7p3qwc_v3.csv,5281f6e4086ae12d7b3b16c48311d6eb9ba636302eba43f9537f97e38cbf7ed2,61871
r7h7pm3k7_v3.csv,236087b1853bf7059a972065f84075c708f796d754306143920c0b3d4e007f66,60784
r7h7pp7vs_v3.csv,ae2d135331f578da5def4374ca7811752e2f64a15735cc02f5b8655aa36af93f,61428
r7h7q0ns3_v3.csv,e5767704702a03ad623f7af99dbfbc0e00648a2446244035538278bd20444f94,61272
r7h7q5dmu_v3.csv,3fcca39af0471963d7d8cf3114245a6dcc32f31dad338f387de2d4834bf37dd3,59840
r7h7qpf89_v3.csv,46d133972f9f5f7116df78110852d927a4d5c599587d31f4c3c853ecc7be479c,60038
r7h7qtn3w_v3.csv,6d0eedba4b4b6e986644d4b78448015ed277649ad15f8f6a711fcd1f1e6b7400,61092
r7h7qtw47_v3.csv,109951f782b76df54b3b2b10ca1863298ed0fe67948fc863df0010ba3ec94ccd,61586
r7h7r0qep_v3.csv,7b47d7b427082ce6000dca18d3f7325a71e54e1cec3b9573377a431723daabfd,60329
r7h7r2c1m_v3.csv,5538c143f12355a1f0783b89ae0f8c4cd020ae7f037c1b08b4cdfd848584df71,60755
r7h7rhsum_v3.csv,888de14e852fc40734787d0271f588bdb4c6943990c5fef52e4f4afa8936e4e8,60192
r7h7rjesb_v3.csv,069f294b30e9fed08e62b5411445f571d15cc2f72881306cfa882ed01a8304f3,62069
r7h7rpjnt_v3.csv,60c01a10b4ca072e77cdb16f09f09107965ce0c047ba303075d36d8d81aa3453,61314
r7h7s6fy8_v3.csv,cc08637503be221421b336d2389357da290071f9c08f3af2e080d7a586d7cc6f,60850
r7h7s7z33_v3.csv,4c1b2c8fb650fbf5125a78e03bbc1ac1ed13bdc1ebdb9a59c08ce7d17c1ef420,60582
r7h7sf966_v3.csv,9ebee3b820ae5dd9c61c301d4d75c5de5b7e3b90392b5a433fab4dccd1661e64,60124
r7h7ssv8j_v3.csv,b355e6e784af63875a4c578d17ebbc44fce668f4e396a39ed0bfe6d5bb14e090,60606
r7h7sv8rx_v3.csv,8ac6ed27dd8d145d5c334dac8b1e87f53a3d523af0f60c3db433cccc2e992ba6,59714
r7h7t5vdq_v3.csv,16a532c88df9d04519f656f06342ae7fdf791e72efb5ddd0ee135b6eb3bf19d1,60968
r7h7t6mnn_v3.csv,348c2c8a05a5d6fbe3c49891929a4b2cd64a5aca71409aff95f83704b8cda6dd,62046
r7h7t9udn_v3.csv,251c9f100e8887b0906ac97df9970a9ebf671c1236283ca49d1b4f68de90a3b8,60695
r7h7ttb1r_v3.csv,6446bc39c88d47b91f28e9a8f389d7213db14ec5acabeed1d33bfe8ea229c3b1,60745
r7h7ty8nf_v3.csv,45489bd5b027e72b6f5bd1c77a42740f02a8a19d91d2be71895e4a6f357316b7,60451
r7h7ugsz2_v3.csv,f513485b3bf19f4e439509bc7d936939bd797b5547bfefcdff797a5a115dbd8e,61402
r7h7v0h1p_v3.csv,245771d7ce35d9a97cdd167ac15378ec4e6a12db87d61b2c6a418bdfa3a5ea74,60937
r7h7v46bp_v3.csv,e3c0110a31e8428ec7d3fe13a7386e12b85cbaafeeaf64936d2336c2c4c22f72,60428
r7h7v46mb_v3.csv,658496d90b43b4b20d9332e271678ed0bb3e9db769b153e604049aef3daad7f5,61313
r7h7vgw9f_v3.csv,f9b609dbc41419c6b96161729f5bbef9bb4b9d22b921465f2030cf682a56ad84,61210
r7h7vsfyk_v3.csv,3ce1669f373ddefff9ae5aed8803d35498b70f1d8c36ca4144d4bdf067fb1c2b,61785
r7h7vxrxr_v3.csv,790ecec3aa41486994bae0e6be8e1839556ea713323fa93d71dbb6a5a363df41,60645
r7h7w2swb_v3.csv,9c36ac64220b8d032030df5a8051ba4afc7d4475a37d88463281001f0db93334,60434
r7h7wkjzb_v3.csv,798355345d8d1e306736d915bfc2ec448bbbcb7312b58d4cdf80822aecda35b0,60552
r7h7wp33s_v3.csv,b4bef0ed84d54d2e33d2024fb78b286c754a08693dfb5cebd27e08dfc42820c4,60754
r7h7xvket_v3.csv,0c6ab7ffc5b59c07f91b99cb45c97f125647e7703de99967bfd310bcd5a51470,60640
r7h7y20uk_v3.csv,c2990951e13dc3f0a77ec4b83e2afa623f8ea011398cbce38cc12d4c95be45cc,61387
r7h7y5br8_v3.csv,902a0cbee62e26e257b36b4ab173a5e8753d0d873943e2ad411e1e3cd4b45d5a,61155
r7h7y5cb5_v3.csv,747d6d50a285c7a8bbc353a8df55e427eb891f363f31f52ab4b16de7d57e649f,60845
r7h7y5nks_v3.csv,e9cf78021a760fb0ee7ed491683a39857053508e26ea4d395b812bbf4a9fc0cd,61192
r7h7yjd2k_v3.csv,c19bd8f32fb1d2b15ee5f123216eae9227df78b99c0d7a5ac1cac4ccfb6ca43f,60269
r7h7yv9fk_v3.csv,ff2bb6fe12af0be205f0a7e69c01b86278451a4ce06bebc44aceefb066a9ce7a,60774
r7h7yvwyj_v3.csv,0227b311c0d88c630e51d1123b4f5fec79313ae6b1e1695e076895e8a6cad21f,61628
r7h7z8717_v3.csv,43a8bd14b46f0e21a3f634caf4e49b575267d039e5b62c18d83b4828b965c3a6,60979
r7h7zf32g_v3.csv,2887be41ec2d387350c77f5fb0e9e4495288499aeb71bff11f9e21c95d19543b,60262
r7h7zjue8_v3.csv,c21ea6b92acc6622c3c21f53eeeaa694c2fd80d0e731f615ef4a50aa1af6d218,61042
r7h7zr2z9_v3.csv,bea1e9ac242c819ad0a3c9163bef32b0782b9992aabfd99e7914b1d68bc2fb23,60744
r7h7zrv5v_v3.csv,a712b9df2b30d87785a311a6c972ddb444776b972ee0a8e19ad031bbf0c37734,60728
r7h7zx0ty_v3.csv,b9eeacfbcd191b520d56b25303afebbc496a947e116ecb716943b6bea87e49b8,61314
r7h880gf3_v3.csv,fb308d9d8c14576d20fcb5ad4854f38dc341876c81909ec6c994341a6c4cd6c8,52981
r7h901b3v_v3.csv,eb39f1018c16f363adf33feb9de3d5f8b862946f89674918a88f200bbd22462e,58549
r7h90rhpk_v3.csv,a2ac7f83e5634a977faa772a6df0a2fb3ad8b2290c8cfe1f72d5a8776e9d1286,56491
r7h92msf2_v3.csv,bb6b97fae7cb28357bcf241bf2e56785ca6369206d2d1407c2db2721c4a56883,58685
r7h92r6u9_v3.csv,0e56ef9b8cfcf9f2e8873cad2e00d417dbcb92d5e68d1b5d84034c54526fc637,57724
r7h92rws2_v3.csv,d1045b6db0ae029993ff2a919fa767b8bdaf77087faeb170c6ef75245ecef922,57116
r7h982rdk_v3.csv,46d141bd0e884c69fcf73a394753086a5893c2e7f038b699c358b4ccc27b1dba,58576
r7hd87twp_v3.csv,e64f267a9055d37b4b9738058f6c71d392166dc2d59182120a01541178207ca1,59374
r7hd8m362_v3.csv,db39b0069937d900d3d2228397a26e0ca052b915cdcc0ea0a1003e4f18ce92f6,61651
r7hdbhgnx_v3.csv,568a175f92f068c409acc2d06c61c4a82837f9e29f9611593bec0911d34bcf60,61099
r7hdbnxj1_v3.csv,f52ddcc11871ffdcd345cc971aa103de44c6a0cf62a4aaa6d8ca82de068e2562,60400
r7he00e0n_v3.csv,7ff60137d48ffe8d56f06835321133d6faefdb860848ae26ecd85091d3e7b393,61943
r7he010mb_v3.csv,06ffab0f4c4dbdb9eed3364485f8327813a51daa9e4b3ea79ae2a185643be044,60223
r7he02d44_v3.csv,7a535e133e6c8d1af657c3b70e6d0eba23f9151471023ca73d4212470de7d79a,60534
r7he04y91_v3.csv,327c134075401691e74f246adf2bcf01f2ddc265eb6c27e4b426ca0fbc204539,60982
r7he8r781_v3.csv,912f3a76f3ebda9b97413455cf0f86625090b68d5781efa030611c53fc71b729,61968
r7hebptw0_v3.csv,552a3b9b1bd45fa061fac51dfbd9ab52288b8e6f46482d197fe40c4d8e3b2d54,61324
r7hh0k1pe_v3.csv,6f3f0132548b5d3c13afeb0243f408ed9bd725bb89c31cd67ed266f5865aee93,31174
r7hhbe7rc_v3.csv,25c2bb1d0326cbf7c314efef9a86d50c321f92129752b50245a5dbbde69d9c9a,31438
r7hhdywdx_v3.csv,32ff6f90c5fee6cd7d6ecc67c3ba72b686a279e1d18f2f1dc418010d637ff4a6,30952
r7hhhxe03_v3.csv,35389b7095077b54d1fd343ac63c5ff12b95009d64e2e0cf067d0b1bf637bb08,30839
r7hhtuqwy_v3.csv,e46da0a80a6c10a256b98f5283acc480f8465da60af363f5068626dfa2e1a85f,30421
r7hhu2rxp_v3.csv,74a4fc97b0ee3170d468436077435b4c05a1bad1fef007976b85247faa8e3752,30788
r7hhvcw42_v3.csv,bb19e28467d7b563644768253cbab8b753b1871760daed0f3e48cd6d1983b3ce,30645
r7hhx19s4_v3.csv,4c9ec354f43b396a31b9ebeee4cad5fa8f7f90146ddc9cb491eab42898f95484,31328
r7hj3g7ys_v3.csv,30173e86f679f9b387239e2f78273c6e0605e1e7786bad7682561da975fb2d2e,31201
r7hj5ys1n_v3.csv,d5a475f49e5d617ece1daece624334b9a810f56580297097371477a97cfc855e,31149
r7hj6j2e3_v3.csv,4bc0b13bffaea43cfe9ae35b751dedf3f83a66f8b0414ad8b6adce2566ac42fb,31047
r7hjc5udm_v3.csv,12b1a4deebcbfff05169d5d4354ee91a395ad965dd31e73902fb82139bd6c06f,31559
r7hjh04hf_v3.csv,806c6e2eaf7853260317cf82ad23d64836901d8ab4db206adc18ad5afde7ef74,30903
r7hjkgdv7_v3.csv,c82633542683326931e93330fc373fdc8704cdd9658d66bd6d86e8eb0e7ff85d,30839
r7hjwbuvt_v3.csv,1bbdab11f239064c28541a8f5836cb6f3e82a87bb633fba83ac2f59a552bcb9f,31142
r7hk411c2_v3.csv,170f99081c4feb600a7abf98276e14b6cab3a8d9e8b2195d440c93ef72380b3e,57890
r7hk435u2_v3.csv,06d6eda9fafa710f782a7c344fe4c6f5633bef376b529db7e441cd78e13689f9,60610
r7hk48rmz_v3.csv,1e0d24923173343c2e80a41903b3bbcd7861ed9827e8c78bd45443041744908e,60688
r7hk4buc0_v3.csv,38072e13eb1f4a5c23e79f2921b783adc23049b3fd173bed8b1a19e20389c572,59643
r7hk4kzfv_v3.csv,c68ce5a4dba25fe56518a078137e9825b8d0833c90a9937dc1bd77f51c90736b,59999
r7hk4tg82_v3.csv,d1b88bcfdbe0e3826da7e78001ec6b68050282fa65c2b0d874e507b9934c9058,60573
r7hk55t90_v3.csv,043c75faaa28612c3084126ad986ca149d5da9ad01b486bac10598a74201195a,60107
r7hk5f3mj_v3.csv,be1cf7ac9bd00f26ccfc11c23f7e99fb2981f926d80f87ea0d0ae1f006906d03,61559
r7hk5ue20_v3.csv,e108ea6c60ff07660ee263b00de71d00a53a9accf5438fe3810729c47eeb8422,60328
r7hk5v50m_v3.csv,ddbcada2f2ad651bd38a6e22c96cc426f982298bcf9d98312be7db2f88e6bf91,60938
r7hk5x587_v3.csv,59f1654b95d903edf49dbd1f40de072faf5b94cd6487eff9ce2b5cd48e50f336,61193
r7hk5y4zr_v3.csv,b5e95d34be48812868e1a9fbfd2b021910889287800b579386ef056bb03952d0,59873
r7hk647wy_v3.csv,dbbc6af46ce9533221ccc6ea831ac7e994b0dfcffe4cb93f4f53d4c8305c174f,56137
r7hk78hgp_v3.csv,4091c0980a2d43b7595d594d1b3ee0a0712c0be867894e089fc3df4502fa8939,60268
r7hk7vruz_v3.csv,3d657c3452fd443a34e27432d92ae374a0e35e7cb506ae8b98badba07838f0e7,60658
r7hkcccj2_v3.csv,bc6f7e4d5a5f8303e67ffc2b0decb90590c3b87eb33635461814f0a5af5a332b,47315
r7hkey7ns_v3.csv,bbbb99a44067fec2b26fb970464c3711e6a92b1c6f4f09bca096fbaf6cd0ce16,61219
r7hkge9uc_v3.csv,466850a01dc6e27afb465af6e266758fedd903ab6ee07b8fbc1e6f51728bae53,61517
r7hkgee41_v3.csv,077a1fa85ab398ec1c7059008090f11100430f68e14df7cb61889bb0b16b96e0,60123
r7hkgt5c7_v3.csv,cf86f9b57fb137dad6a6644d2a4e7985fbd064e4485f8fb1a75d8ac920066f7d,60982
r7hkgvsw6_v3.csv,82eeadb9a30c81ee4fb11ca807d622f65f1f20776d9986eed2cc372b7c136a4f,61625
r7hkh33gg_v3.csv,2d6a3f72207f8a0964e63bdf60de98a4528e2b6be22ccd658363ca84043d9e4c,61484
r7hkh4bfe_v3.csv,cc06f1cf837b0b424776c331a3f5cd4c2dc5070512311d125ea6195e42a2181b,60883
r7hkh548b_v3.csv,f4a418f1181f5c30f61d5e17401e791006e4e7a4523c27fe52769c5739b45cb7,61561
r7hkh7k2j_v3.csv,7034196fc2598a65bd67c970d472e45acbe98268ce55af964e18e04e4fd42f58,61156
r7hkhj7sr_v3.csv,76646757e6f42b612372c7cc1fa73e919b9f11a0ad9ee4f463e8badba8f2f532,60128
r7hkhn25g_v3.csv,55583e49b81744b8519869e7005275dbc56676fc7110c1a719f1c785aa91401e,60857
r7hkhp0pn_v3.csv,61df404afb2d22cf600986b0bccb70a0732f06f5134b525dcd68e369803f8444,60731
r7hkhpuep_v3.csv,e4832ad7b4fbe399e726065e3dfebe16a51f3addbca51e873366fef8755838e0,60517
r7hkhrvs6_v3.csv,ae263c14460167b2b9b7dcd78930114f101fe2b46fa38af5844728e2f995be00,59905
r7hkhtuqe_v3.csv,f0c0f65574b89a66679540d63276f0701041da479d94ab3347dc4eefe7a7860f,60254
r7hkj117b_v3.csv,3b876b80d1d9d6c1545793afe7c560553e28ca128653457a9da3c8dceb18e1e8,61533
r7hkj532j_v3.csv,4f619655ddb4d1e8a51d919643bf9c41a5a801234a180a2cd3c9c303a787d2e7,60335
r7hkj6utx_v3.csv,c1038b84494c1678f7a298e16ca0d1541ec0c5ca443091064625e13b2f513d80,60557
r7hkjd2j3_v3.csv,db63f68c0465040600bc6bcb89fef524e8e0fd9bfdc617c2ac48bcb60583c01a,60377
r7hkjtd3n_v3.csv,5e85909947e8be07ecb68f4175b7b92ff77f1c5e55c640e8ef1783db0eee2591,60031
r7hkjzmgd_v3.csv,a069906c6c56fc1be9d3e511e4fbb0b95eaf45e9043c61bec6de0d4c4c4c3d4a,60332
r7hkjzsej_v3.csv,1bd29808878323092a137b84051822d56a469e3bbcb89eb561fa093cd5f3d8ea,60780
r7hkk5ju5_v3.csv,433c65e56b5ddeb4b9ee685733a0b368d73aea46cf643c013d7bbed3948e3fd5,60287
r7hkk807s_v3.csv,030426e84c0f51dba0bef49d65e150cddeb6a56cc672662d5286df61270299d1,60797
r7hkk8dqn_v3.csv,f757735be9174bce31f450827368384ba851bc18fb0897f1790337a785f07745,59975
r7hkkje81_v3.csv,6efcd14a809879572e741bcc003dd635c190be5e57b6c9d01a83f5d80685f6fd,60719
r7hkn6kbg_v3.csv,53fb309474ba9bf6a3cf1102ff8a4a33d820ce8ad30b33ce9ad553e664f9011d,61133
r7hkn6tr7_v3.csv,a9680cda64c1ad9829c7f89cd1c256d535f385961ac82bddd9f6a09e7b27b3f8,60892
r7hknfxx2_v3.csv,41898714944d2902ee6ed9664d28b36bfeb0a5bc4aa41d6b201dbea5e29d813a,61163
r7hknzpug_v3.csv,83500ae842d847573eb1b7b2efd8aa27cf8666088d42669cd261557de8211951,60791
r7hkp7xv7_v3.csv,e7370cf8661edbeb6f69683584f9a49e3c6812466a8e5e80e0a53ee6f73cc717,60650
r7hkp9pzy_v3.csv,381c3878679df86b3e498070b81df58c9c260c4895e4ea217cc316bf5e22d9e9,60493
r7hkpctmz_v3.csv,3f63ec988841e1a9bccbd915f90537f543e73ba658b23ccff476d84ff99ca948,60958
r7hkpg13s_v3.csv,ea137365c06d7b8b5a8b35afe0be008ffbe0cc759104db8cec4a24b807c1364c,60575
r7hkphje1_v3.csv,d4acf1caf747c0cea53306f36e546a81bfe571a45c34decd72275d266bee59ec,60554
r7hkqdhdp_v3.csv,9bdfdae2cfa6cb5cb923d66ca528181354cbc3b68a2537d061087600562045ab,60443
r7hkqq11q_v3.csv,8ed95d770854a0abab04becc219c8ac1d2e1846e275f08d4160c93a55f8e4909,59895
r7hksud3f_v3.csv,b5d4d5db8629007be3a041c67d5c69772accdff1069a6b36cc49b2e08a8a1c86,60086
r7hksuvj2_v3.csv,1bfd3e2e836bb350a784f55263ecb0a01555e45993fd5ee1dcbc756a3b3f8fe5,61368
r7hku9un0_v3.csv,077d5bbfe406dc3cc2d08caf5f38fbb027bd273c5e13b7645be37940c2d4b52c,60420
r7hkukm14_v3.csv,7d0d1f5669b7b9b7d3a4c04438566c0bc07ea8dc65e2af74a434cf5a8104a8dc,61222
r7hkvtu1m_v3.csv,9bba735ea0afa09ae112a67c9148dcd54e859afe94fc428f2502306334171b14,61605
r7hm52u5t_v3.csv,4453cffbfe5beaebf35384aed0e95e57ec74267f625c8d56933c76403e6d43bf,61087
r7hmfbp3y_v3.csv,d81fbe208f39e5b4e9f7a5f0244c3fa80858c4844fbfcad9ee647b7d64bbe3ab,48952
r7hmgb8j6_v3.csv,671fa51966b206106b437f75d4ab55571d5f5c7edca913a89232d07af102ce37,57280
r7hmgrr6c_v3.csv,8ff7aa9098206eaabdb6a849345d1920c42e2b41f77936b82d43a12cda112915,51991
r7hmhzfzv_v3.csv,c9a6f0b3e2c7d5b8984dd57231231aedce7ae1b4613160f179cc5d929dd32cac,60471
r7hmk061x_v3.csv,078068644123430581ae204daf0062de96fe6e5153a49c5d50e2a89e5427d1e8,61038
r7hmk4txw_v3.csv,d96105e1db2a43494903e3b895196a68b831d296b33ba42a29f6b10a27cdbb51,60936
r7hmp4e3r_v3.csv,3d936a8075dde46f4470ba6fc6c1a6feb3a43dc9bf5164d09d3bd314c1f20e75,60216
r7hmqtrpf_v3.csv,b1e8fc0e7c550a3c1d070f5545c07c46aa03f2592ea59c5f4c2fa4baad893798,58859
r7hmqy4xp_v3.csv,fef793a2e23b9f01b56804f12694396e2bfa666aaddd5b8044221ac4347aa7db,60079
r7hmt214b_v3.csv,1cff58f11b3d2bccfa84214c361d59286ee7f0f04870e71abe887cbf24efbd7c,61108
r7hmu3g2v_v3.csv,3ae972a97883d324338f5e92c3cb3ad48ade7805644d2fe92d8d5f101cadcc0d,59799
r7hmu3x4n_v3.csv,46b9a2ec09321d572ac7a38630a1bbdeb82deb12d0df3687bcd60b3f400fdacf,60042
r7hmuh4gh_v3.csv,4516e26b865a16965d48e6abfd2cfc7ca56a3fbf2d5aabef0ec44b2f93b0dbfa,58366
r7hmuswmz_v3.csv,5d8da29aa0d22b0313582a408bab9eeb0d0a0d7b5f17f01cf47a08768e0cf3f3,60153
r7hmvj9nm_v3.csv,a7be51d0ca2e42560c50154173e4a551b7c5eaa574df90c74df181e3413fa0f9,58991
r7hmvm0nn_v3.csv,d8603bc2be84e944e74ac1600f9f856e4d1f0a5d3ec15ccb5369d8d5b23d0b30,60724
r7hmvsc26_v3.csv,3508b10b718ead440a45cc074b89256fe5eb60cfde0772099a97da6f1d043a63,60088
r7hmwdm6r_v3.csv,20bccaaf674c314571886b4a4ff5ddad0d93d7215f68e60df0264d0b73bab535,59354
r7hmwf6dm_v3.csv,3ffe57486210f2942b8b55099da027d28671cf614f71b0a007d93f60db9a1137,60078
r7hmx8gf6_v3.csv,496dd5673f5f0885fcd40929f7a6cedde81a40d9b42aac9789b8b5870c6b3600,59142
r7hnc5g08_v3.csv,d0706be7c34285d6c10669d4740b8fa28645c39051e6433ee8f0447f92a480c4,31084
r7hnfjv9f_v3.csv,e48a0d97ca24fc03f682bc36ad25184e42a567d47e18b707264687924ad2ea5c,31084
r7hnjyjj9_v3.csv,54b35e7c499e8886b91197434566e63ff6339d2deafb86fc503d03bb2883b5e0,30506
r7hnrmtuy_v3.csv,6663946ed0410df71d4dc57b0ac1afb6ce35af9b7cb91e3aa51c9cbb11de3b27,30765
r7hnufy0m_v3.csv,920dd12c29c6f48fe5b81d66a787db4b3ffed64c9a43fa79bb156158443ba59e,31001
r7hnumk44_v3.csv,f6bb474ce6024dfd97df31e4a96bf4f53036506fb14df844bbd15733eb9cb4b1,30939
r7hnusw2k_v3.csv,cad79d9f60343b5350731f3d02319e7e2a61ac6a14c18fbe6cedf158b4dda0d1,30706
r7hnvekk8_v3.csv,566d687e01c28ed94c73178b2482673798e12836f18006c59132beed4127fe5a,30683
r7hp25jr9_v3.csv,3e1e3d558735f2c191c2cfce5c8a4659649c0eb940cbadd6c6cb10f72a03150c,30771
r7hp26r3g_v3.csv,7d9d3a4461ee08a172d448dfdbd8c246ade1e0c56648706affac7fcd80d357df,30852
r7hp2et2u_v3.csv,b5be66c31742e62a34d1bf42ddc31b2c418a45bbddc981bf1545e6ce75d1385d,30313
r7hp2k0dg_v3.csv,9e5bd3bb1901453596a15c6e855bdd115572142dfcb4e7a4f3bcce1f8fa572eb,30942
r7hp2kfq6_v3.csv,ba363995ee7bd9ccfa4c82c09e3ed752ec4daa7da97b493c4ee189f30779d601,31144
r7hp2m6cd_v3.csv,455dde5ea35753de306aa7cc477f97fca688b282c2a0ecd124ad91bee327ef3c,30800
r7hp2mcpq_v3.csv,4ca79d532669e9463fc28a77e05bd2a75d17cd433bda25016a6069879b92af7c,30660
r7hp2mf63_v3.csv,1d0d83a1724ddf3156f730cb49ed61b4b251dd022c9c5a70ec4ff125fa212b09,30750
r7hp2myxj_v3.csv,5f15d5d132be597cdb5ba0a348af25b165960bf3f84985dc08b5825218091f70,30926
r7hp2n0my_v3.csv,02aafa0a88ed837b8b3aa887cdb6963251a7ebccfb4f6a9ad567f3d79392f7c8,31485
r7hp2nk8c_v3.csv,e6f8c32c970a8f8849b77c277c8c38c184f099ac62cd5c0db152c9354f52dd8f,31024
r7hp2q54x_v3.csv,161d087e091a023210b5d18b84ffeb8b341bbd1c5662a563de6d72cfe207a353,30662
r7hp2q7n5_v3.csv,6dac46cabfea6848b28d2c4a13a1b41ff7deac8240dab249aae968385c9eaac2,30565
r7hp2qv4n_v3.csv,80a32feeb292dddef11f79eb6ef6fc114c1aea8d8f8c708d08ec6590483b981e,30562
r7hp2s49j_v3.csv,e93b337ca06b35a190901945bbe2cb8604c8c3ab92659fa2dbf0f84bf7726859,30592
r7hp2txvq_v3.csv,e75935261f1bde909267dd73a1218ded2a76484dedb715132721c9eab25ac45f,30834
r7hp3n2ed_v3.csv,3bed8adabcad343e7d15ef19bbaf0bb444c958836f8a4e184f9d3f356765426e,30887
r7hp56s5b_v3.csv,d4cc79b9ce9e9949f565f70484a7bb3330ed72d13b2fd3cab622facc9e4e2fbf,31456
r7hp57s1y_v3.csv,db3fcf0337fc49296b920b51f114c284cdce801064c2c71623e8524b8663c691,31241
r7hp7e5x2_v3.csv,c007482366c3839cb4f17d457004c12cdcd04c32f6a2a93eae70ca096f16280d,31962
r7hp7sdg1_v3.csv,c0d689591834435d0791bbca76bd689d87cf051a9d55c384a0702210ed6b0fc5,31654
r7hp80gxf_v3.csv,22b98880805430c436b310f66b9bccf9c5881f1545f22a98e6110562f09ce200,31414
r7hp81kvq_v3.csv,a5e69f893162281670c7e273cb4b98cb3f35d97fc503c52fd600518f8fa027aa,31855
r7hp827rf_v3.csv,5a2a0c13176a3722ef717fa5f66e08c6d7a7c30494a4ae0111403ad5b171a5ed,30435
r7hp83nbf_v3.csv,7b8d39e4792fb2598900edbe0996540ddcd18c1747b14b268b27da5b86882f81,30922
r7hp8674z_v3.csv,4ab161bdf183627725d7a938148bffb7ddb537198f99996ebfefa78a260f9bde,31445
r7hp86s2y_v3.csv,1b8f831cf229f0ceaf7eb4fcdef025a69e37557864b55bc18719d93a4af80665,31379
r7hp86y73_v3.csv,dc65a3bb9a2bab965cdbbeee06c3f607d2ec0b332c0a35143fea30ae9e6813c6,32042
r7hp888ut_v3.csv,f5bc2263fa0954baa6bb1e23c4dbbad74bc583cc314d238d54ee0ecd18ff155a,31026
r7hp88j44_v3.csv,eca1e8a9e695c4e0a26ff09213060cfd10999cd80e282d9269254063ea090195,31238
r7hp88sun_v3.csv,4f517b8c38915963e7ee725873d207d39d64b81e02faf69ba0f4f38d6ae315f6,31257
r7hp8f351_v3.csv,8b4c3bb2e05ca02d0fea248aefde1f989ec9ed6497c45fa841093864ebb02aa2,31771
r7hp8srxh_v3.csv,89c7e224c3448f754885d307421a5aa85a788a37e25543bd8168d4d36c7182dd,31848
r7hp8y8vu_v3.csv,dc656f6550868c53f4739ce2ac057e79badffcb0bc18eb21944ef806b2ae8ee3,32223
r7hp8ymbm_v3.csv,12c8876f746710d56c92a9bc71a90f15846b2d1bca428eb5afc8de7b6cb2c33a,32225
r7hp91cv4_v3.csv,348d8038685db98a1dfdf9fe7eeee94df7a362d661498bca5647454f21b0d610,32038
r7hp95d26_v3.csv,cb2fc29ed14eb5ae5ea4f1ace3161dfb535a7622e4be8e8ea186e3b35c482e50,31873
r7hp9js9v_v3.csv,afe87c9f4e67ea4232c3fb8b9a555d7930e5fceec16cb185fb623c076ce452fb,32601
r7hpd7k5e_v3.csv,d8bd4317d9d88d6ab25fd78e2f41c17ef306399e80328f3250066a8bdd2b770c,32152
r7hphcmj0_v3.csv,18fe824dee27531974e85ba3699f05867a72b0446b29040749a88a3768d01c35,31422
r7hpj2zrj_v3.csv,8b26c2d6d633de5e3a07a3770d764cea5876957ee26b6aa1e0a1036647292ef9,31061
r7hpm3631_v3.csv,2e80ee38a04b136b8466db6060c2202ad8ee13951d58678267f5344493f6e91d,30874
r7hpu2rn4_v3.csv,2aca02b64a9161feea0d3a23c6001bfcc9f5ffbb961ec8f10d949a4a4f605bb2,31877
r7hpu8ghq_v3.csv,7f50e97057f1fbc675582827b8be3c2bff0d7f057bbb293ef7247a9c05b466bc,32035
r7hpzcqcg_v3.csv,0378e23f80f283bfa98b448a2c8271bd50f19addb5073e9e0799cd42ec5f4e42,31713
r7hpzgncr_v3.csv,e7ad4ae3b55acb47d9eb57a2868d23fcbef854ed90ae667c5e2a43d3aabd0492,31958
r7hq3vsh3_v3.csv,510af4c7ef90c65b7fee37b34141f119f48ad5aff0367d7e54e653f0efe87b92,34406
r7hq4jhcg_v3.csv,26d9b901b07cc2b5c160397cbb91973fd65ccb4612d0725b5643677cdfbc3a3a,39567
r7hq64g46_v3.csv,030f4e3e638c5203109bdb9621aaf54ec283fcf73f9fc930e8f958ee25d1b316,37068
r7hq64uu6_v3.csv,68e801b8b4a6d9a366808aef13b8dfa9a0486ddd890b75c182b3c0c5b982f393,37540
r7hq6sdcq_v3.csv,90fccca21006fc4a6b7a80bd2a64f7c2e7551b9be3b172976e2aadf0ce606051,41963
r7hq6v52z_v3.csv,d447943b883db41e788dfecace3c4deaecdac6bcb149f27f496aac8608e3b02f,43803
r7hq6wpyk_v3.csv,ceb115bba0f4a7fe4d4edaaf1d2113fbfca3e9f50235e9d1b9bc093542a6f45a,42650
r7hq6y405_v3.csv,b0a72935ac08057e87e5c1b36f9224a3330a0de407b3c4794192d0e67c70af93,43041
r7hq6y9pu_v3.csv,4665ed5cf5a5aa52ef4a7fe5d6c18ff96a905761d29b804728486971276220cc,42232
r7hq6z3e0_v3.csv,01e55abf2b82b1b64a89333ea3d59e3a989290bd283943b58be26d18849e72c7,41998
r7hq79gft_v3.csv,83892d4039bac9b752db6d1abc3eceb52662f9825de38ca645f0fcc85bd701b5,49744
r7hq79nxm_v3.csv,1f2538bea683b9c3efb18772693ecd4c0b52b643bb7dddcedf3d7d586c29ca80,51332
r7hq7bhbw_v3.csv,d88fa57541ab88bbd0f65ca0890f62aa3cb8576aff8194ddaba1f18f02b4fa2b,52973
r7hq7d9h1_v3.csv,d8a4196b492c2162e899b755b63f613dda9c2a2b3a8d61ef34a7e7eb217c8fea,48894
r7hq7egbx_v3.csv,593d67bbae359d5d028bb711e122c6c6eff8b34c6b8e8acac73091fbd365eecd,49345
r7hq7ewps_v3.csv,f2aff6c6f3277bffe534cf70368b37a6c91aead715c30c3274be1d36d7c8d017,49210
r7hq7g8jg_v3.csv,df898c48a014234fd1946086766419f410ed98a53b8110a497bb25afdcab605e,50405
r7hq7ge4k_v3.csv,83b0812b8c9d6e9d2cea0762f98de0b85aa1525f911f416a646391b00c4b284f,51336
r7hq7gwjb_v3.csv,4c1cb638a2682e043260fb8686de2f5cece695168144bb02e388e4ccf6d34eec,52103
r7hq7rghy_v3.csv,22eb24b3ddbe549aa85a774c8a83d2fe40550b79273f7bcda2aca1520f18d3cd,45972
r7hq7yfy6_v3.csv,1f44dd4ac11b79102756ef49f971d4b58df957447efa3514c2795a8020bbfb4e,49951
r7hq96fcx_v3.csv,8538020073bdcb5773886508be8c3304e6f11e7496c2ad6a34e65b39163b6924,31603
r7hqcm8y4_v3.csv,eed96874dddbf79603f1581925bc5c88d9925ec7acca156a52095a9fec1aeee6,31438
r7hqdgw27_v3.csv,f3daa553a3527a0497883410ac306d13cf5cf53e31cc3704e99aec0b52c41c67,42421
r7hqdunbz_v3.csv,3da9199f4ba051547c231de6c381786e2c56212a8ead238a08b62c0cd7bb56cc,42337
r7hqdyb9c_v3.csv,5c644c93bc7e69569ea07c13984bd9012afb688ad457a9fed3ec6b6800d41cc7,40491
r7hqe1f7e_v3.csv,4aadaa63f8f08be9916e772b195f3ca1ee45af6f8c1b164b4dc7a5512288c0ed,44339
r7hqenbbc_v3.csv,910273bf95a43fdd34cece387aef5f93b76c9ee8ca48157381978fb24c9fe9f6,42795
r7hqf9f85_v3.csv,2b2daeb011cef5f0c5ce503f31814537b0879e90a071223f75247496f1067d9f,38455
r7hqfcevj_v3.csv,a738bafe2617f34aced1ebf0739c2a917d57bab51a7a6237ac0936e06f0c86b1,40797
r7hqfnvr3_v3.csv,fc12992c61d3c9cf3cfe617110b1cbf862fdb4c741fa3fbf9a6ac34978498100,33121
r7hqg41eb_v3.csv,eb4620030fb766d08ac304e9375ed9ca341ad089d4c79c4da25d47a18a662e2c,42323
r7hqh6vz2_v3.csv,125157bcbfc565e86b292e3182868ef5a146773e49cbd713ff01c8f23f90fe9f,59165
r7hqhbnde_v3.csv,b8ac89491eb0d0957910eba3d13ec76a8016b063facf8c985ea743e86c526522,59668
r7hqhbq7y_v3.csv,15ce38dcc2818275b00abc9fda24f4a255f68e51db87e23bcb9ec3f53350406c,59493
r7hqheynb_v3.csv,73652c9076f38d22f75906faee2862e95269d64f5b628e50f1d87571a87f65f3,60173
r7hqhftq2_v3.csv,d38b61288a0e902dfaba923e0e6720f58cd8272e83a0bb3ba8f6f77a3c305479,60532
r7hqhn00d_v3.csv,0607a33b379071c2bdd3910507d223b02f9a2a8c2753b4f10b7f2b8f5861f7f6,55346
r7hqhnb02_v3.csv,45c873683973861cfbffe5085aa48659167b1ad9fac85828d133899f647d658c,55146
r7hqkj1f8_v3.csv,42fad8e6aca99d79f605d77f72c295b3a77778c5f22c6f17226ea0cba07ac0e5,52943
r7hqkjsfs_v3.csv,7e682b8c01f440217dcdb0da49ddbfde74fd7cb54411f0d8db8a4e07ec7ff6d2,53247
r7hqknbhm_v3.csv,6852df3edda3923c020c698c6e35a630c2d0f515f52fdcba821002be576a9088,52410
r7hqr4jyn_v3.csv,569e948653b04bd6a9515ac43c65a0d3c19afb9e1c6a7a42160d52eaa31bf39b,60784
r7hqxeecv_v3.csv,59c3d7cc64e0d3186e30fa1935a9b7b7c00eb86fb35583b96c37413345d65cd5,59712
r7hqxqg3f_v3.csv,c5178eaf33d22f43199ffb5fb18490765a531dbaccbe748a162346d2b55e60ba,60859
r7hqxzyz2_v3.csv,f007346d51a9917eb2bdd43213d55b7975943c0977a058581d7df6c7fa9a997f,60237
r7hqynv3n_v3.csv,bf1df5cfbe72e921fda9702d53e5e70836b9858066c3cbdb914bbc2f618c9af7,60323
r7hqznew6_v3.csv,1df2a175a7698bd8a6e2ded61889d5f6ef00059f7d979dc80e4f32bced5434d0,62317
r7hr1eu0e_v3.csv,7bc4527d5ae2ff338b6893e2f7ee7ed88786f5b6751c794cf2e1a6d93992eaee,31452
r7hr41yzu_v3.csv,00e273101db14f3cc7fffdd21e15d6ec6ed16ad99e630e81204064e3512d2a9a,32994
r7hr8cmn8_v3.csv,7f7b438046193155f85bd3d53f17eea1f04218629236c01d643cd21046b96ed2,31954
r7hr90d4u_v3.csv,5463826a1d7aa0f742c4f93da5b908bc0d3aa84f0e5b8315c7eac33dc0e3654e,31914
r7hr9t8md_v3.csv,b565a830d1316cb66d607a5621118bb4841b423978a0d9fe9d6b3d174cc33acf,31904
r7hrrzvuj_v3.csv,9bbc4fabea89777864be950bb9d4bf3dcae677ad33f9c66e03bfdf055742a2da,61028
r7hs020xu_v3.csv,6c2269dab36c8fb6260649ae5009272c5487d87dcd308349ed17922a51dc822a,60813
r7hs05uxj_v3.csv,17aebb3932b51a265a721fbe984cdf70f3363bb132c8dfba1ece8d6d8dcd32c2,61301
r7ht00b2f_v3.csv,70cf6047bef9277f8ba8d50ef6e1fd73dda75eed09b93251c2c70b234a12578d,60852
r7ht84sfd_v3.csv,a34c823a5d135253dd451e81f9aac156a4b1c92693592c76e7db34e1a77f49f9,59193
r7hw234uj_v3.csv,a848e1035fba8b6ae75192d90b18158033c76c37be56626b9c375b688ab7fb58,58936
r7hw87vq8_v3.csv,c7252f4b43bc864867ff36d91b18a176b0ece0c0a7ea7a14ce80e8f08cb00308,59790
r7hw8qqjg_v3.csv,26592aff42c969f64058e586c14fa290e5bdb482b17cdfa05983ed8f7d0a9203,60562
r7hwb0zxb_v3.csv,4c39ba8768b463c0b04d2daa259c22a82c43135e89f5850edba499aa6b7877a8,61925
r7hwb14gs_v3.csv,cf30565361b5e1028cc9d62a0b3e25c3b50f0de4dcd4a5f840b6a472950591df,62364
r7hwb1w8d_v3.csv,34e4d9048f2a367240cfaf35bd353125320a8ec6a5563fdf808e9a970dfaa8c4,60449
r7hwbhdfk_v3.csv,6a22d9dbfc6bb38ddd742a7337f6f530d27ede3905197655f9009e3a0c956dc3,60656
r7hwbhqrr_v3.csv,d55190bba424ab80ca89d25fbb9dd62c2a21c1c9eb937d3b05e00045a3a6dd80,61615
r7hwbjbe5_v3.csv,52f421565c6dfbe2d2b6da05090d1f8dc0ba4121f6dd36d919b75b110f1d2b9e,61563
r7hx241s8_v3.csv,5a73ddde0f52909348e25bf088c71ed5260de52e903004f053b563bb2e7f1a15,62298
r7hx262zw_v3.csv,0467c1a61758463b7f2d647462c8db00ff620c78c80a1276c8dbfd17f16b0ea4,62208
r7k00cbmf_v3.csv,838a209b27959012b3086df82770b170313978afe2e46ab60cfefbba3b613b30,32237
r7k00jcf6_v3.csv,54f496d17c4aa8e1018f19eee04a22d5e2c80e3f84b10953aa35ef7583707261,32107
r7k00w0bc_v3.csv,656b4d7fd773c4602bf42ab50d284a1fd05bdaedd09d935b9da5c13f02f07cf4,32115
r7k023k16_v3.csv,02ab6807f90788dc894a8b087a4f2b0619c34dd99c06787f102ddc4a9d3f4596,32183
r7k03uzyv_v3.csv,62d62bcf203a3bf4e57a7ea9d6a4ee6acd20ff13116e23705a8dcac31f2d7327,31760
r7k03v1k8_v3.csv,4512e0bd3aab7116d811bc9e18d61dea42227611cd3fdc16808cbf1a0c210e4b,32406
r7k03v3sx_v3.csv,2f4b28d6ef50fbd5d5140735490420258dc960478cd09a5bbd4637f92eb4907c,32009
r7k03xbb9_v3.csv,0fcc7525a5254a82efbedf80567aeb10440349bb96af76cc936d590b2ebee1e2,32412
r7k06789t_v3.csv,d77ea4e2201be1d1d1f7b1b517fc87c1fa6bc151221c6c68cfe5d32bdf35e166,32779
r7k06dhp7_v3.csv,a8abc4729563d7cf9bfe0de13074d8fbd71a8ed38a14084fe79f3530c7b1d53d,31819
r7k06du14_v3.csv,7c75ca2f26ccd0eb744de135d48e6f2ce151d9dd0a9cbc78e53a24ed614cb1b9,32412
r7k06kuy0_v3.csv,103b3e3da793d77ed3760e729f37e4353734434505d85fd32b1872c5f6d943d1,32070
r7k07ygw2_v3.csv,93928298c24ca0756135f6e7f6e76a8924ec7447d44d4b815cc2c0aab0a28e93,32013
r7k08bsg4_v3.csv,de699a65d50707deb87e48c6e106ba6e257fe8b0b21f3cd3b3b5d9f9b5e1c189,32175
r7k099ksr_v3.csv,fa319bba78ef98a0999f576055dbeb0679f6a945f148fcf6069bdb8577a14286,31032
r7k0b0qhs_v3.csv,9c0a33de5f5dd8f1ca0b3900e343de23efda9f77e8dfcd634523b21bab30fc61,30898
r7k0dy2vm_v3.csv,2e2758a5c5c8a2ffdc6f31b124b7824638c4aaa904196c42cae16fd77257df6b,30033
r7k0ffdb8_v3.csv,34780a80f92b8c5a022494b6f62514ae1d8bbd816def0680e7cca5747e21d0be,29807
r7k0ffery_v3.csv,01c9eb755c258cbd8210dd1ec6aed22dae766b2226c21aae2ef6f66a22be858a,29863
r7k13eegj_v3.csv,463d4d663c4c255474e823e5caa44efbb9fad8173a2dbc9069071e456dd17dc9,30690
r7k13f4yg_v3.csv,2b26465a674df67eee30e864ad0f27307461abc0a58939cc4a9731cd5eba4c61,30431
r7k14g6b6_v3.csv,c01468f78feb5c9a40fee6e9c8cb069abb4c53051dfb75a0f670e0eac94b5fa6,29720
r7k179km2_v3.csv,28dea26742163e51843e90f72195b7088839425f43f127dc77c509bba0fcd904,29986
r7k179mw3_v3.csv,43112a9497c941766d0eb9614ea9bbcdf03051642a56084cb757c69a54f52ded,30089
r7k179qvk_v3.csv,9246cb0b04a1107212bccf1bf9bbe636dae2ebb452590bf7b35effe248306831,29984
r7k17c3t2_v3.csv,1ba5356c6292923d1891995c3e4031165a525e5fd9a1b45437c6b2d5676d044a,29936
r7k1958cw_v3.csv,7a1a8406b207c94f54ed45f67f676efca809f7326315782568bfc6434a5e7d16,30569
r7k197m74_v3.csv,554fa152a7c047a17612fd12fdda460331ce2829ab8b284046ae4cd7049468fa,30076
r7k199xp7_v3.csv,b8672fadb714144f5eb33781f829d0f6007ad84488149e96d6d626d2926d8c0d,30314
r7k19e989_v3.csv,9c831380d3330e46dfaa8b6ba995322a002ade1c754ba982bb5044e6f1c679fd,30767
r7k1dnggu_v3.csv,3fd13468323d6919577e46f993fffc735339d398c900a8ff5d12b1b3935584f5,30075
r7k1e5zfc_v3.csv,79062c2a737046163eaed971373da52df130af540ea0ab6ea66ec0bd79d04f1a,30346
r7k1gxjgh_v3.csv,bc36151e4e538c7306c3dd29694f55b9b96d4f265022f706f8498cf3b9bfa9f4,30294
r7k1sdpsb_v3.csv,91a5e460678d2107294526d27ebd0751cd6b36e777020ca82d756bcf378f0fbe,29691
r7k1xr21k_v3.csv,b8ac38bd2f0077fe924947df85a933648a56fcfe039aa4384b1b114b2f6921bc,30088
r7k1zbhw0_v3.csv,85a2a84ac89db3e3346fa0190ac31e74485243e5f5561c1cf4c910adfa26866e,29992
r7k2devv5_v3.csv,f782435a6f7271f57c9c0c94ef3b59f0e84c2fa2e024ab14334ff091853095a0,30155
r7k3111w6_v3.csv,573e04e57ded31b5faf33b7ff65221b47de07f49ebe4bb6bc0af5970e48a61c2,29741
r7k3869fw_v3.csv,091a9bc3e82aeee47553ca1afc094a9286142c939b6b981232dafb743cb71537,29823
r7k38uy7q_v3.csv,600825d11a27ecde7fa91b8b9e2773b8455677114ebe3b28141f1a686e3b98e1,29705
r7k39qvnz_v3.csv,ad5da679f59f9892b3df26f35473d34a8221eabf93a4f3138e09842c3e01a169,29689
r7k3fjkqd_v3.csv,a528d756dc35fe0914ef82b93d090b4d210a97591a68e37a24e65e0d3e7bcd21,29689
r7k3fw4qf_v3.csv,65e0290912c478af2ff63e20e6b48fe0d6132d79b9193dfa73cc90610d74215b,29643
r7k3fwn4y_v3.csv,20532e32da447648bff1d3db891182cca0b23fde3ebf7621e54e569782c5ee7d,29713
r7k3gr90x_v3.csv,24c6c4a5fe2c413dff557dc182991d27a8d96f6fe1f383ab9f9264580df6320f,29848
r7k3ndqsb_v3.csv,41491a22433a1563607e49b0ed365cdc96784351db249000a070af5b3681a78e,51182
r7k3nyq9b_v3.csv,b23638389466e3c3f43b24d077993bfde77325e0144f48cc931daec33acd79d3,53410
r7k3rd3wp_v3.csv,b57eaf8215e04bd001ca7be2cc82a39082c11249d60115621dae16d99b48aebf,57616
r7k42je8b_v3.csv,e3d81dc69d0eb2a0df7704cdfbd7162dff8aaa012814692b339f63f5a8340944,29963
r7k45uj6g_v3.csv,a8e6bf3e4fcf08cf8a236ca7fa2571b6118edc49d2631631af3052e84155deda,30143
r7k47u9qu_v3.csv,8958d665a49d4d64b4a0eb2a05d37bf78aa9d12d5b5f879ea8704660c73d4152,30604
r7k48537u_v3.csv,feee5b2204b3515d0a24da7de97046b792096deb56f88d58126a29d041c79edb,30566
r7k487vnm_v3.csv,7407977aea2c6e2c9b7f0fe9ffac4adae6e9c3ed1d5d94a991a7d376db85c15d,30071
r7k48jw1b_v3.csv,3a5e025c21629059d90140f0477baf8959e921fde67bd6cdd73c517860386a49,30385
r7k48kjpv_v3.csv,817d310a5fd6d28281d698a5111f80e08254e80b0b500c1a4def39a90c67332c,30086
r7k48kthw_v3.csv,a9cb188f505964b597f46130fa79eb958d8955369d3c33e9780fedd7c50ffd75,30337
r7k48t2uy_v3.csv,217519ce74772e610e3a105cf4b5b028c16dd1d07ee0afe34ead8af32cd48519,30522
r7k493xjw_v3.csv,dae5a791075a1acc23348fe58f747a63f7a2d0763889676b11323f3e218b3929,30404
r7k497329_v3.csv,4d03bcf5b616cc0619ca67c3d9d66b89755fd127ffcce39d976ddc5c2e11bd6f,30008
r7k49knen_v3.csv,ecd93a93dc8b22ef661c16e0f298ae9ee991738699dd0c37969556c449e6d83b,30438
r7k4b6jr8_v3.csv,16ab53558ff1ac6d158f86f3764d10b6283f85764f572af8e2c513c904569c3d,30302
r7k4bhtx1_v3.csv,09375fc9e1b4790983b742e2bdf2b55f31ba86487a635ebbeaccaf3b5f5f2d3e,30636
r7k4bhx1t_v3.csv,b9d3ac24e94e64db439b5b1112080d56e86097fb30bd336209dc9b4753cc415b,30383
r7k4c16jg_v3.csv,5eeb9ac45e3fe3c97604e26e9648baf3dc21d45c4f571dfaa0f8e4776af4b3e1,30058
r7k4c1s9h_v3.csv,8fbbe66849a16495072cf5ba6b00fe70ff5da6d1ab39b247d3980d13d28c36bf,29914
r7k4c1y18_v3.csv,38627bc1194643f4d6a7e864ca4450c63a19b8c24ea44c96bcbd517b29f22b23,30844
r7k4c4ptq_v3.csv,e6995a784605bcc5553c8c3047aae1bdf2d7b2074217e30cfcae3d58ddc8f659,29913
r7k4c5nrw_v3.csv,aba11679a33371613c8ed6978bf4679d517409b6adab1e1a5a0466cc2e595da2,30287
r7k4djy7f_v3.csv,3d0baf70b1da2b1c2603672416c6760161898621b766dc4de719b72a5e199f4c,29916
r7k4dmzu3_v3.csv,886a719d7e4699880199feccf41198c8c269193fa5356a29ae102cf63057569b,30057
r7k4ds630_v3.csv,6b418f07e4fc0485e6c14687f422d1d0e2a24ec782887240ccd7869ed0117ad9,30299
r7k4dt4dq_v3.csv,17732887370d7545b18a89afa0e93dc51bb01231469da591de09882b60d56255,30216
r7k4dw7nq_v3.csv,84cb86fbc45923a8c3e732307dd1c3b5fc32d2962e081dac1891ea0a1d81b43a,30113
r7k4dxcnj_v3.csv,006e611ad5493790899d8a372d92e2bdb04dc455b596cd5b44f23256220d21eb,29784
r7k4e36v9_v3.csv,298f530c47f8bf54bf8218dc7ca4235e992d520640abb44266bd373010e749fe,30128
r7k4e5qte_v3.csv,acece440f2e94139cd9b6057f38a60c951cbdd1ed761aa25f4032f6562d448cd,30724
r7k4ehtxs_v3.csv,4b294ad68f7971ea1598e7ef351d7c00223a90aed669bc7e6bac13003c40a694,29584
r7k4ejkmj_v3.csv,95faec4a1c676490a715ca207397005950401dbf64f89d784e28d3f5b6fedc4f,30442
r7k4fvcsf_v3.csv,7a2e9106ce6e52f85ff066d981da9ab678c516559c4fe6c9d76b92caa7c07e3b,29948
r7k4ghdvf_v3.csv,4128e9617b5b5e989623ed4ddcf118c53e4d1c53a8c84e2b987c69909ca072e8,30296
r7k4kq2c9_v3.csv,9f119b3e439c501934a1b4b4476e0827173f50c66a1d156cd6b63b6ec5096036,30254
r7k4njjx6_v3.csv,2c73907957e68e3ebcced8fc95f4684d1a8bcaa4da7bedf384d2807ce13eed7f,29841
r7k4vg3xx_v3.csv,4bbda60797a5dce4ddf2a1b636a131f00c015e922c7ec770ffc2db9b0c689a14,29771
r7k4y3v27_v3.csv,5f9d5780d40a5e7e650c251546a641f330a09c97f3b1f76572d3c2247debb9a3,30338
r7k4y4cnm_v3.csv,2e78a931ff0ff2b232a58eb8a370aaaa416e01b4bab5751ee798c72ab88889a6,30699
r7k4y4d46_v3.csv,1ddb2284e035070a2582703104d6a2e40e679ff22870da4e9bbfa32f3addf692,30073
r7k507qvx_v3.csv,074b06eb9d615ca80a9274de39785b525226baf8152ffded4f6f01154df0988f,30578
r7k50j1sj_v3.csv,c555dfa71911e6498246ff9dfde410f276d91e6b154d3c5b4e63b9765fcbfd2f,30540
r7k50k7yc_v3.csv,a427c2162660546380eeb48cac0a1b8d967002718bc106f1bee441e18f006ee2,30207
r7k50nqhm_v3.csv,577b25da3961c82825a02e67205c2d4e244bcece1efdaac875373ab94a69b0b8,30542
r7k510xrj_v3.csv,9f67ec0d07b6d8bd70c7a8d37385e52129048894e148cc2247b120a4f6f7cca0,30606
r7k56cne3_v3.csv,8ebf278db09485bb1c0a336c830c2025252b76a044d3cc5aa5a66ad2973ba503,29714
r7k57dsgs_v3.csv,373468521d6b3d76c355b22662cb504a5312add06df9a9db8cc93f0713487fcc,30852
r7k598t62_v3.csv,8b1cc3e3d806213307aa362715e000a3aa978daa4cd5bf49a94b2ec6cd6ec59b,29740
r7k5er8h5_v3.csv,cda44b791212c818b69395593a8b425aaf5cff7da44374392e553862aa5a19b7,30371
r7k5g2med_v3.csv,be6feabb7ce2179f92f75b4df55a2dc1b30a1a6682a814d08de51fe8ae4d3748,30248
r7k5g34ws_v3.csv,173ed39e1b1009beedf408a71a6130815b17f48608346eebbe7bd553b250d538,30312
r7k5g8q8p_v3.csv,e50981467444d271269372b3cf6fbbf487165dbdeb94b114de997bc4a1c87d2d,30418
r7k5gv33m_v3.csv,4486611a07a26477159e4df44875d2cf24ccfca36237077f1b3d627c5af67b0a,30448
r7k5gvd8s_v3.csv,10a552602a27fa57ce1c9cb0c6888b355d1566c9fa9bc2b31d05398dda02c91c,30376
r7k5k3vcf_v3.csv,301ab524717f971512abb9898ff52ac64751b0ae45c66f374fa1e28ee2ace8c2,29930
r7k5n5v3k_v3.csv,8e0f91f1d8fbc53e43c5e5bdd26bae96a7aa79992689d86ebfdaf0c86e4fb804,30299
r7k5uq06u_v3.csv,17716fa9fea017a89b95f7addf89b8cbc7627039f25ebc9f19a43eb5d2ca8c1d,29895
r7k5usm0v_v3.csv,f160899503be1c045628512e0d44b73230ee508d6dc785a83536e63af308bbbe,29989
r7k5utbvb_v3.csv,d2acc32fac75d3798c67ba64bf72d66eeb95133cfa03853b3dc3a180283a7b09,30173
r7k5uxuyt_v3.csv,41235f7a3b34413e2c771cbe0f46b20df7fc8ec9fb68161db5020bddaabd75bc,29915
r7k5xrgnj_v3.csv,4f7771e27fb403d54465c606cd7102b77ecdaee0953946eb6791576abfc2cc64,30034
r7k5xujfs_v3.csv,d8978771637b7f8928dd43293194c3aee04f2a0a9d10864c0dce4ef9ded26b15,29892
r7k5y03e1_v3.csv,9dc7fb6a4d9c28df9ef89a6cd77bfe2826305a37e01628a0430598acd8963abf,30527
r7k6c10gu_v3.csv,505b96fbfb7b07ae91d676d70a4c250d4dfea5d3b7e7aa40803c9d22dd2cfb3e,29779
r7k6c41nf_v3.csv,c4886446f7c71ee504e412164ffad0e6f77f85b968fd5c0f88c5d386c49d8fec,29869
r7k6c4uyb_v3.csv,127f916e255754913b2785388105abdd733bb9c27ecdac9a586e0cb4eee297d8,30174
r7k6ujcdk_v3.csv,0fbbcd600855847ab8fdae932addda413af1e7b68a833845ffdb531dbb8c62d5,29399
r7k6ujs7f_v3.csv,96528ce5d8950859bb55ad9485516e56efe9f00333266d8978285ad71956e4ba,29659
r7k6uxmc6_v3.csv,d75ffb73369e1df4b8fb471cc5f40cb46df948c631f858a11187c4113d45eacd,30096
r7k6wv74k_v3.csv,9d0ad6f38810e18eb7cdf2a74048ee7617d8ca116ba1c577607430c028137332,38898
r7k6wwx5v_v3.csv,5a276bf26acba8c414b23777f1959e4b9a339e06e088935e1008b3bdef804453,36855
r7k6y2nw2_v3.csv,b0571b0c5c0721c4caff4030d120eb022e3d53de482d6bd814daa2c936a5e643,34117
r7k6ydzqp_v3.csv,f6d076c13e125d4ab4889e464c0aa84b63719cf6851a2c906ba593061a9c567b,36236
r7k6z22q7_v3.csv,44b3dbf73b32b37d98d765cad4f36f463d6ebf9773fe5d4aec3ca1323b84da20,41685
r7k791t72_v3.csv,8440f0ddec5280166bde5876ed2f98e953bbcb9424aa0a4b5bbb01a4153346d3,30608
r7k7gtf7g_v3.csv,7cb7bf7f98b342b6376e2d636a6df257c7210679ac61d7e7b1a83b99ffe313f6,30073
r7k7hkrmk_v3.csv,6ca463e37618828bf1ee43fc390856d2a9a6863dda7aaeaa403b5ba351b49f88,30512
r7k7kdvmn_v3.csv,e84daa9f65c5426ca308e523790c2a32412af8651cb7fa8891292f4e30f3994e,30207
r7k7kg91c_v3.csv,6824ad195aca69bd1039354f2070e3170968e5ae207b6a931b258a3e311b62ff,29741
r7k7ks572_v3.csv,51ed4fe81b1360a19bd34258b56d57561eee0b00964f0e0efd14f1f3bf992266,29772
r7k7m527w_v3.csv,d5c4754d873d1c4021c930a39837844d0ab952481d6b8b2ef93d1b21af6f8c77,30176
r7k7mcs72_v3.csv,1fcd6be77cc86618970f05b5fca28d0cec52829e6e68f4f5391ac50161367b56,30583
r7k7mdwqv_v3.csv,2b038cbe4042a4328ed8d40134ebe0621062c3b9cbd9c76628e9b91735a50903,29955
r7k7mhned_v3.csv,1afb1e2da35a7c61f3f5a2db2602f88c2ece2f9d36006318c9b30c21e799da4d,30435
r7k7puu9s_v3.csv,94105b56503b79b2b33a5cfab45198269b8fe2dd7c61c7a2df6704b640fdfb89,43169
r7k7pv1nn_v3.csv,144b7e1ca069146e7e6ccdad6d6df210cb4093a642850d2ad887a27ba7f17e3c,42978
r7k7q4cr5_v3.csv,15a13579bb77dc52021e1816b057081963fb6728a25c40f4c38682bbec73a877,30528
r7k7r9trw_v3.csv,3ece6be66e250d88c161202d560f1920021e4838a0da181c3a3339657de14539,40243
r7k7rdtwu_v3.csv,2891ddd8d63a07741ddc55697462813fe814c2c3bec6d6d2f79e5dec656b76d6,40458
r7k7rrt12_v3.csv,2d6d1eddcfda043fbf8c098f193d05e10c82267724458b80121b55aaa3351c8f,36003
r7k7rtejg_v3.csv,85b138935e40dbb82215f9ad25b4f66c9f64c85d92dd7c80a894a9d3a83fe0b8,38261
r7k7rw0m4_v3.csv,59ea954f18240b0cd4f8bac4d96377237ad85029c7660e5582c89250b506c2a8,37282
r7k7sewzd_v3.csv,ec00f61aa36399273bd9a441b7d6afa954115619cfed365b85ea062f3ac0a54f,30148
r7k7t2uww_v3.csv,dc3b0046d57f14ee27f4497c41a54ff2b7aa3ea698c536948d09994903b3c98d,30245
r7k7t9d73_v3.csv,a204744069f6be0890b78b43d7ecad89855385f37cebdb58bb7c25b236652e63,30530
r7k7tz5r5_v3.csv,02cf5e83a7a2155a313f6fe9e8a2ef3507310efdb00876512f9a90075b950b7f,30241
r7k7vvkpq_v3.csv,227b902644f8e968a31e46afc75d82f862157a338f8fcf0706d5481f2b7aba7c,30120
r7k7wefn5_v3.csv,c17439a44c8364a3ecc6fc75b59958dbb78d2356b21856ac8619e6e96937d5af,31396
r7k7wmmbz_v3.csv,e1e8fd379ca1fae507fc53295297e8306a4a6f01d4b169594eb6be5c04b9126a,30826
r7k7wwrmp_v3.csv,02332fc02f56ffe42b82afa2e05cef2fc310ed2fb25e7daa5be447b224cb7719,30944
r7k7wxjd3_v3.csv,f1bafc2d0d4b8e0f35790c4faa243f2891ef96d5d98c6f8d53325cafc55df57e,30661
r7k7wxsyf_v3.csv,7b66fe493f345e6439294cfd6b2d0875721d042fd1a0e12d52f6e2ebd8cc5f40,30116
r7k7wygnf_v3.csv,c9438769209138a77e44e9cd75d0f13f6fab50ee67df8b19283d7a79c7a506fc,31577
r7k7wzv6e_v3.csv,e99c920a797527bf29c5ae37336f3751dfbf2129862e38e9159edd2e036747af,30690
r7k7x284z_v3.csv,4efa4ff2390c7d7bff9ff30628923e2063e40b7a740549b18b15ec5a0d3747f5,34380
r7k7x2cbz_v3.csv,6d3c118e5377b41e1f2a7f1dd532874e2ec0dbc21c1dd7b9ac812e575ef90038,33783
r7k7x2qm3_v3.csv,a17129dfee8fc8de5bb2d519390ce785f19d4a72f540acfa2a99212cb75567be,35651
r7k7xbec1_v3.csv,f48b51a4add7f2820ea0e5ba7c79c2e8ca6aef3f48af78be4b8c17aafeabbd75,39794
r7k7xn8tx_v3.csv,d6d4c94345ced72af3a89b661c3d14e7ec042d4431cd8c8277451e8a54bb862d,30704
r7k7xxrzp_v3.csv,3c7c653ea600d9b0c80b491ce97c4d57f45bd6fbb9f11c670519be46b3d94b77,37517
r7k7xzx9z_v3.csv,843b87a7af115e997b48c3f25ab567472c90d7dba19867b484fb55b3115e6f10,39132
r7k7y8b0t_v3.csv,50ab0d5d98dde93439135f7cd13fc568b365ad45f9e6fa12642531e4bd13047d,30433
r7k7y9173_v3.csv,6d12a15810e6fb2a58107757cf770103b4632784d77740bf883423fa37fb7e7a,30360
r7k7y9dr1_v3.csv,00a44de870f8080fb667bae2eb9433cb893d19a3f7af206a7820bf6158787b36,30131
r7k7yd6fk_v3.csv,aef1c7fd09fc75f6272c9e9db39f2f74c27d0705a31b63e2731f3364acc7b83e,30243
r7k7ye1g9_v3.csv,71e77d5b0fbd2531413a985b97561a62bf6e5b60e7894755448ed7052fc0d983,29953
r7k7yec16_v3.csv,4311f5ea10330ba8cc3637c042c7db79d6c3b8f1ba141dd2b7e67ec8ff87e879,30668
r7k7yhtqz_v3.csv,175abf113fe42167f0e5b11c68c2daf2877b79d3b6411bd0f1203e920814ca82,30192
r7k7yjhgh_v3.csv,ab065dcf4928ad2733b9b2e17d95a1dbe23706ded30d9f2f81ebbdb07d631369,29852
r7k7yk4um_v3.csv,563fd5dc26bc79b6d63d11c175991d0a016029005b77c545ec71ce0a50951602,30067
r7k7yks2w_v3.csv,a660af67e18dd576319a1f4d9ed74a86da85efc10b8a4383d4e1becd5198813e,30353
r7k7yn5t2_v3.csv,9577cf6e172e3437b41fcbf0bf7502e62514f2548205ae6ac6e6efe47ab8bd2b,29416
r7k7yp9gg_v3.csv,f906fb23d201b644926ee5af976f4f84e61172048018d1cd11458b8aa16e90e2,29650
r7k7yq8vg_v3.csv,acc66ab4812858d4b740e59c15eb9843cd49fe8fbfd5654bbc0a9786f22dedf8,30329
r7k7ys393_v3.csv,028f93877669714d5562292608a5f624ac90440964224bd54b34d2df8e6884f0,30096
r7k7ysbtx_v3.csv,c80954081f3610005ebfa1dd982194db976cc6436d0063285a5fb2bbb39d1a94,30363
r7k7ysfk8_v3.csv,b42ee7301bf902c5ae4a3ed8652f08d5695d19c9a22384ca93d31f1a6a6bc4d9,29964
r7k7yt1qw_v3.csv,8565a5cd5e8518eaaaee136b95bd11fb6da99016e521fc0ba8c96a2c203253d6,30127
r7k7zbu34_v3.csv,19ce165cf1da1d1e7469ee0747f7326176223f63576eac80f0144d8a5f537ac3,37597
r7k90ng6t_v3.csv,19dbf3f27b0139d06d3463bc5780dbe249ff3ae8e362f02ba5771094fe9aba0c,60722
r7kdb49sg_v3.csv,b1a2cd498b4d9942f7b2c2a3d744331dbec376203c41f3cbd179e545514e1795,45902
r7ke05vm8_v3.csv,00720724b02a480e5a87f655cc7db0869d2e9516d558aab7657e07f14873396d,44911
r7ke2p3gt_v3.csv,6e387f87c135fafe986fd5c5389e99e63c6aebd93306a63fb3d7326a951312f3,41978
r7ke84vfg_v3.csv,c32650db2971fd8f8206db589688082a3ce6cfa9a86766e7c07994d3ccd70c3a,41964
r7kkh36qb_v3.csv,02b871c790da552123bf969bb1bf7c4b150066ef508ccb659d576b3d63bfd23d,30095
r7kkh62t8_v3.csv,d05133457c7a9158a9b787bed32d32959998c9acc01437db87a9ecd5425989f2,30053
r7kkn0vmy_v3.csv,5c511191367695d2054d0fa31dd1c770b3619a77e6f3d86101dc615d7da6d886,29788
r7kkn1gxp_v3.csv,1aca416211196f56832310a190014c332b1905cb8636cea26a4b8c4dae7762b0,29565
r7kkn1vcj_v3.csv,260f3294ad0db831223491cb69001f99713e1b08bacae38e01073c35702d9cf4,30070
r7kkn1xj6_v3.csv,0823fc14c07f51889a864df0bcad547e50041cc84b53f17092e5394c5284f361,30679
r7kkn47q1_v3.csv,5de220d7706ba191af5464fa085fa864070a86de0ed23d88c017c5c8da303269,30207
r7kkp3mq3_v3.csv,a181282f73264160c1f3623f4b518a406fea78120dc76ea8b3171cc3d7de35a4,32103
r7kkp84x3_v3.csv,c66c9b20a111d74a223ef7645b93e1f6178592f9948ca6d16cacb76d993b6f5f,33409
r7ks03kz3_v3.csv,0c67e964ed2d6539acb37e030f6c72206addcd4b6abbbc5bb43219874b838328,40025
